contact_key,match_token,display_name
SA_20b0fcd592c48c,SYN_879f0ccae5c2f09c,Synthetic Prof 0001
SA_fd1700c2b278e2,SYN_7f5961528c032d25,Synthetic Prof 0002
SA_b1135a428e2843,SYN_d745f5436d402a40,Synthetic Prof 0003
SA_82d66203b68113,SYN_50265379c53d6581,Synthetic Prof 0004
SA_df8ed0f678f9b5,SYN_f226902f1f327737,Synthetic Prof 0005
SA_a1f060f04aba95,SYN_85cbfbc52a3acafb,Synthetic Prof 0006
SA_168c3975fcf876,SYN_4d84bc70d6e9867c,Synthetic Prof 0007
SA_ebe09ad96d8da2,SYN_558567563994d0d9,Synthetic Prof 0008
SA_1033be66a89fd0,SYN_c2df79a40dca3027,Synthetic Prof 0009
SA_01d39d2c1d0765,SYN_540d46d98623da0b,Synthetic Prof 0010
SA_a0a592edba5dd0,SYN_cf72d06a78bee634,Synthetic Prof 0011
SA_e06b9de5993258,SYN_22b36e95c6f4a909,Synthetic Prof 0012
SA_c4b251c9103cd4,SYN_54554ea6caefca2c,Synthetic Prof 0013
SA_6d95b4c7ba376b,SYN_c5a14d5fcad75699,Synthetic Prof 0014
SA_3c50ff8b5fe17e,SYN_70b62d5aa1f0ad24,Synthetic Prof 0015
SA_c4f21d08a5ed90,SYN_bfd04e65bab8d9d2,Synthetic Prof 0016
SA_d7d78e5b061697,SYN_0b1fcdbfcf86f28d,Synthetic Prof 0017
SA_8f3e93e471316f,SYN_a93a4a133ab1f1c4,Synthetic Prof 0018
SA_9f7aaa88968dab,SYN_b7bdebb90a9e1b7f,Synthetic Prof 0019
SA_c178467ceaa752,SYN_25d4030fa2fa69eb,Synthetic Prof 0020
SA_491a102550063b,SYN_44acf019b2d5bd1d,Synthetic Prof 0021
SA_67982842729914,SYN_308e13b838c20dbf,Synthetic Prof 0022
SA_06227686d58c61,SYN_4a3b93766cf635a8,Synthetic Prof 0023
SA_f80c9d2bea43c9,SYN_beb6994b20fd59ff,Synthetic Prof 0024
SA_f66fbf35fe5242,SYN_c29819f7907ee5a0,Synthetic Prof 0025
SA_0353898baefc94,SYN_202ad262a45fd611,Synthetic Prof 0026
SA_9416db321f016f,SYN_61f42d39773d3e16,Synthetic Prof 0027
SA_dfbc47a7b5aefb,SYN_64c9377198edf88d,Synthetic Prof 0028
SA_a41d3514aebb18,SYN_4acb94eafabce9af,Synthetic Prof 0029
SA_e348dea9270abe,SYN_f64f47f69b8b0eb5,Synthetic Prof 0030
SA_031547434aa228,SYN_3c5e4db96f348bcb,Synthetic Prof 0031
SA_edfd7cbf7058af,SYN_eaecb6c9bbfbbfbe,Synthetic Prof 0032
SA_7afd02c57f3e04,SYN_de8030e1387c25ed,Synthetic Prof 0033
SA_bbf2ee84a7b6b0,SYN_e6ab169b2c94957d,Synthetic Prof 0034
SA_0304fbce0dcbc5,SYN_2fb277e101c17426,Synthetic Prof 0035
SA_649b503b243711,SYN_4def9600d7968d52,Synthetic Prof 0036
SA_412af5acef0178,SYN_0f8f61bfb1115063,Synthetic Prof 0037
SA_59dcff15fa0dfc,SYN_16358ebefcf0a3a7,Synthetic Prof 0038
SA_760ec0fbeaf3fc,SYN_05b3cb4a4a42ffaa,Synthetic Prof 0039
SA_1b8419a8f284c9,SYN_437f0756284d2f54,Synthetic Prof 0040
SA_6e49dfe2c14252,SYN_4196f2f0bb95a2e9,Synthetic Prof 0041
SA_4349f162458661,SYN_0c8d29e2590e1701,Synthetic Prof 0042
SA_00f7b378b43d19,SYN_347589795323228f,Synthetic Prof 0043
SA_1ec48773ba8f01,SYN_abdad37ca639abfc,Synthetic Prof 0044
SA_84e3b2dfb3e47f,SYN_e7c65e8582602e77,Synthetic Prof 0045
SA_fd4c89f2c059e4,SYN_4b34193b5ef3dd52,Synthetic Prof 0046
SA_d197634c3a5a4c,SYN_01e82d09a4faa8bf,Synthetic Prof 0047
SA_54ad4ac736f4a8,SYN_43e912cc3b2c2d46,Synthetic Prof 0048
SA_fcbeda68ae14d9,SYN_27dd183e5926902d,Synthetic Prof 0049
SA_4cdf41b41875af,SYN_44271fc193353d5d,Synthetic Prof 0050
SA_0bfdc11dcfb844,SYN_33a1a799263cb548,Synthetic Prof 0051
SA_c8039aef942ce5,SYN_9be1a3c3f4563474,Synthetic Prof 0052
SA_88b38fb4cb78fa,SYN_433ddd1561233d5d,Synthetic Prof 0053
SA_e3f7e527efa085,SYN_49d66d91d11fec99,Synthetic Prof 0054
SA_a96d14b7328a09,SYN_9301d6722fa5331d,Synthetic Prof 0055
SA_d6da4188cdd518,SYN_1f13b32627a23ddb,Synthetic Prof 0056
SA_bea4679cb8b105,SYN_ae627b08b70385c6,Synthetic Prof 0057
SA_7d5c6516cf0c7e,SYN_8acd0961d0c48507,Synthetic Prof 0058
SA_4ec9e5aad22a62,SYN_4a9425fe7f1bc34b,Synthetic Prof 0059
SA_6ad0beea0d23c9,SYN_fd290ad0e2b16e53,Synthetic Prof 0060
SA_2a3e0e978ab18c,SYN_2e7f519027ff9288,Synthetic Prof 0061
SA_97d2318c850618,SYN_1e5e53d5684af466,Synthetic Prof 0062
SA_be537b1f42d59c,SYN_1b780bb7dedf9396,Synthetic Prof 0063
SA_6cf5ec3a58830e,SYN_4b2884a640e68ed1,Synthetic Prof 0064
SA_57eebf80605499,SYN_e9ddf0d245ecf671,Synthetic Prof 0065
SA_693beaf33de779,SYN_ac3d4c3ef350e2e5,Synthetic Prof 0066
SA_337c994125a861,SYN_f520fb97187b3271,Synthetic Prof 0067
SA_98aec15b508988,SYN_96f1d188f03a33cf,Synthetic Prof 0068
SA_bcb6c6fcb37d28,SYN_a9290674a0d0f097,Synthetic Prof 0069
SA_aa72ab05209a9e,SYN_588217cfe781eda5,Synthetic Prof 0070
SA_560693c1074d95,SYN_4ea627d3de35a150,Synthetic Prof 0071
SA_457356d015ce5d,SYN_6e7ab083cd50878f,Synthetic Prof 0072
SA_e524ffe653d45b,SYN_c5bd288cab00f20d,Synthetic Prof 0073
SA_6651e6f633a403,SYN_fb7edbf8a96500ca,Synthetic Prof 0074
SA_51917e3a0652fa,SYN_98f9e5387e9025d5,Synthetic Prof 0075
SA_ea1d946754a779,SYN_1f80f0d1dee3ce83,Synthetic Prof 0076
SA_3fefe970e001a2,SYN_592b44315529cc8b,Synthetic Prof 0077
SA_b9613cd1c9494c,SYN_1edbe91858f0de60,Synthetic Prof 0078
SA_bf8e6e7643551a,SYN_dd45efe7de6514fd,Synthetic Prof 0079
SA_364fd1c1537816,SYN_1629b6942cb164e7,Synthetic Prof 0080
SA_284f795a8fb512,SYN_8424ca9a7c5f4262,Synthetic Prof 0081
SA_aaa581c285fdd8,SYN_7dc19f1ec5994d9b,Synthetic Prof 0082
SA_afb6e29f752b5c,SYN_ca614d892ad730b3,Synthetic Prof 0083
SA_547dd4b263d599,SYN_a6768d863dbc18f2,Synthetic Prof 0084
SA_4984d885a63b5a,SYN_421a1b15acf3751d,Synthetic Prof 0085
SA_a585d8d85dce2b,SYN_68fd9abcd14cfd0d,Synthetic Prof 0086
SA_aa7d262cb0249d,SYN_cf0b535b0a3482fa,Synthetic Prof 0087
SA_e6e07bdf482667,SYN_ed1211e65a735ea4,Synthetic Prof 0088
SA_a1c3925277ca65,SYN_898e49b5715e609c,Synthetic Prof 0089
SA_ef74b61732767b,SYN_e63a077bc29e9cec,Synthetic Prof 0090
SA_a1779671cb66b2,SYN_1b129cb6842420a8,Synthetic Prof 0091
SA_4bc76193999ef6,SYN_ac5f39ed701780cc,Synthetic Prof 0092
SA_1b7bb47932589c,SYN_c7dd642194168546,Synthetic Prof 0093
SA_250a6c38617716,SYN_565692187b8cf585,Synthetic Prof 0094
SA_45d6cd8afc262b,SYN_4e1ac7e87e852895,Synthetic Prof 0095
SA_178c16824d579b,SYN_c17251ea3a3c3253,Synthetic Prof 0096
SA_d8c9aaaddd7ef6,SYN_c385c4e0bca4772e,Synthetic Prof 0097
SA_54bafc77a7d18b,SYN_a6a37ecd7b8f5262,Synthetic Prof 0098
SA_28778d527a559d,SYN_e07245a874f50dd9,Synthetic Prof 0099
SA_7bd2ae8d4b0459,,Synthetic Prof 0100
