asset_id,contract_id,contract_version,layer,name,physical_name,grain,owner,classification,status
urn:pharma:source:iqvia_like/affiliation,pharma.commercial.source,0.2.0,source,iqvia_like/affiliation,raw_iqvia_like_affiliation,initial snapshot plus explicit event/interval history,Pharma commercial data product,synthetic,proposed
urn:pharma:source:iqvia_like/organisation,pharma.commercial.source,0.2.0,source,iqvia_like/organisation,raw_iqvia_like_organisation,initial snapshot plus explicit event/interval history,Pharma commercial data product,synthetic,proposed
urn:pharma:source:iqvia_like/product,pharma.commercial.source,0.2.0,source,iqvia_like/product,raw_iqvia_like_product,initial snapshot plus explicit event/interval history,Pharma commercial data product,synthetic,proposed
urn:pharma:source:iqvia_like/provider,pharma.commercial.source,0.2.0,source,iqvia_like/provider,raw_iqvia_like_provider,initial snapshot plus explicit event/interval history,Pharma commercial data product,synthetic,proposed
urn:pharma:source:iqvia_like/rx_weekly,pharma.commercial.source,0.2.0,source,iqvia_like/rx_weekly,raw_iqvia_like_rx_weekly,versioned append,Pharma commercial data product,synthetic,proposed
urn:pharma:source:manual/territory_mapping,pharma.commercial.source,0.2.0,source,manual/territory_mapping,raw_manual_territory_mapping,initial snapshot plus explicit event/interval history,Pharma commercial data product,synthetic,proposed
urn:pharma:source:salesforce_like/campaign,pharma.commercial.source,0.2.0,source,salesforce_like/campaign,raw_salesforce_like_campaign,initial snapshot plus explicit event/interval history,Pharma commercial data product,synthetic,proposed
urn:pharma:source:salesforce_like/campaign_member,pharma.commercial.source,0.2.0,source,salesforce_like/campaign_member,raw_salesforce_like_campaign_member,initial snapshot plus explicit event/interval history,Pharma commercial data product,synthetic,proposed
urn:pharma:source:salesforce_like/consent,pharma.commercial.source,0.2.0,source,salesforce_like/consent,raw_salesforce_like_consent,initial snapshot plus explicit event/interval history,Pharma commercial data product,synthetic,proposed
urn:pharma:source:salesforce_like/contact,pharma.commercial.source,0.2.0,source,salesforce_like/contact,raw_salesforce_like_contact,initial snapshot plus explicit event/interval history,Pharma commercial data product,synthetic,proposed
urn:pharma:source:veeva_like/activity,pharma.commercial.source,0.2.0,source,veeva_like/activity,raw_veeva_like_activity,versioned append,Pharma commercial data product,synthetic,proposed
urn:pharma:source:veeva_like/activity_product,pharma.commercial.source,0.2.0,source,veeva_like/activity_product,raw_veeva_like_activity_product,versioned append,Pharma commercial data product,synthetic,proposed
urn:pharma:source:veeva_like/customer,pharma.commercial.source,0.2.0,source,veeva_like/customer,raw_veeva_like_customer,initial snapshot plus explicit event/interval history,Pharma commercial data product,synthetic,proposed
urn:pharma:source:veeva_like/staff,pharma.commercial.source,0.2.0,source,veeva_like/staff,raw_veeva_like_staff,initial snapshot plus explicit event/interval history,Pharma commercial data product,synthetic,proposed
urn:pharma:source:veeva_like/territory,pharma.commercial.source,0.2.0,source,veeva_like/territory,raw_veeva_like_territory,initial snapshot plus explicit event/interval history,Pharma commercial data product,synthetic,proposed
urn:pharma:canonical:organisation,pharma.commercial.canonical,0.2.0,canonical,organisation,canonical_organisation,one public-source-derived organisation version or interval per snapshot,Pharma commercial data product,synthetic,proposed
urn:pharma:canonical:affiliation,pharma.commercial.canonical,0.2.0,canonical,affiliation,canonical_affiliation,one public-source-derived affiliation version or interval per snapshot,Pharma commercial data product,synthetic,proposed
urn:pharma:canonical:representative,pharma.commercial.canonical,0.2.0,canonical,representative,canonical_representative,one public-source-derived representative version or interval per snapshot,Pharma commercial data product,synthetic,proposed
urn:pharma:canonical:customer,pharma.commercial.canonical,0.2.0,canonical,customer,canonical_customer,one public-source-derived customer version or interval per snapshot,Pharma commercial data product,synthetic,proposed
urn:pharma:canonical:product_interval,pharma.commercial.canonical,0.2.0,canonical,product_interval,canonical_product_interval,one public-source-derived product interval version or interval per snapshot,Pharma commercial data product,synthetic,proposed
urn:pharma:canonical:territory,pharma.commercial.canonical,0.2.0,canonical,territory,canonical_territory,one public-source-derived territory version or interval per snapshot,Pharma commercial data product,synthetic,proposed
urn:pharma:canonical:interaction_version,pharma.commercial.canonical,0.2.0,canonical,interaction_version,canonical_interaction_version,one public-source-derived interaction version version or interval per snapshot,Pharma commercial data product,synthetic,proposed
urn:pharma:canonical:interaction_product,pharma.commercial.canonical,0.2.0,canonical,interaction_product,canonical_interaction_product,one public-source-derived interaction product version or interval per snapshot,Pharma commercial data product,synthetic,proposed
urn:pharma:canonical:consent_event,pharma.commercial.canonical,0.2.0,canonical,consent_event,canonical_consent_event,one public-source-derived consent event version or interval per snapshot,Pharma commercial data product,synthetic,proposed
urn:pharma:canonical:customer_territory,pharma.commercial.canonical,0.2.0,canonical,customer_territory,canonical_customer_territory,one public-source-derived customer territory version or interval per snapshot,Pharma commercial data product,synthetic,proposed
urn:pharma:canonical:campaign,pharma.commercial.canonical,0.2.0,canonical,campaign,canonical_campaign,one public-source-derived campaign version or interval per snapshot,Pharma commercial data product,synthetic,proposed
urn:pharma:canonical:campaign_member,pharma.commercial.canonical,0.2.0,canonical,campaign_member,canonical_campaign_member,one public-source-derived campaign member version or interval per snapshot,Pharma commercial data product,synthetic,proposed
urn:pharma:canonical:rx_version,pharma.commercial.canonical,0.2.0,canonical,rx_version,canonical_rx_version,one public-source-derived rx version version or interval per snapshot,Pharma commercial data product,synthetic,proposed
urn:pharma:pipeline:s01_engagement,pharma.commercial.pipeline,0.2.0,pipeline,s01_engagement,pipeline_s01_engagement,one currently consented approved interaction per reporting snapshot,Pharma commercial data product,synthetic,proposed
urn:pharma:pipeline:s02_product_activity,pharma.commercial.pipeline,0.2.0,pipeline,s02_product_activity,pipeline_s02_product_activity,one customer/product/activity date per reporting snapshot,Pharma commercial data product,synthetic,proposed
urn:pharma:pipeline:s03_customer_territory,pharma.commercial.pipeline,0.2.0,pipeline,s03_customer_territory,pipeline_s03_customer_territory,one active approved customer per reporting snapshot,Pharma commercial data product,synthetic,proposed
urn:pharma:pipeline:s04_interaction,pharma.commercial.pipeline,0.2.0,pipeline,s04_interaction,pipeline_s04_interaction,one accepted latest nondeleted CRM activity per reporting snapshot,Pharma commercial data product,synthetic,proposed
urn:pharma:pipeline:s05_campaign,pharma.commercial.pipeline,0.2.0,pipeline,s05_campaign,pipeline_s05_campaign,one enrolled customer/campaign; explicit zero contact retained per reporting snapshot,Pharma commercial data product,synthetic,proposed
urn:pharma:pipeline:exceptions,pharma.commercial.pipeline,0.2.0,pipeline,exceptions,pipeline_exceptions,one distinct scenario/record/reason per reporting snapshot,Pharma commercial data product,synthetic,proposed
urn:pharma:pipeline:dq,pharma.commercial.pipeline,0.2.0,pipeline,dq,pipeline_dq,one scenario/scope quality rate per reporting snapshot,Pharma commercial data product,synthetic,proposed
urn:pharma:consumption:s01_engagement,pharma.commercial.consumption,0.2.0,consumption,s01_engagement,consumption_s01_engagement,one currently consented approved interaction per reporting snapshot,Pharma commercial data product,synthetic,proposed
urn:pharma:consumption:s02_product_activity,pharma.commercial.consumption,0.2.0,consumption,s02_product_activity,consumption_s02_product_activity,one customer/product/activity date per reporting snapshot,Pharma commercial data product,synthetic,proposed
urn:pharma:consumption:s03_customer_territory,pharma.commercial.consumption,0.2.0,consumption,s03_customer_territory,consumption_s03_customer_territory,one active approved customer per reporting snapshot,Pharma commercial data product,synthetic,proposed
urn:pharma:consumption:s04_interaction,pharma.commercial.consumption,0.2.0,consumption,s04_interaction,consumption_s04_interaction,one accepted latest nondeleted CRM activity per reporting snapshot,Pharma commercial data product,synthetic,proposed
urn:pharma:consumption:s05_campaign,pharma.commercial.consumption,0.2.0,consumption,s05_campaign,consumption_s05_campaign,one enrolled customer/campaign; explicit zero contact retained per reporting snapshot,Pharma commercial data product,synthetic,proposed
urn:pharma:consumption:exceptions,pharma.commercial.consumption,0.2.0,consumption,exceptions,consumption_exceptions,one distinct scenario/record/reason per reporting snapshot,Pharma commercial data product,synthetic,proposed
urn:pharma:consumption:dq,pharma.commercial.consumption,0.2.0,consumption,dq,consumption_dq,one scenario/scope quality rate per reporting snapshot,Pharma commercial data product,synthetic,proposed
urn:pharma:visualization:scenario_scorecard,pharma.commercial.visualization,0.2.1,visualization,scenario_scorecard,visualization_scenario_scorecard,one scenario/scope scorecard per logical checkpoint; ratio counts retained,Pharma commercial data product,synthetic,proposed
