affiliation_key,provider_key,organisation_key,relationship_type,is_primary,effective_from,effective_to
AFF-000001,IQ_9738f9711a47cf,IQ_3cd7d4076079ab,PRACTISES_AT,true,2026-07-18,
AFF-000002,IQ_7d957caf585d5f,IQ_f6cacb7e934952,PRACTISES_AT,true,2026-07-18,
AFF-000003,IQ_a1f14c57569bd9,IQ_75c4467372fc37,PRACTISES_AT,true,2026-07-18,
AFF-000004,IQ_2d137fa0b8b6ac,IQ_569d6b5bd515f1,PRACTISES_AT,true,2026-07-18,
AFF-000005,IQ_c0d0da0755d27e,IQ_6bebe7fbfea968,PRACTISES_AT,true,2026-07-18,
AFF-000006,IQ_19497683e93201,IQ_57f9de8d76490a,PRACTISES_AT,true,2026-07-18,
AFF-000007,IQ_9cfab99c88ecfa,IQ_5646a65a595eb9,PRACTISES_AT,true,2026-07-18,
AFF-000008,IQ_eeb2a0b0f2ecd8,IQ_77ae0cc08e8ca8,PRACTISES_AT,true,2026-07-18,
AFF-000009,IQ_c0c5a4a429739c,IQ_dc4bffa1d68c99,PRACTISES_AT,true,2026-07-18,
AFF-000010,IQ_2220dc90360c82,IQ_0eae1946d45ad7,PRACTISES_AT,true,2026-07-18,
AFF-000011,IQ_f8746fa6d8ac04,IQ_9ac3f69d3ed0be,PRACTISES_AT,true,2026-07-18,
AFF-000012,IQ_fb9c5e296c0d40,IQ_7e12619e59e725,PRACTISES_AT,true,2026-07-18,
AFF-000013,IQ_91142399c21c7e,IQ_3cd7d4076079ab,PRACTISES_AT,true,2026-07-18,
AFF-000014,IQ_3a78b487cced5b,IQ_f6cacb7e934952,PRACTISES_AT,true,2026-07-18,
AFF-000015,IQ_8e278d5ba4c860,IQ_75c4467372fc37,PRACTISES_AT,true,2026-07-18,
AFF-000016,IQ_728f393240bb1d,IQ_569d6b5bd515f1,PRACTISES_AT,true,2026-07-18,
AFF-000017,IQ_e35dbf91fb46f8,IQ_6bebe7fbfea968,PRACTISES_AT,true,2026-07-18,
AFF-000018,IQ_8ee2ef868089f8,IQ_57f9de8d76490a,PRACTISES_AT,true,2026-07-18,
AFF-000019,IQ_bee67dd5b938ba,IQ_5646a65a595eb9,PRACTISES_AT,true,2026-07-18,
AFF-000020,IQ_92030316fdcdfe,IQ_77ae0cc08e8ca8,PRACTISES_AT,true,2026-07-18,
AFF-000021,IQ_2f504035abf7db,IQ_dc4bffa1d68c99,PRACTISES_AT,true,2026-07-18,
AFF-000022,IQ_e552f1ddf030fb,IQ_0eae1946d45ad7,PRACTISES_AT,true,2026-07-18,
AFF-000023,IQ_f07eaf14e693a5,IQ_9ac3f69d3ed0be,PRACTISES_AT,true,2026-07-18,
AFF-000024,IQ_f51ff3278100d8,IQ_7e12619e59e725,PRACTISES_AT,true,2026-07-18,
AFF-000025,IQ_b129f52b9e347e,IQ_3cd7d4076079ab,PRACTISES_AT,true,2026-07-18,
AFF-000026,IQ_b8a09904e4cc44,IQ_f6cacb7e934952,PRACTISES_AT,true,2026-07-18,
AFF-000027,IQ_6e99471b5ac975,IQ_75c4467372fc37,PRACTISES_AT,true,2026-07-18,
AFF-000028,IQ_39a96fcf75a9a5,IQ_569d6b5bd515f1,PRACTISES_AT,true,2026-07-18,
AFF-000029,IQ_a6d0c3c9f640d2,IQ_6bebe7fbfea968,PRACTISES_AT,true,2026-07-18,
AFF-000030,IQ_98b4c8755fecdb,IQ_57f9de8d76490a,PRACTISES_AT,true,2026-07-18,
AFF-000031,IQ_d2fdc3f4fb6963,IQ_5646a65a595eb9,PRACTISES_AT,true,2026-07-18,
AFF-000032,IQ_63e125117381f1,IQ_77ae0cc08e8ca8,PRACTISES_AT,true,2026-07-18,
AFF-000033,IQ_90eb0591b897d4,IQ_dc4bffa1d68c99,PRACTISES_AT,true,2026-07-18,
AFF-000034,IQ_9fb9d375951c9f,IQ_0eae1946d45ad7,PRACTISES_AT,true,2026-07-18,
AFF-000035,IQ_43970e05028a71,IQ_9ac3f69d3ed0be,PRACTISES_AT,true,2026-07-18,
AFF-000036,IQ_d7ec2fb9c64928,IQ_7e12619e59e725,PRACTISES_AT,true,2026-07-18,
AFF-000037,IQ_9360e3fed994a8,IQ_3cd7d4076079ab,PRACTISES_AT,true,2026-07-18,
AFF-000038,IQ_abdd6f3d6ea2f9,IQ_f6cacb7e934952,PRACTISES_AT,true,2026-07-18,
AFF-000039,IQ_cd3263114f74aa,IQ_75c4467372fc37,PRACTISES_AT,true,2026-07-18,
AFF-000040,IQ_421f576734aa70,IQ_569d6b5bd515f1,PRACTISES_AT,true,2026-07-18,
AFF-000041,IQ_36ada5c15a6636,IQ_6bebe7fbfea968,PRACTISES_AT,true,2026-07-18,
AFF-000042,IQ_73a7e08f759536,IQ_57f9de8d76490a,PRACTISES_AT,true,2026-07-18,
AFF-000043,IQ_dc42615e10696d,IQ_5646a65a595eb9,PRACTISES_AT,true,2026-07-18,
AFF-000044,IQ_d18d2fb59cfe6e,IQ_77ae0cc08e8ca8,PRACTISES_AT,true,2026-07-18,
AFF-000045,IQ_3adc52fba19d98,IQ_dc4bffa1d68c99,PRACTISES_AT,true,2026-07-18,
AFF-000046,IQ_5e8494388814b7,IQ_0eae1946d45ad7,PRACTISES_AT,true,2026-07-18,
AFF-000047,IQ_f412bc7dfa9020,IQ_9ac3f69d3ed0be,PRACTISES_AT,true,2026-07-18,
AFF-000048,IQ_f8f7bb250ca8f2,IQ_7e12619e59e725,PRACTISES_AT,true,2026-07-18,
AFF-000049,IQ_141a77be55dbba,IQ_3cd7d4076079ab,PRACTISES_AT,true,2026-07-18,
AFF-000050,IQ_0deeb3f895714d,IQ_f6cacb7e934952,PRACTISES_AT,true,2026-07-18,
AFF-000051,IQ_13e21692d46c20,IQ_75c4467372fc37,PRACTISES_AT,true,2026-07-18,
AFF-000052,IQ_5f616459dc55d5,IQ_569d6b5bd515f1,PRACTISES_AT,true,2026-07-18,
AFF-000053,IQ_a6543230d73012,IQ_6bebe7fbfea968,PRACTISES_AT,true,2026-07-18,
AFF-000054,IQ_18003b85127893,IQ_57f9de8d76490a,PRACTISES_AT,true,2026-07-18,
AFF-000055,IQ_1ad8fd972ecd6a,IQ_5646a65a595eb9,PRACTISES_AT,true,2026-07-18,
AFF-000056,IQ_4848d214fab929,IQ_77ae0cc08e8ca8,PRACTISES_AT,true,2026-07-18,
AFF-000057,IQ_d70ceade00121a,IQ_dc4bffa1d68c99,PRACTISES_AT,true,2026-07-18,
AFF-000058,IQ_26088422e4cdf9,IQ_0eae1946d45ad7,PRACTISES_AT,true,2026-07-18,
AFF-000059,IQ_0a017a0ac7f565,IQ_9ac3f69d3ed0be,PRACTISES_AT,true,2026-07-18,
AFF-000060,IQ_786571a47515e2,IQ_7e12619e59e725,PRACTISES_AT,true,2026-07-18,
AFF-000061,IQ_978447cff2fdd5,IQ_3cd7d4076079ab,PRACTISES_AT,true,2026-07-18,
AFF-000062,IQ_6b3bf7706ff616,IQ_f6cacb7e934952,PRACTISES_AT,true,2026-07-18,
AFF-000063,IQ_3dfa318285836d,IQ_75c4467372fc37,PRACTISES_AT,true,2026-07-18,
AFF-000064,IQ_416297cb8e2ce2,IQ_569d6b5bd515f1,PRACTISES_AT,true,2026-07-18,
AFF-000065,IQ_cebb1fc978b824,IQ_6bebe7fbfea968,PRACTISES_AT,true,2026-07-18,
AFF-000066,IQ_69fdea3e549ac6,IQ_57f9de8d76490a,PRACTISES_AT,true,2026-07-18,
AFF-000067,IQ_bbf16dea36ebe6,IQ_5646a65a595eb9,PRACTISES_AT,true,2026-07-18,
AFF-000068,IQ_68ae4cb00ee2a3,IQ_77ae0cc08e8ca8,PRACTISES_AT,true,2026-07-18,
AFF-000069,IQ_7a7aed33c59471,IQ_dc4bffa1d68c99,PRACTISES_AT,true,2026-07-18,
AFF-000070,IQ_12cb9c4a95124c,IQ_0eae1946d45ad7,PRACTISES_AT,true,2026-07-18,
AFF-000071,IQ_a0a629b3034557,IQ_9ac3f69d3ed0be,PRACTISES_AT,true,2026-07-18,
AFF-000072,IQ_5d364b761e11b5,IQ_7e12619e59e725,PRACTISES_AT,true,2026-07-18,
AFF-000073,IQ_ad9b4b88d3a85e,IQ_3cd7d4076079ab,PRACTISES_AT,true,2026-07-18,
AFF-000074,IQ_7456b6114ee921,IQ_f6cacb7e934952,PRACTISES_AT,true,2026-07-18,
AFF-000075,IQ_08580b228e97d8,IQ_75c4467372fc37,PRACTISES_AT,true,2026-07-18,
AFF-000076,IQ_b999195dfbc669,IQ_569d6b5bd515f1,PRACTISES_AT,true,2026-07-18,
AFF-000077,IQ_cf446d2ff0e298,IQ_6bebe7fbfea968,PRACTISES_AT,true,2026-07-18,
AFF-000078,IQ_094a9ccef25ce4,IQ_57f9de8d76490a,PRACTISES_AT,true,2026-07-18,
AFF-000079,IQ_5e1000fc0be969,IQ_5646a65a595eb9,PRACTISES_AT,true,2026-07-18,
AFF-000080,IQ_7aac0aa23092b3,IQ_77ae0cc08e8ca8,PRACTISES_AT,true,2026-07-18,
AFF-000081,IQ_2bf809008f4101,IQ_dc4bffa1d68c99,PRACTISES_AT,true,2026-07-18,
AFF-000082,IQ_04fbe99519f267,IQ_0eae1946d45ad7,PRACTISES_AT,true,2026-07-18,
AFF-000083,IQ_7552d7924c315f,IQ_9ac3f69d3ed0be,PRACTISES_AT,true,2026-07-18,
AFF-000084,IQ_b6c2a3cd950815,IQ_7e12619e59e725,PRACTISES_AT,true,2026-07-18,
AFF-000085,IQ_0dd2b8fa221f25,IQ_3cd7d4076079ab,PRACTISES_AT,true,2026-07-18,
AFF-000086,IQ_8020ee5b2ab3b4,IQ_f6cacb7e934952,PRACTISES_AT,true,2026-07-18,
AFF-000087,IQ_3716885bdeac28,IQ_75c4467372fc37,PRACTISES_AT,true,2026-07-18,
AFF-000088,IQ_4ecb0bfc8dd1b1,IQ_569d6b5bd515f1,PRACTISES_AT,true,2026-07-18,
AFF-000089,IQ_4d5f03fbf84998,IQ_6bebe7fbfea968,PRACTISES_AT,true,2026-07-18,
AFF-000090,IQ_548359ef6f100c,IQ_57f9de8d76490a,PRACTISES_AT,true,2026-07-18,
AFF-000091,IQ_d8d4e5a826c8f9,IQ_5646a65a595eb9,PRACTISES_AT,true,2026-07-18,
AFF-000092,IQ_3d4ddf185a627c,IQ_77ae0cc08e8ca8,PRACTISES_AT,true,2026-07-18,
AFF-000093,IQ_2f4b5d63410742,IQ_dc4bffa1d68c99,PRACTISES_AT,true,2026-07-18,
AFF-000094,IQ_769ac94cb87c37,IQ_0eae1946d45ad7,PRACTISES_AT,true,2026-07-18,
AFF-000095,IQ_98280845a4c8b5,IQ_9ac3f69d3ed0be,PRACTISES_AT,true,2026-07-18,
AFF-000096,IQ_509a5e82c33b0a,IQ_7e12619e59e725,PRACTISES_AT,true,2026-07-18,
AFF-000097,IQ_4b65363d50b23e,IQ_3cd7d4076079ab,PRACTISES_AT,true,2026-07-18,
AFF-000098,IQ_f4cb6e0d00a708,IQ_f6cacb7e934952,PRACTISES_AT,true,2026-07-18,
AFF-000099,IQ_f51d4eb89f4680,IQ_75c4467372fc37,PRACTISES_AT,true,2026-07-18,
AFF-000100,IQ_fd04c61fa99408,IQ_569d6b5bd515f1,PRACTISES_AT,true,2026-07-18,
