campaign_key,customer_key,product_code,contacted,qualifying_interactions
SA_09fe5acf0ff223,IQ_0a017a0ac7f565,IQ_54291f6d98eec1,true,1
SA_09fe5acf0ff223,IQ_0deeb3f895714d,IQ_54291f6d98eec1,false,0
SA_09fe5acf0ff223,IQ_13e21692d46c20,IQ_54291f6d98eec1,true,2
SA_09fe5acf0ff223,IQ_141a77be55dbba,IQ_54291f6d98eec1,false,0
SA_09fe5acf0ff223,IQ_18003b85127893,IQ_54291f6d98eec1,false,0
SA_09fe5acf0ff223,IQ_1ad8fd972ecd6a,IQ_54291f6d98eec1,true,2
SA_09fe5acf0ff223,IQ_26088422e4cdf9,IQ_54291f6d98eec1,false,0
SA_09fe5acf0ff223,IQ_36ada5c15a6636,IQ_54291f6d98eec1,false,0
SA_09fe5acf0ff223,IQ_3adc52fba19d98,IQ_54291f6d98eec1,false,0
SA_09fe5acf0ff223,IQ_4848d214fab929,IQ_54291f6d98eec1,false,0
SA_09fe5acf0ff223,IQ_5e8494388814b7,IQ_54291f6d98eec1,false,0
SA_09fe5acf0ff223,IQ_5f616459dc55d5,IQ_54291f6d98eec1,false,0
SA_09fe5acf0ff223,IQ_73a7e08f759536,IQ_54291f6d98eec1,false,0
SA_09fe5acf0ff223,IQ_786571a47515e2,IQ_54291f6d98eec1,false,0
SA_09fe5acf0ff223,IQ_a6543230d73012,IQ_54291f6d98eec1,false,0
SA_09fe5acf0ff223,IQ_d18d2fb59cfe6e,IQ_54291f6d98eec1,false,0
SA_09fe5acf0ff223,IQ_d70ceade00121a,IQ_54291f6d98eec1,false,0
SA_09fe5acf0ff223,IQ_dc42615e10696d,IQ_54291f6d98eec1,true,1
SA_09fe5acf0ff223,IQ_f412bc7dfa9020,IQ_54291f6d98eec1,true,2
SA_09fe5acf0ff223,IQ_f8f7bb250ca8f2,IQ_54291f6d98eec1,false,0
SA_811ce35864b24c,IQ_19497683e93201,IQ_135d4a97820502,false,0
SA_811ce35864b24c,IQ_2220dc90360c82,IQ_135d4a97820502,false,0
SA_811ce35864b24c,IQ_2d137fa0b8b6ac,IQ_135d4a97820502,false,0
SA_811ce35864b24c,IQ_3a78b487cced5b,IQ_135d4a97820502,false,0
SA_811ce35864b24c,IQ_728f393240bb1d,IQ_135d4a97820502,false,0
SA_811ce35864b24c,IQ_7d957caf585d5f,IQ_135d4a97820502,false,0
SA_811ce35864b24c,IQ_8e278d5ba4c860,IQ_135d4a97820502,false,0
SA_811ce35864b24c,IQ_8ee2ef868089f8,IQ_135d4a97820502,false,0
SA_811ce35864b24c,IQ_91142399c21c7e,IQ_135d4a97820502,true,2
SA_811ce35864b24c,IQ_92030316fdcdfe,IQ_135d4a97820502,true,1
SA_811ce35864b24c,IQ_9738f9711a47cf,IQ_135d4a97820502,true,3
SA_811ce35864b24c,IQ_9cfab99c88ecfa,IQ_135d4a97820502,false,0
SA_811ce35864b24c,IQ_a1f14c57569bd9,IQ_135d4a97820502,false,0
SA_811ce35864b24c,IQ_bee67dd5b938ba,IQ_135d4a97820502,false,0
SA_811ce35864b24c,IQ_c0c5a4a429739c,IQ_135d4a97820502,true,3
SA_811ce35864b24c,IQ_c0d0da0755d27e,IQ_135d4a97820502,true,3
SA_811ce35864b24c,IQ_e35dbf91fb46f8,IQ_135d4a97820502,true,1
SA_811ce35864b24c,IQ_eeb2a0b0f2ecd8,IQ_135d4a97820502,false,0
SA_811ce35864b24c,IQ_f8746fa6d8ac04,IQ_135d4a97820502,false,0
SA_811ce35864b24c,IQ_fb9c5e296c0d40,IQ_135d4a97820502,false,0
SA_d351b0c1f7862f,IQ_19497683e93201,IQ_135d4a97820502,false,0
SA_d351b0c1f7862f,IQ_2220dc90360c82,IQ_135d4a97820502,false,0
SA_d351b0c1f7862f,IQ_2d137fa0b8b6ac,IQ_135d4a97820502,true,1
SA_d351b0c1f7862f,IQ_3a78b487cced5b,IQ_135d4a97820502,false,0
SA_d351b0c1f7862f,IQ_728f393240bb1d,IQ_135d4a97820502,false,0
SA_d351b0c1f7862f,IQ_7d957caf585d5f,IQ_135d4a97820502,false,0
SA_d351b0c1f7862f,IQ_8e278d5ba4c860,IQ_135d4a97820502,false,0
SA_d351b0c1f7862f,IQ_8ee2ef868089f8,IQ_135d4a97820502,false,0
SA_d351b0c1f7862f,IQ_91142399c21c7e,IQ_135d4a97820502,true,1
SA_d351b0c1f7862f,IQ_9738f9711a47cf,IQ_135d4a97820502,true,2
SA_d351b0c1f7862f,IQ_9cfab99c88ecfa,IQ_135d4a97820502,false,0
SA_d351b0c1f7862f,IQ_a1f14c57569bd9,IQ_135d4a97820502,false,0
SA_d351b0c1f7862f,IQ_bee67dd5b938ba,IQ_135d4a97820502,false,0
SA_d351b0c1f7862f,IQ_c0c5a4a429739c,IQ_135d4a97820502,true,3
SA_d351b0c1f7862f,IQ_c0d0da0755d27e,IQ_135d4a97820502,true,1
SA_d351b0c1f7862f,IQ_e35dbf91fb46f8,IQ_135d4a97820502,true,1
SA_d351b0c1f7862f,IQ_eeb2a0b0f2ecd8,IQ_135d4a97820502,false,0
SA_d351b0c1f7862f,IQ_f8746fa6d8ac04,IQ_135d4a97820502,false,0
SA_d351b0c1f7862f,IQ_fb9c5e296c0d40,IQ_135d4a97820502,false,0
SA_dc2c943c2b2559,IQ_2f504035abf7db,IQ_20c20d0e8b3a1d,false,0
SA_dc2c943c2b2559,IQ_39a96fcf75a9a5,IQ_20c20d0e8b3a1d,false,0
SA_dc2c943c2b2559,IQ_421f576734aa70,IQ_20c20d0e8b3a1d,false,0
SA_dc2c943c2b2559,IQ_43970e05028a71,IQ_20c20d0e8b3a1d,false,0
SA_dc2c943c2b2559,IQ_63e125117381f1,IQ_20c20d0e8b3a1d,false,0
SA_dc2c943c2b2559,IQ_6e99471b5ac975,IQ_20c20d0e8b3a1d,false,0
SA_dc2c943c2b2559,IQ_90eb0591b897d4,IQ_20c20d0e8b3a1d,false,0
SA_dc2c943c2b2559,IQ_9360e3fed994a8,IQ_20c20d0e8b3a1d,false,0
SA_dc2c943c2b2559,IQ_98b4c8755fecdb,IQ_20c20d0e8b3a1d,true,2
SA_dc2c943c2b2559,IQ_9fb9d375951c9f,IQ_20c20d0e8b3a1d,true,1
SA_dc2c943c2b2559,IQ_a6d0c3c9f640d2,IQ_20c20d0e8b3a1d,false,0
SA_dc2c943c2b2559,IQ_abdd6f3d6ea2f9,IQ_20c20d0e8b3a1d,false,0
SA_dc2c943c2b2559,IQ_b129f52b9e347e,IQ_20c20d0e8b3a1d,false,0
SA_dc2c943c2b2559,IQ_b8a09904e4cc44,IQ_20c20d0e8b3a1d,true,2
SA_dc2c943c2b2559,IQ_cd3263114f74aa,IQ_20c20d0e8b3a1d,false,0
SA_dc2c943c2b2559,IQ_d2fdc3f4fb6963,IQ_20c20d0e8b3a1d,false,0
SA_dc2c943c2b2559,IQ_d7ec2fb9c64928,IQ_20c20d0e8b3a1d,false,0
SA_dc2c943c2b2559,IQ_e552f1ddf030fb,IQ_20c20d0e8b3a1d,true,1
SA_dc2c943c2b2559,IQ_f07eaf14e693a5,IQ_20c20d0e8b3a1d,false,0
SA_dc2c943c2b2559,IQ_f51ff3278100d8,IQ_20c20d0e8b3a1d,false,0
