snapshot_id,as_of,scenario,scope,output_rows,exception_rows,numerator,denominator,threshold,status,scheduled
b001,2026-10-01T06:00:00Z,S01,ALL,281,12,9,293,0.02,ALERT,true
b001,2026-10-01T06:00:00Z,S02,ALL,299,11,2,293,0.01,PASS,true
b001,2026-10-01T06:00:00Z,S03,ALL,99,1,0,0,0.0,DIAGNOSTIC,true
b001,2026-10-01T06:00:00Z,S04,ALL,300,0,0,0,0.0,DIAGNOSTIC,true
b001,2026-10-01T06:00:00Z,S05,SA_09fe5acf0ff223,20,0,0,20,0.05,PASS,false
b001,2026-10-01T06:00:00Z,S05,SA_811ce35864b24c,20,1,1,21,0.05,PASS,false
b001,2026-10-01T06:00:00Z,S05,SA_d351b0c1f7862f,19,1,1,20,0.05,PASS,false
b001,2026-10-01T06:00:00Z,S05,SA_dc2c943c2b2559,20,0,0,20,0.05,PASS,false
b002,2026-10-02T06:00:00Z,S01,ALL,279,15,9,294,0.02,ALERT,true
b002,2026-10-02T06:00:00Z,S02,ALL,300,11,2,294,0.01,PASS,true
b002,2026-10-02T06:00:00Z,S03,ALL,99,1,0,0,0.0,DIAGNOSTIC,true
b002,2026-10-02T06:00:00Z,S04,ALL,301,2,0,0,0.0,DIAGNOSTIC,true
b002,2026-10-02T06:00:00Z,S05,SA_09fe5acf0ff223,20,0,0,20,0.05,PASS,false
b002,2026-10-02T06:00:00Z,S05,SA_811ce35864b24c,20,1,1,21,0.05,PASS,false
b002,2026-10-02T06:00:00Z,S05,SA_d351b0c1f7862f,19,1,1,20,0.05,PASS,false
b002,2026-10-02T06:00:00Z,S05,SA_dc2c943c2b2559,20,0,0,20,0.05,PASS,false
b003,2026-10-03T06:00:00Z,S01,ALL,303,15,9,318,0.02,ALERT,true
b003,2026-10-03T06:00:00Z,S02,ALL,324,11,2,318,0.01,PASS,true
b003,2026-10-03T06:00:00Z,S03,ALL,99,1,0,0,0.0,DIAGNOSTIC,true
b003,2026-10-03T06:00:00Z,S04,ALL,325,2,0,0,0.0,DIAGNOSTIC,true
b003,2026-10-03T06:00:00Z,S05,SA_09fe5acf0ff223,20,0,0,20,0.05,PASS,false
b003,2026-10-03T06:00:00Z,S05,SA_811ce35864b24c,20,1,1,21,0.05,PASS,false
b003,2026-10-03T06:00:00Z,S05,SA_d351b0c1f7862f,19,1,1,20,0.05,PASS,false
b003,2026-10-03T06:00:00Z,S05,SA_dc2c943c2b2559,20,0,0,20,0.05,PASS,false
b004,2026-10-04T06:00:00Z,S01,ALL,324,18,9,342,0.02,ALERT,true
b004,2026-10-04T06:00:00Z,S02,ALL,348,11,2,342,0.01,PASS,true
b004,2026-10-04T06:00:00Z,S03,ALL,99,1,0,0,0.0,DIAGNOSTIC,true
b004,2026-10-04T06:00:00Z,S04,ALL,349,2,0,0,0.0,DIAGNOSTIC,true
b004,2026-10-04T06:00:00Z,S05,SA_09fe5acf0ff223,20,0,0,20,0.05,PASS,false
b004,2026-10-04T06:00:00Z,S05,SA_811ce35864b24c,20,1,1,21,0.05,PASS,false
b004,2026-10-04T06:00:00Z,S05,SA_d351b0c1f7862f,19,1,1,20,0.05,PASS,false
b004,2026-10-04T06:00:00Z,S05,SA_dc2c943c2b2559,20,0,0,20,0.05,PASS,false
b005,2026-10-05T06:00:00Z,S01,ALL,341,24,12,365,0.02,ALERT,true
b005,2026-10-05T06:00:00Z,S02,ALL,368,14,2,365,0.01,PASS,true
b005,2026-10-05T06:00:00Z,S03,ALL,99,1,0,0,0.0,DIAGNOSTIC,true
b005,2026-10-05T06:00:00Z,S04,ALL,372,2,0,0,0.0,DIAGNOSTIC,true
b005,2026-10-05T06:00:00Z,S05,SA_09fe5acf0ff223,20,0,0,20,0.05,PASS,true
b005,2026-10-05T06:00:00Z,S05,SA_811ce35864b24c,20,1,1,21,0.05,PASS,true
b005,2026-10-05T06:00:00Z,S05,SA_d351b0c1f7862f,19,1,1,20,0.05,PASS,true
b005,2026-10-05T06:00:00Z,S05,SA_dc2c943c2b2559,20,0,0,20,0.05,PASS,true
b006,2026-10-06T06:00:00Z,S01,ALL,365,24,12,389,0.02,ALERT,true
b006,2026-10-06T06:00:00Z,S02,ALL,392,14,2,389,0.01,PASS,true
b006,2026-10-06T06:00:00Z,S03,ALL,99,1,0,0,0.0,DIAGNOSTIC,true
b006,2026-10-06T06:00:00Z,S04,ALL,396,2,0,0,0.0,DIAGNOSTIC,true
b006,2026-10-06T06:00:00Z,S05,SA_09fe5acf0ff223,20,0,0,20,0.05,PASS,false
b006,2026-10-06T06:00:00Z,S05,SA_811ce35864b24c,20,1,1,21,0.05,PASS,false
b006,2026-10-06T06:00:00Z,S05,SA_d351b0c1f7862f,19,1,1,20,0.05,PASS,false
b006,2026-10-06T06:00:00Z,S05,SA_dc2c943c2b2559,20,0,0,20,0.05,PASS,false
b007,2026-10-07T06:00:00Z,S01,ALL,389,24,12,413,0.02,ALERT,true
b007,2026-10-07T06:00:00Z,S02,ALL,416,14,2,413,0.01,PASS,true
b007,2026-10-07T06:00:00Z,S03,ALL,99,1,0,0,0.0,DIAGNOSTIC,true
b007,2026-10-07T06:00:00Z,S04,ALL,420,2,0,0,0.0,DIAGNOSTIC,true
b007,2026-10-07T06:00:00Z,S05,SA_09fe5acf0ff223,20,0,0,20,0.05,PASS,false
b007,2026-10-07T06:00:00Z,S05,SA_811ce35864b24c,20,1,1,21,0.05,PASS,false
b007,2026-10-07T06:00:00Z,S05,SA_d351b0c1f7862f,19,1,1,20,0.05,PASS,false
b007,2026-10-07T06:00:00Z,S05,SA_dc2c943c2b2559,20,0,0,20,0.05,PASS,false
b008,2026-10-08T06:00:00Z,S01,ALL,417,20,12,437,0.02,ALERT,true
b008,2026-10-08T06:00:00Z,S02,ALL,440,14,2,437,0.01,PASS,true
b008,2026-10-08T06:00:00Z,S03,ALL,99,1,0,0,0.0,DIAGNOSTIC,true
b008,2026-10-08T06:00:00Z,S04,ALL,444,2,0,0,0.0,DIAGNOSTIC,true
b008,2026-10-08T06:00:00Z,S05,SA_09fe5acf0ff223,20,0,0,20,0.05,PASS,false
b008,2026-10-08T06:00:00Z,S05,SA_811ce35864b24c,20,1,1,21,0.05,PASS,false
b008,2026-10-08T06:00:00Z,S05,SA_d351b0c1f7862f,19,1,1,20,0.05,PASS,false
b008,2026-10-08T06:00:00Z,S05,SA_dc2c943c2b2559,20,0,0,20,0.05,PASS,false
b009,2026-10-09T06:00:00Z,S01,ALL,435,25,15,460,0.02,ALERT,true
b009,2026-10-09T06:00:00Z,S02,ALL,460,17,2,460,0.01,PASS,true
b009,2026-10-09T06:00:00Z,S03,ALL,99,1,0,0,0.0,DIAGNOSTIC,true
b009,2026-10-09T06:00:00Z,S04,ALL,467,3,0,0,0.0,DIAGNOSTIC,true
b009,2026-10-09T06:00:00Z,S05,SA_09fe5acf0ff223,20,0,0,20,0.05,PASS,false
b009,2026-10-09T06:00:00Z,S05,SA_811ce35864b24c,20,1,1,21,0.05,PASS,false
b009,2026-10-09T06:00:00Z,S05,SA_d351b0c1f7862f,19,1,1,20,0.05,PASS,false
b009,2026-10-09T06:00:00Z,S05,SA_dc2c943c2b2559,20,0,0,20,0.05,PASS,false
b010,2026-10-10T06:00:00Z,S01,ALL,459,25,15,484,0.02,ALERT,true
b010,2026-10-10T06:00:00Z,S02,ALL,484,17,2,484,0.01,PASS,true
b010,2026-10-10T06:00:00Z,S03,ALL,99,1,0,0,0.0,DIAGNOSTIC,true
b010,2026-10-10T06:00:00Z,S04,ALL,491,5,0,0,0.0,DIAGNOSTIC,true
b010,2026-10-10T06:00:00Z,S05,SA_09fe5acf0ff223,20,0,0,20,0.05,PASS,false
b010,2026-10-10T06:00:00Z,S05,SA_811ce35864b24c,20,1,1,21,0.05,PASS,false
b010,2026-10-10T06:00:00Z,S05,SA_d351b0c1f7862f,19,1,1,20,0.05,PASS,false
b010,2026-10-10T06:00:00Z,S05,SA_dc2c943c2b2559,20,0,0,20,0.05,PASS,false
b011,2026-10-11T06:00:00Z,S01,ALL,483,25,15,508,0.02,ALERT,true
b011,2026-10-11T06:00:00Z,S02,ALL,508,17,2,508,0.01,PASS,true
b011,2026-10-11T06:00:00Z,S03,ALL,99,1,0,0,0.0,DIAGNOSTIC,true
b011,2026-10-11T06:00:00Z,S04,ALL,515,5,0,0,0.0,DIAGNOSTIC,true
b011,2026-10-11T06:00:00Z,S05,SA_09fe5acf0ff223,20,0,0,20,0.05,PASS,false
b011,2026-10-11T06:00:00Z,S05,SA_811ce35864b24c,20,1,1,21,0.05,PASS,false
b011,2026-10-11T06:00:00Z,S05,SA_d351b0c1f7862f,19,1,1,20,0.05,PASS,false
b011,2026-10-11T06:00:00Z,S05,SA_dc2c943c2b2559,20,0,0,20,0.05,PASS,false
b012,2026-10-12T06:00:00Z,S01,ALL,507,25,15,532,0.02,ALERT,true
b012,2026-10-12T06:00:00Z,S02,ALL,532,17,2,532,0.01,PASS,true
b012,2026-10-12T06:00:00Z,S03,ALL,99,1,0,0,0.0,DIAGNOSTIC,true
b012,2026-10-12T06:00:00Z,S04,ALL,539,5,0,0,0.0,DIAGNOSTIC,true
b012,2026-10-12T06:00:00Z,S05,SA_09fe5acf0ff223,20,0,0,20,0.05,PASS,true
b012,2026-10-12T06:00:00Z,S05,SA_811ce35864b24c,20,1,1,21,0.05,PASS,true
b012,2026-10-12T06:00:00Z,S05,SA_d351b0c1f7862f,19,1,1,20,0.05,PASS,true
b012,2026-10-12T06:00:00Z,S05,SA_dc2c943c2b2559,20,0,0,20,0.05,PASS,true
b013,2026-10-13T06:00:00Z,S01,ALL,525,30,18,555,0.02,ALERT,true
b013,2026-10-13T06:00:00Z,S02,ALL,552,20,2,555,0.01,PASS,true
b013,2026-10-13T06:00:00Z,S03,ALL,99,1,0,0,0.0,DIAGNOSTIC,true
b013,2026-10-13T06:00:00Z,S04,ALL,562,5,0,0,0.0,DIAGNOSTIC,true
b013,2026-10-13T06:00:00Z,S05,SA_09fe5acf0ff223,20,0,0,20,0.05,PASS,false
b013,2026-10-13T06:00:00Z,S05,SA_811ce35864b24c,20,1,1,21,0.05,PASS,false
b013,2026-10-13T06:00:00Z,S05,SA_d351b0c1f7862f,19,1,1,20,0.05,PASS,false
b013,2026-10-13T06:00:00Z,S05,SA_dc2c943c2b2559,20,0,0,20,0.05,PASS,false
b014,2026-10-14T06:00:00Z,S01,ALL,549,30,18,579,0.02,ALERT,true
b014,2026-10-14T06:00:00Z,S02,ALL,576,20,2,579,0.01,PASS,true
b014,2026-10-14T06:00:00Z,S03,ALL,99,1,0,0,0.0,DIAGNOSTIC,true
b014,2026-10-14T06:00:00Z,S04,ALL,586,5,0,0,0.0,DIAGNOSTIC,true
b014,2026-10-14T06:00:00Z,S05,SA_09fe5acf0ff223,20,0,0,20,0.05,PASS,false
b014,2026-10-14T06:00:00Z,S05,SA_811ce35864b24c,20,1,1,21,0.05,PASS,false
b014,2026-10-14T06:00:00Z,S05,SA_d351b0c1f7862f,19,1,1,20,0.05,PASS,false
b014,2026-10-14T06:00:00Z,S05,SA_dc2c943c2b2559,20,0,0,20,0.05,PASS,false
