provider_key,link_token,label,speciality,active,country,postal_sector
IQ_9738f9711a47cf,SYN_879f0ccae5c2f09c,Synthetic Professional 0001,CARDIOLOGY,true,ZZ,ZZ001
IQ_7d957caf585d5f,SYN_7f5961528c032d25,Synthetic Professional 0002,DERMATOLOGY,true,ZZ,ZZ002
IQ_a1f14c57569bd9,SYN_d745f5436d402a40,Synthetic Professional 0003,GENERAL,true,ZZ,ZZ003
IQ_2d137fa0b8b6ac,SYN_50265379c53d6581,Synthetic Professional 0004,CARDIOLOGY,true,ZZ,ZZ004
IQ_c0d0da0755d27e,SYN_f226902f1f327737,Synthetic Professional 0005,DERMATOLOGY,true,ZZ,ZZ005
IQ_19497683e93201,SYN_85cbfbc52a3acafb,Synthetic Professional 0006,GENERAL,true,ZZ,ZZ006
IQ_9cfab99c88ecfa,SYN_4d84bc70d6e9867c,Synthetic Professional 0007,CARDIOLOGY,true,ZZ,ZZ007
IQ_eeb2a0b0f2ecd8,SYN_558567563994d0d9,Synthetic Professional 0008,DERMATOLOGY,true,ZZ,ZZ008
IQ_c0c5a4a429739c,SYN_c2df79a40dca3027,Synthetic Professional 0009,GENERAL,true,ZZ,ZZ009
IQ_2220dc90360c82,SYN_540d46d98623da0b,Synthetic Professional 0010,CARDIOLOGY,true,ZZ,ZZ010
IQ_f8746fa6d8ac04,SYN_cf72d06a78bee634,Synthetic Professional 0011,DERMATOLOGY,true,ZZ,ZZ011
IQ_fb9c5e296c0d40,SYN_22b36e95c6f4a909,Synthetic Professional 0012,GENERAL,true,ZZ,ZZ012
IQ_91142399c21c7e,SYN_54554ea6caefca2c,Synthetic Professional 0013,CARDIOLOGY,true,ZZ,ZZ013
IQ_3a78b487cced5b,SYN_c5a14d5fcad75699,Synthetic Professional 0014,DERMATOLOGY,true,ZZ,ZZ014
IQ_8e278d5ba4c860,SYN_70b62d5aa1f0ad24,Synthetic Professional 0015,GENERAL,true,ZZ,ZZ015
IQ_728f393240bb1d,SYN_bfd04e65bab8d9d2,Synthetic Professional 0016,CARDIOLOGY,true,ZZ,ZZ016
IQ_e35dbf91fb46f8,SYN_0b1fcdbfcf86f28d,Synthetic Professional 0017,DERMATOLOGY,true,ZZ,ZZ017
IQ_8ee2ef868089f8,SYN_a93a4a133ab1f1c4,Synthetic Professional 0018,GENERAL,true,ZZ,ZZ018
IQ_bee67dd5b938ba,SYN_b7bdebb90a9e1b7f,Synthetic Professional 0019,CARDIOLOGY,true,ZZ,ZZ019
IQ_92030316fdcdfe,SYN_25d4030fa2fa69eb,Synthetic Professional 0020,DERMATOLOGY,true,ZZ,ZZ000
IQ_2f504035abf7db,SYN_44acf019b2d5bd1d,Synthetic Professional 0021,GENERAL,true,ZZ,ZZ001
IQ_e552f1ddf030fb,SYN_308e13b838c20dbf,Synthetic Professional 0022,CARDIOLOGY,true,ZZ,ZZ002
IQ_f07eaf14e693a5,SYN_4a3b93766cf635a8,Synthetic Professional 0023,DERMATOLOGY,true,ZZ,ZZ003
IQ_f51ff3278100d8,SYN_beb6994b20fd59ff,Synthetic Professional 0024,GENERAL,true,ZZ,ZZ004
IQ_b129f52b9e347e,SYN_c29819f7907ee5a0,Synthetic Professional 0025,CARDIOLOGY,true,ZZ,ZZ005
IQ_b8a09904e4cc44,SYN_202ad262a45fd611,Synthetic Professional 0026,DERMATOLOGY,true,ZZ,ZZ006
IQ_6e99471b5ac975,SYN_61f42d39773d3e16,Synthetic Professional 0027,GENERAL,true,ZZ,ZZ007
IQ_39a96fcf75a9a5,SYN_64c9377198edf88d,Synthetic Professional 0028,CARDIOLOGY,true,ZZ,ZZ008
IQ_a6d0c3c9f640d2,SYN_4acb94eafabce9af,Synthetic Professional 0029,DERMATOLOGY,true,ZZ,ZZ009
IQ_98b4c8755fecdb,SYN_f64f47f69b8b0eb5,Synthetic Professional 0030,GENERAL,true,ZZ,ZZ010
IQ_d2fdc3f4fb6963,SYN_3c5e4db96f348bcb,Synthetic Professional 0031,CARDIOLOGY,true,ZZ,ZZ011
IQ_63e125117381f1,SYN_eaecb6c9bbfbbfbe,Synthetic Professional 0032,DERMATOLOGY,true,ZZ,ZZ012
IQ_90eb0591b897d4,SYN_de8030e1387c25ed,Synthetic Professional 0033,GENERAL,true,ZZ,ZZ013
IQ_9fb9d375951c9f,SYN_e6ab169b2c94957d,Synthetic Professional 0034,CARDIOLOGY,true,ZZ,ZZ014
IQ_43970e05028a71,SYN_2fb277e101c17426,Synthetic Professional 0035,DERMATOLOGY,true,ZZ,ZZ015
IQ_d7ec2fb9c64928,SYN_4def9600d7968d52,Synthetic Professional 0036,GENERAL,true,ZZ,ZZ016
IQ_9360e3fed994a8,SYN_0f8f61bfb1115063,Synthetic Professional 0037,CARDIOLOGY,true,ZZ,ZZ017
IQ_abdd6f3d6ea2f9,SYN_16358ebefcf0a3a7,Synthetic Professional 0038,DERMATOLOGY,true,ZZ,ZZ018
IQ_cd3263114f74aa,SYN_05b3cb4a4a42ffaa,Synthetic Professional 0039,GENERAL,true,ZZ,ZZ019
IQ_421f576734aa70,SYN_437f0756284d2f54,Synthetic Professional 0040,CARDIOLOGY,true,ZZ,ZZ000
IQ_36ada5c15a6636,SYN_4196f2f0bb95a2e9,Synthetic Professional 0041,DERMATOLOGY,true,ZZ,ZZ001
IQ_73a7e08f759536,SYN_0c8d29e2590e1701,Synthetic Professional 0042,GENERAL,true,ZZ,ZZ002
IQ_dc42615e10696d,SYN_347589795323228f,Synthetic Professional 0043,CARDIOLOGY,true,ZZ,ZZ003
IQ_d18d2fb59cfe6e,SYN_abdad37ca639abfc,Synthetic Professional 0044,DERMATOLOGY,true,ZZ,ZZ004
IQ_3adc52fba19d98,SYN_e7c65e8582602e77,Synthetic Professional 0045,GENERAL,true,ZZ,ZZ005
IQ_5e8494388814b7,SYN_4b34193b5ef3dd52,Synthetic Professional 0046,CARDIOLOGY,true,ZZ,ZZ006
IQ_f412bc7dfa9020,SYN_01e82d09a4faa8bf,Synthetic Professional 0047,DERMATOLOGY,true,ZZ,ZZ007
IQ_f8f7bb250ca8f2,SYN_43e912cc3b2c2d46,Synthetic Professional 0048,GENERAL,true,ZZ,ZZ008
IQ_141a77be55dbba,SYN_27dd183e5926902d,Synthetic Professional 0049,CARDIOLOGY,true,ZZ,ZZ009
IQ_0deeb3f895714d,SYN_44271fc193353d5d,Synthetic Professional 0050,DERMATOLOGY,true,ZZ,ZZ010
IQ_13e21692d46c20,SYN_33a1a799263cb548,Synthetic Professional 0051,GENERAL,true,ZZ,ZZ011
IQ_5f616459dc55d5,SYN_9be1a3c3f4563474,Synthetic Professional 0052,CARDIOLOGY,true,ZZ,ZZ012
IQ_a6543230d73012,SYN_433ddd1561233d5d,Synthetic Professional 0053,DERMATOLOGY,true,ZZ,ZZ013
IQ_18003b85127893,SYN_49d66d91d11fec99,Synthetic Professional 0054,GENERAL,true,ZZ,ZZ014
IQ_1ad8fd972ecd6a,SYN_9301d6722fa5331d,Synthetic Professional 0055,CARDIOLOGY,true,ZZ,ZZ015
IQ_4848d214fab929,SYN_1f13b32627a23ddb,Synthetic Professional 0056,DERMATOLOGY,true,ZZ,ZZ016
IQ_d70ceade00121a,SYN_ae627b08b70385c6,Synthetic Professional 0057,GENERAL,true,ZZ,ZZ017
IQ_26088422e4cdf9,SYN_8acd0961d0c48507,Synthetic Professional 0058,CARDIOLOGY,true,ZZ,ZZ018
IQ_0a017a0ac7f565,SYN_4a9425fe7f1bc34b,Synthetic Professional 0059,DERMATOLOGY,true,ZZ,ZZ019
IQ_786571a47515e2,SYN_fd290ad0e2b16e53,Synthetic Professional 0060,GENERAL,true,ZZ,ZZ000
IQ_978447cff2fdd5,SYN_2e7f519027ff9288,Synthetic Professional 0061,CARDIOLOGY,true,ZZ,ZZ001
IQ_6b3bf7706ff616,SYN_1e5e53d5684af466,Synthetic Professional 0062,DERMATOLOGY,true,ZZ,ZZ002
IQ_3dfa318285836d,SYN_1b780bb7dedf9396,Synthetic Professional 0063,GENERAL,true,ZZ,ZZ003
IQ_416297cb8e2ce2,SYN_4b2884a640e68ed1,Synthetic Professional 0064,CARDIOLOGY,true,ZZ,ZZ004
IQ_cebb1fc978b824,SYN_e9ddf0d245ecf671,Synthetic Professional 0065,DERMATOLOGY,true,ZZ,ZZ005
IQ_69fdea3e549ac6,SYN_ac3d4c3ef350e2e5,Synthetic Professional 0066,GENERAL,true,ZZ,ZZ006
IQ_bbf16dea36ebe6,SYN_f520fb97187b3271,Synthetic Professional 0067,CARDIOLOGY,true,ZZ,ZZ007
IQ_68ae4cb00ee2a3,SYN_96f1d188f03a33cf,Synthetic Professional 0068,DERMATOLOGY,true,ZZ,ZZ008
IQ_7a7aed33c59471,SYN_a9290674a0d0f097,Synthetic Professional 0069,GENERAL,true,ZZ,ZZ009
IQ_12cb9c4a95124c,SYN_588217cfe781eda5,Synthetic Professional 0070,CARDIOLOGY,true,ZZ,ZZ010
IQ_a0a629b3034557,SYN_4ea627d3de35a150,Synthetic Professional 0071,DERMATOLOGY,true,ZZ,ZZ011
IQ_5d364b761e11b5,SYN_6e7ab083cd50878f,Synthetic Professional 0072,GENERAL,true,ZZ,ZZ012
IQ_ad9b4b88d3a85e,SYN_c5bd288cab00f20d,Synthetic Professional 0073,CARDIOLOGY,true,ZZ,ZZ013
IQ_7456b6114ee921,SYN_fb7edbf8a96500ca,Synthetic Professional 0074,DERMATOLOGY,true,ZZ,ZZ014
IQ_08580b228e97d8,SYN_98f9e5387e9025d5,Synthetic Professional 0075,GENERAL,true,ZZ,ZZ015
IQ_b999195dfbc669,SYN_1f80f0d1dee3ce83,Synthetic Professional 0076,CARDIOLOGY,true,ZZ,ZZ016
IQ_cf446d2ff0e298,SYN_592b44315529cc8b,Synthetic Professional 0077,DERMATOLOGY,true,ZZ,ZZ017
IQ_094a9ccef25ce4,SYN_1edbe91858f0de60,Synthetic Professional 0078,GENERAL,true,ZZ,ZZ018
IQ_5e1000fc0be969,SYN_dd45efe7de6514fd,Synthetic Professional 0079,CARDIOLOGY,true,ZZ,ZZ019
IQ_7aac0aa23092b3,SYN_1629b6942cb164e7,Synthetic Professional 0080,DERMATOLOGY,true,ZZ,ZZ000
IQ_2bf809008f4101,SYN_8424ca9a7c5f4262,Synthetic Professional 0081,GENERAL,true,ZZ,ZZ001
IQ_04fbe99519f267,SYN_7dc19f1ec5994d9b,Synthetic Professional 0082,CARDIOLOGY,true,ZZ,ZZ002
IQ_7552d7924c315f,SYN_ca614d892ad730b3,Synthetic Professional 0083,DERMATOLOGY,true,ZZ,ZZ003
IQ_b6c2a3cd950815,SYN_a6768d863dbc18f2,Synthetic Professional 0084,GENERAL,true,ZZ,ZZ004
IQ_0dd2b8fa221f25,SYN_421a1b15acf3751d,Synthetic Professional 0085,CARDIOLOGY,true,ZZ,ZZ005
IQ_8020ee5b2ab3b4,SYN_68fd9abcd14cfd0d,Synthetic Professional 0086,DERMATOLOGY,true,ZZ,ZZ006
IQ_3716885bdeac28,SYN_cf0b535b0a3482fa,Synthetic Professional 0087,GENERAL,true,ZZ,ZZ007
IQ_4ecb0bfc8dd1b1,SYN_ed1211e65a735ea4,Synthetic Professional 0088,CARDIOLOGY,true,ZZ,ZZ008
IQ_4d5f03fbf84998,SYN_898e49b5715e609c,Synthetic Professional 0089,DERMATOLOGY,true,ZZ,ZZ009
IQ_548359ef6f100c,SYN_e63a077bc29e9cec,Synthetic Professional 0090,GENERAL,true,ZZ,ZZ010
IQ_d8d4e5a826c8f9,SYN_1b129cb6842420a8,Synthetic Professional 0091,CARDIOLOGY,true,ZZ,ZZ011
IQ_3d4ddf185a627c,SYN_ac5f39ed701780cc,Synthetic Professional 0092,DERMATOLOGY,true,ZZ,ZZ012
IQ_2f4b5d63410742,SYN_c7dd642194168546,Synthetic Professional 0093,GENERAL,true,ZZ,ZZ013
IQ_769ac94cb87c37,SYN_565692187b8cf585,Synthetic Professional 0094,CARDIOLOGY,true,ZZ,ZZ014
IQ_98280845a4c8b5,SYN_4e1ac7e87e852895,Synthetic Professional 0095,DERMATOLOGY,true,ZZ,ZZ015
IQ_509a5e82c33b0a,SYN_c17251ea3a3c3253,Synthetic Professional 0096,GENERAL,true,ZZ,ZZ016
IQ_4b65363d50b23e,SYN_c385c4e0bca4772e,Synthetic Professional 0097,CARDIOLOGY,false,ZZ,ZZ017
IQ_f4cb6e0d00a708,SYN_a6a37ecd7b8f5262,Synthetic Professional 0098,DERMATOLOGY,true,ZZ,ZZ018
IQ_f51d4eb89f4680,SYN_e07245a874f50dd9,Synthetic Professional 0099,GENERAL,true,ZZ,ZZ019
IQ_fd04c61fa99408,SYN_a34f8faebb4947d5,Synthetic Professional 0100,CARDIOLOGY,true,ZZ,ZZ000
