snapshot_id,organisation_key,organisation_name,country
b014,IQ_0eae1946d45ad7,Synthetic Organisation 010,ZZ
b014,IQ_3cd7d4076079ab,Synthetic Organisation 001,ZZ
b014,IQ_5646a65a595eb9,Synthetic Organisation 007,ZZ
b014,IQ_569d6b5bd515f1,Synthetic Organisation 004,ZZ
b014,IQ_57f9de8d76490a,Synthetic Organisation 006,ZZ
b014,IQ_6bebe7fbfea968,Synthetic Organisation 005,ZZ
b014,IQ_75c4467372fc37,Synthetic Organisation 003,ZZ
b014,IQ_77ae0cc08e8ca8,Synthetic Organisation 008,ZZ
b014,IQ_7e12619e59e725,Synthetic Organisation 012,ZZ
b014,IQ_9ac3f69d3ed0be,Synthetic Organisation 011,ZZ
b014,IQ_dc4bffa1d68c99,Synthetic Organisation 009,ZZ
b014,IQ_f6cacb7e934952,Synthetic Organisation 002,ZZ
