snapshot_id,customer_key,label,speciality,country,postal_sector,active
b012,IQ_04fbe99519f267,Synthetic Professional 0082,CARDIOLOGY,ZZ,ZZ002,true
b012,IQ_08580b228e97d8,Synthetic Professional 0075,GENERAL,ZZ,ZZ015,true
b012,IQ_094a9ccef25ce4,Synthetic Professional 0078,GENERAL,ZZ,ZZ018,true
b012,IQ_0a017a0ac7f565,Synthetic Professional 0059,DERMATOLOGY,ZZ,ZZ019,true
b012,IQ_0dd2b8fa221f25,Synthetic Professional 0085,CARDIOLOGY,ZZ,ZZ005,true
b012,IQ_0deeb3f895714d,Synthetic Professional 0050,DERMATOLOGY,ZZ,ZZ010,true
b012,IQ_12cb9c4a95124c,Synthetic Professional 0070,CARDIOLOGY,ZZ,ZZ010,true
b012,IQ_13e21692d46c20,Synthetic Professional 0051,GENERAL,ZZ,ZZ011,true
b012,IQ_141a77be55dbba,Synthetic Professional 0049,CARDIOLOGY,ZZ,ZZ009,true
b012,IQ_18003b85127893,Synthetic Professional 0054,GENERAL,ZZ,ZZ014,true
b012,IQ_19497683e93201,Synthetic Professional 0006,GENERAL,ZZ,ZZ006,true
b012,IQ_1ad8fd972ecd6a,Synthetic Professional 0055,CARDIOLOGY,ZZ,ZZ015,true
b012,IQ_2220dc90360c82,Synthetic Professional 0010,CARDIOLOGY,ZZ,ZZ010,true
b012,IQ_26088422e4cdf9,Synthetic Professional 0058,CARDIOLOGY,ZZ,ZZ018,true
b012,IQ_2bf809008f4101,Synthetic Professional 0081,GENERAL,ZZ,ZZ001,true
b012,IQ_2d137fa0b8b6ac,Synthetic Professional 0004,CARDIOLOGY,ZZ,ZZ004,true
b012,IQ_2f4b5d63410742,Synthetic Professional 0093,GENERAL,ZZ,ZZ013,true
b012,IQ_2f504035abf7db,Synthetic Professional 0021,GENERAL,ZZ,ZZ001,true
b012,IQ_36ada5c15a6636,Synthetic Professional 0041,DERMATOLOGY,ZZ,ZZ001,true
b012,IQ_3716885bdeac28,Synthetic Professional 0087,GENERAL,ZZ,ZZ007,true
b012,IQ_39a96fcf75a9a5,Synthetic Professional 0028,CARDIOLOGY,ZZ,ZZ008,true
b012,IQ_3a78b487cced5b,Synthetic Professional 0014,DERMATOLOGY,ZZ,ZZ014,true
b012,IQ_3adc52fba19d98,Synthetic Professional 0045,GENERAL,ZZ,ZZ005,true
b012,IQ_3d4ddf185a627c,Synthetic Professional 0092,DERMATOLOGY,ZZ,ZZ012,true
b012,IQ_3dfa318285836d,Synthetic Professional 0063,GENERAL,ZZ,ZZ003,true
b012,IQ_416297cb8e2ce2,Synthetic Professional 0064,CARDIOLOGY,ZZ,ZZ004,true
b012,IQ_421f576734aa70,Synthetic Professional 0040,CARDIOLOGY,ZZ,ZZ000,true
b012,IQ_43970e05028a71,Synthetic Professional 0035,DERMATOLOGY,ZZ,ZZ015,true
b012,IQ_4848d214fab929,Synthetic Professional 0056,DERMATOLOGY,ZZ,ZZ016,true
b012,IQ_4b65363d50b23e,Synthetic Professional 0097,CARDIOLOGY,ZZ,ZZ017,false
b012,IQ_4d5f03fbf84998,Synthetic Professional 0089,DERMATOLOGY,ZZ,ZZ009,true
b012,IQ_4ecb0bfc8dd1b1,Synthetic Professional 0088,CARDIOLOGY,ZZ,ZZ008,true
b012,IQ_509a5e82c33b0a,Synthetic Professional 0096,GENERAL,ZZ,ZZ016,true
b012,IQ_548359ef6f100c,Synthetic Professional 0090,GENERAL,ZZ,ZZ010,true
b012,IQ_5d364b761e11b5,Synthetic Professional 0072,GENERAL,ZZ,ZZ012,true
b012,IQ_5e1000fc0be969,Synthetic Professional 0079,CARDIOLOGY,ZZ,ZZ019,true
b012,IQ_5e8494388814b7,Synthetic Professional 0046,CARDIOLOGY,ZZ,ZZ006,true
b012,IQ_5f616459dc55d5,Synthetic Professional 0052,CARDIOLOGY,ZZ,ZZ012,true
b012,IQ_63e125117381f1,Synthetic Professional 0032,DERMATOLOGY,ZZ,ZZ012,true
b012,IQ_68ae4cb00ee2a3,Synthetic Professional 0068,DERMATOLOGY,ZZ,ZZ008,true
b012,IQ_69fdea3e549ac6,Synthetic Professional 0066,GENERAL,ZZ,ZZ006,true
b012,IQ_6b3bf7706ff616,Synthetic Professional 0062,DERMATOLOGY,ZZ,ZZ002,true
b012,IQ_6e99471b5ac975,Synthetic Professional 0027,GENERAL,ZZ,ZZ007,true
b012,IQ_728f393240bb1d,Synthetic Professional 0016,CARDIOLOGY,ZZ,ZZ016,true
b012,IQ_73a7e08f759536,Synthetic Professional 0042,GENERAL,ZZ,ZZ002,true
b012,IQ_7456b6114ee921,Synthetic Professional 0074,DERMATOLOGY,ZZ,ZZ014,true
b012,IQ_7552d7924c315f,Synthetic Professional 0083,DERMATOLOGY,ZZ,ZZ003,true
b012,IQ_769ac94cb87c37,Synthetic Professional 0094,CARDIOLOGY,ZZ,ZZ014,true
b012,IQ_786571a47515e2,Synthetic Professional 0060,GENERAL,ZZ,ZZ000,true
b012,IQ_7a7aed33c59471,Synthetic Professional 0069,GENERAL,ZZ,ZZ009,true
b012,IQ_7aac0aa23092b3,Synthetic Professional 0080,DERMATOLOGY,ZZ,ZZ000,true
b012,IQ_7d957caf585d5f,Synthetic Professional 0002,DERMATOLOGY,ZZ,ZZ002,true
b012,IQ_8020ee5b2ab3b4,Synthetic Professional 0086,DERMATOLOGY,ZZ,ZZ006,true
b012,IQ_8e278d5ba4c860,Synthetic Professional 0015,GENERAL,ZZ,ZZ015,true
b012,IQ_8ee2ef868089f8,Synthetic Professional 0018,GENERAL,ZZ,ZZ018,true
b012,IQ_90eb0591b897d4,Synthetic Professional 0033,GENERAL,ZZ,ZZ013,true
b012,IQ_91142399c21c7e,Synthetic Professional 0013,CARDIOLOGY,ZZ,ZZ013,true
b012,IQ_92030316fdcdfe,Synthetic Professional 0020,DERMATOLOGY,ZZ,ZZ000,true
b012,IQ_9360e3fed994a8,Synthetic Professional 0037,CARDIOLOGY,ZZ,ZZ017,true
b012,IQ_9738f9711a47cf,Synthetic Professional 0001,CARDIOLOGY,ZZ,ZZ001,true
b012,IQ_978447cff2fdd5,Synthetic Professional 0061,CARDIOLOGY,ZZ,ZZ001,true
b012,IQ_98280845a4c8b5,Synthetic Professional 0095,DERMATOLOGY,ZZ,ZZ015,true
b012,IQ_98b4c8755fecdb,Synthetic Professional 0030,GENERAL,ZZ,ZZ010,true
b012,IQ_9cfab99c88ecfa,Synthetic Professional 0007,CARDIOLOGY,ZZ,ZZ007,true
b012,IQ_9fb9d375951c9f,Synthetic Professional 0034,CARDIOLOGY,ZZ,ZZ014,true
b012,IQ_a0a629b3034557,Synthetic Professional 0071,DERMATOLOGY,ZZ,ZZ011,true
b012,IQ_a1f14c57569bd9,Synthetic Professional 0003,GENERAL,ZZ,ZZ003,true
b012,IQ_a6543230d73012,Synthetic Professional 0053,DERMATOLOGY,ZZ,ZZ013,true
b012,IQ_a6d0c3c9f640d2,Synthetic Professional 0029,DERMATOLOGY,ZZ,ZZ009,true
b012,IQ_abdd6f3d6ea2f9,Synthetic Professional 0038,DERMATOLOGY,ZZ,ZZ018,true
b012,IQ_ad9b4b88d3a85e,Synthetic Professional 0073,CARDIOLOGY,ZZ,ZZ013,true
b012,IQ_b129f52b9e347e,Synthetic Professional 0025,CARDIOLOGY,ZZ,ZZ005,true
b012,IQ_b6c2a3cd950815,Synthetic Professional 0084,GENERAL,ZZ,ZZ004,true
b012,IQ_b8a09904e4cc44,Synthetic Professional 0026,DERMATOLOGY,ZZ,ZZ006,true
b012,IQ_b999195dfbc669,Synthetic Professional 0076,CARDIOLOGY,ZZ,ZZ016,true
b012,IQ_bbf16dea36ebe6,Synthetic Professional 0067,CARDIOLOGY,ZZ,ZZ007,true
b012,IQ_bee67dd5b938ba,Synthetic Professional 0019,CARDIOLOGY,ZZ,ZZ019,true
b012,IQ_c0c5a4a429739c,Synthetic Professional 0009,GENERAL,ZZ,ZZ009,true
b012,IQ_c0d0da0755d27e,Synthetic Professional 0005,DERMATOLOGY,ZZ,ZZ005,true
b012,IQ_cd3263114f74aa,Synthetic Professional 0039,GENERAL,ZZ,ZZ019,true
b012,IQ_cebb1fc978b824,Synthetic Professional 0065,DERMATOLOGY,ZZ,ZZ005,true
b012,IQ_cf446d2ff0e298,Synthetic Professional 0077,DERMATOLOGY,ZZ,ZZ017,true
b012,IQ_d18d2fb59cfe6e,Synthetic Professional 0044,DERMATOLOGY,ZZ,ZZ004,true
b012,IQ_d2fdc3f4fb6963,Synthetic Professional 0031,CARDIOLOGY,ZZ,ZZ011,true
b012,IQ_d70ceade00121a,Synthetic Professional 0057,GENERAL,ZZ,ZZ017,true
b012,IQ_d7ec2fb9c64928,Synthetic Professional 0036,GENERAL,ZZ,ZZ016,true
b012,IQ_d8d4e5a826c8f9,Synthetic Professional 0091,CARDIOLOGY,ZZ,ZZ011,true
b012,IQ_dc42615e10696d,Synthetic Professional 0043,CARDIOLOGY,ZZ,ZZ003,true
b012,IQ_e35dbf91fb46f8,Synthetic Professional 0017,DERMATOLOGY,ZZ,ZZ017,true
b012,IQ_e552f1ddf030fb,Synthetic Professional 0022,CARDIOLOGY,ZZ,ZZ002,true
b012,IQ_eeb2a0b0f2ecd8,Synthetic Professional 0008,DERMATOLOGY,ZZ,ZZ008,true
b012,IQ_f07eaf14e693a5,Synthetic Professional 0023,DERMATOLOGY,ZZ,ZZ003,true
b012,IQ_f412bc7dfa9020,Synthetic Professional 0047,DERMATOLOGY,ZZ,ZZ007,true
b012,IQ_f4cb6e0d00a708,Synthetic Professional 0098,DERMATOLOGY,ZZ,ZZ018,true
b012,IQ_f51d4eb89f4680,Synthetic Professional 0099,GENERAL,ZZ,ZZ019,true
b012,IQ_f51ff3278100d8,Synthetic Professional 0024,GENERAL,ZZ,ZZ004,true
b012,IQ_f8746fa6d8ac04,Synthetic Professional 0011,DERMATOLOGY,ZZ,ZZ011,true
b012,IQ_f8f7bb250ca8f2,Synthetic Professional 0048,GENERAL,ZZ,ZZ008,true
b012,IQ_fb9c5e296c0d40,Synthetic Professional 0012,GENERAL,ZZ,ZZ012,true
b012,IQ_fd04c61fa99408,Synthetic Professional 0100,CARDIOLOGY,ZZ,ZZ000,true
