snapshot_id,membership_key,campaign_key,customer_key,contact_key,member_status
b012,MEM-1-1,SA_d351b0c1f7862f,IQ_9738f9711a47cf,SA_20b0fcd592c48c,ENROLLED
b012,MEM-1-10,SA_d351b0c1f7862f,IQ_2220dc90360c82,SA_01d39d2c1d0765,ENROLLED
b012,MEM-1-100,SA_d351b0c1f7862f,,SA_7bd2ae8d4b0459,ENROLLED
b012,MEM-1-11,SA_d351b0c1f7862f,IQ_f8746fa6d8ac04,SA_a0a592edba5dd0,ENROLLED
b012,MEM-1-12,SA_d351b0c1f7862f,IQ_fb9c5e296c0d40,SA_e06b9de5993258,ENROLLED
b012,MEM-1-13,SA_d351b0c1f7862f,IQ_91142399c21c7e,SA_c4b251c9103cd4,ENROLLED
b012,MEM-1-14,SA_d351b0c1f7862f,IQ_3a78b487cced5b,SA_6d95b4c7ba376b,ENROLLED
b012,MEM-1-15,SA_d351b0c1f7862f,IQ_8e278d5ba4c860,SA_3c50ff8b5fe17e,ENROLLED
b012,MEM-1-16,SA_d351b0c1f7862f,IQ_728f393240bb1d,SA_c4f21d08a5ed90,ENROLLED
b012,MEM-1-17,SA_d351b0c1f7862f,IQ_e35dbf91fb46f8,SA_d7d78e5b061697,ENROLLED
b012,MEM-1-18,SA_d351b0c1f7862f,IQ_8ee2ef868089f8,SA_8f3e93e471316f,ENROLLED
b012,MEM-1-19,SA_d351b0c1f7862f,IQ_bee67dd5b938ba,SA_9f7aaa88968dab,ENROLLED
b012,MEM-1-2,SA_d351b0c1f7862f,IQ_7d957caf585d5f,SA_fd1700c2b278e2,ENROLLED
b012,MEM-1-3,SA_d351b0c1f7862f,IQ_a1f14c57569bd9,SA_b1135a428e2843,ENROLLED
b012,MEM-1-4,SA_d351b0c1f7862f,IQ_2d137fa0b8b6ac,SA_82d66203b68113,ENROLLED
b012,MEM-1-5,SA_d351b0c1f7862f,IQ_c0d0da0755d27e,SA_df8ed0f678f9b5,ENROLLED
b012,MEM-1-6,SA_d351b0c1f7862f,IQ_19497683e93201,SA_a1f060f04aba95,ENROLLED
b012,MEM-1-7,SA_d351b0c1f7862f,IQ_9cfab99c88ecfa,SA_168c3975fcf876,ENROLLED
b012,MEM-1-8,SA_d351b0c1f7862f,IQ_eeb2a0b0f2ecd8,SA_ebe09ad96d8da2,ENROLLED
b012,MEM-1-9,SA_d351b0c1f7862f,IQ_c0c5a4a429739c,SA_1033be66a89fd0,ENROLLED
b012,MEM-2-21,SA_dc2c943c2b2559,IQ_2f504035abf7db,SA_491a102550063b,ENROLLED
b012,MEM-2-22,SA_dc2c943c2b2559,IQ_e552f1ddf030fb,SA_67982842729914,ENROLLED
b012,MEM-2-23,SA_dc2c943c2b2559,IQ_f07eaf14e693a5,SA_06227686d58c61,ENROLLED
b012,MEM-2-24,SA_dc2c943c2b2559,IQ_f51ff3278100d8,SA_f80c9d2bea43c9,ENROLLED
b012,MEM-2-25,SA_dc2c943c2b2559,IQ_b129f52b9e347e,SA_f66fbf35fe5242,ENROLLED
b012,MEM-2-26,SA_dc2c943c2b2559,IQ_b8a09904e4cc44,SA_0353898baefc94,ENROLLED
b012,MEM-2-27,SA_dc2c943c2b2559,IQ_6e99471b5ac975,SA_9416db321f016f,ENROLLED
b012,MEM-2-28,SA_dc2c943c2b2559,IQ_39a96fcf75a9a5,SA_dfbc47a7b5aefb,ENROLLED
b012,MEM-2-29,SA_dc2c943c2b2559,IQ_a6d0c3c9f640d2,SA_a41d3514aebb18,ENROLLED
b012,MEM-2-30,SA_dc2c943c2b2559,IQ_98b4c8755fecdb,SA_e348dea9270abe,ENROLLED
b012,MEM-2-31,SA_dc2c943c2b2559,IQ_d2fdc3f4fb6963,SA_031547434aa228,ENROLLED
b012,MEM-2-32,SA_dc2c943c2b2559,IQ_63e125117381f1,SA_edfd7cbf7058af,ENROLLED
b012,MEM-2-33,SA_dc2c943c2b2559,IQ_90eb0591b897d4,SA_7afd02c57f3e04,ENROLLED
b012,MEM-2-34,SA_dc2c943c2b2559,IQ_9fb9d375951c9f,SA_bbf2ee84a7b6b0,ENROLLED
b012,MEM-2-35,SA_dc2c943c2b2559,IQ_43970e05028a71,SA_0304fbce0dcbc5,ENROLLED
b012,MEM-2-36,SA_dc2c943c2b2559,IQ_d7ec2fb9c64928,SA_649b503b243711,ENROLLED
b012,MEM-2-37,SA_dc2c943c2b2559,IQ_9360e3fed994a8,SA_412af5acef0178,ENROLLED
b012,MEM-2-38,SA_dc2c943c2b2559,IQ_abdd6f3d6ea2f9,SA_59dcff15fa0dfc,ENROLLED
b012,MEM-2-39,SA_dc2c943c2b2559,IQ_cd3263114f74aa,SA_760ec0fbeaf3fc,ENROLLED
b012,MEM-2-40,SA_dc2c943c2b2559,IQ_421f576734aa70,SA_1b8419a8f284c9,ENROLLED
b012,MEM-3-41,SA_09fe5acf0ff223,IQ_36ada5c15a6636,SA_6e49dfe2c14252,ENROLLED
b012,MEM-3-42,SA_09fe5acf0ff223,IQ_73a7e08f759536,SA_4349f162458661,ENROLLED
b012,MEM-3-43,SA_09fe5acf0ff223,IQ_dc42615e10696d,SA_00f7b378b43d19,ENROLLED
b012,MEM-3-44,SA_09fe5acf0ff223,IQ_d18d2fb59cfe6e,SA_1ec48773ba8f01,ENROLLED
b012,MEM-3-45,SA_09fe5acf0ff223,IQ_3adc52fba19d98,SA_84e3b2dfb3e47f,ENROLLED
b012,MEM-3-46,SA_09fe5acf0ff223,IQ_5e8494388814b7,SA_fd4c89f2c059e4,ENROLLED
b012,MEM-3-47,SA_09fe5acf0ff223,IQ_f412bc7dfa9020,SA_d197634c3a5a4c,ENROLLED
b012,MEM-3-48,SA_09fe5acf0ff223,IQ_f8f7bb250ca8f2,SA_54ad4ac736f4a8,ENROLLED
b012,MEM-3-49,SA_09fe5acf0ff223,IQ_141a77be55dbba,SA_fcbeda68ae14d9,ENROLLED
b012,MEM-3-50,SA_09fe5acf0ff223,IQ_0deeb3f895714d,SA_4cdf41b41875af,ENROLLED
b012,MEM-3-51,SA_09fe5acf0ff223,IQ_13e21692d46c20,SA_0bfdc11dcfb844,ENROLLED
b012,MEM-3-52,SA_09fe5acf0ff223,IQ_5f616459dc55d5,SA_c8039aef942ce5,ENROLLED
b012,MEM-3-53,SA_09fe5acf0ff223,IQ_a6543230d73012,SA_88b38fb4cb78fa,ENROLLED
b012,MEM-3-54,SA_09fe5acf0ff223,IQ_18003b85127893,SA_e3f7e527efa085,ENROLLED
b012,MEM-3-55,SA_09fe5acf0ff223,IQ_1ad8fd972ecd6a,SA_a96d14b7328a09,ENROLLED
b012,MEM-3-56,SA_09fe5acf0ff223,IQ_4848d214fab929,SA_d6da4188cdd518,ENROLLED
b012,MEM-3-57,SA_09fe5acf0ff223,IQ_d70ceade00121a,SA_bea4679cb8b105,ENROLLED
b012,MEM-3-58,SA_09fe5acf0ff223,IQ_26088422e4cdf9,SA_7d5c6516cf0c7e,ENROLLED
b012,MEM-3-59,SA_09fe5acf0ff223,IQ_0a017a0ac7f565,SA_4ec9e5aad22a62,ENROLLED
b012,MEM-3-60,SA_09fe5acf0ff223,IQ_786571a47515e2,SA_6ad0beea0d23c9,ENROLLED
b012,MEM-4-61,SA_78a714ac9531a7,IQ_978447cff2fdd5,SA_2a3e0e978ab18c,ENROLLED
b012,MEM-4-62,SA_78a714ac9531a7,IQ_6b3bf7706ff616,SA_97d2318c850618,ENROLLED
b012,MEM-4-63,SA_78a714ac9531a7,IQ_3dfa318285836d,SA_be537b1f42d59c,ENROLLED
b012,MEM-4-64,SA_78a714ac9531a7,IQ_416297cb8e2ce2,SA_6cf5ec3a58830e,ENROLLED
b012,MEM-4-65,SA_78a714ac9531a7,IQ_cebb1fc978b824,SA_57eebf80605499,ENROLLED
b012,MEM-4-66,SA_78a714ac9531a7,IQ_69fdea3e549ac6,SA_693beaf33de779,ENROLLED
b012,MEM-4-67,SA_78a714ac9531a7,IQ_bbf16dea36ebe6,SA_337c994125a861,ENROLLED
b012,MEM-4-68,SA_78a714ac9531a7,IQ_68ae4cb00ee2a3,SA_98aec15b508988,ENROLLED
b012,MEM-4-69,SA_78a714ac9531a7,IQ_7a7aed33c59471,SA_bcb6c6fcb37d28,ENROLLED
b012,MEM-4-70,SA_78a714ac9531a7,IQ_12cb9c4a95124c,SA_aa72ab05209a9e,ENROLLED
b012,MEM-4-71,SA_78a714ac9531a7,IQ_a0a629b3034557,SA_560693c1074d95,ENROLLED
b012,MEM-4-72,SA_78a714ac9531a7,IQ_5d364b761e11b5,SA_457356d015ce5d,ENROLLED
b012,MEM-4-73,SA_78a714ac9531a7,IQ_ad9b4b88d3a85e,SA_e524ffe653d45b,ENROLLED
b012,MEM-4-74,SA_78a714ac9531a7,IQ_7456b6114ee921,SA_6651e6f633a403,ENROLLED
b012,MEM-4-75,SA_78a714ac9531a7,IQ_08580b228e97d8,SA_51917e3a0652fa,ENROLLED
b012,MEM-4-76,SA_78a714ac9531a7,IQ_b999195dfbc669,SA_ea1d946754a779,ENROLLED
b012,MEM-4-77,SA_78a714ac9531a7,IQ_cf446d2ff0e298,SA_3fefe970e001a2,ENROLLED
b012,MEM-4-78,SA_78a714ac9531a7,IQ_094a9ccef25ce4,SA_b9613cd1c9494c,ENROLLED
b012,MEM-4-79,SA_78a714ac9531a7,IQ_5e1000fc0be969,SA_bf8e6e7643551a,ENROLLED
b012,MEM-4-80,SA_78a714ac9531a7,IQ_7aac0aa23092b3,SA_364fd1c1537816,ENROLLED
b012,MEM-5-1,SA_811ce35864b24c,IQ_9738f9711a47cf,SA_20b0fcd592c48c,ENROLLED
b012,MEM-5-10,SA_811ce35864b24c,IQ_2220dc90360c82,SA_01d39d2c1d0765,ENROLLED
b012,MEM-5-100,SA_811ce35864b24c,,SA_7bd2ae8d4b0459,ENROLLED
b012,MEM-5-11,SA_811ce35864b24c,IQ_f8746fa6d8ac04,SA_a0a592edba5dd0,ENROLLED
b012,MEM-5-12,SA_811ce35864b24c,IQ_fb9c5e296c0d40,SA_e06b9de5993258,ENROLLED
b012,MEM-5-13,SA_811ce35864b24c,IQ_91142399c21c7e,SA_c4b251c9103cd4,ENROLLED
b012,MEM-5-14,SA_811ce35864b24c,IQ_3a78b487cced5b,SA_6d95b4c7ba376b,ENROLLED
b012,MEM-5-15,SA_811ce35864b24c,IQ_8e278d5ba4c860,SA_3c50ff8b5fe17e,ENROLLED
b012,MEM-5-16,SA_811ce35864b24c,IQ_728f393240bb1d,SA_c4f21d08a5ed90,ENROLLED
b012,MEM-5-17,SA_811ce35864b24c,IQ_e35dbf91fb46f8,SA_d7d78e5b061697,ENROLLED
b012,MEM-5-18,SA_811ce35864b24c,IQ_8ee2ef868089f8,SA_8f3e93e471316f,ENROLLED
b012,MEM-5-19,SA_811ce35864b24c,IQ_bee67dd5b938ba,SA_9f7aaa88968dab,ENROLLED
b012,MEM-5-2,SA_811ce35864b24c,IQ_7d957caf585d5f,SA_fd1700c2b278e2,ENROLLED
b012,MEM-5-20,SA_811ce35864b24c,IQ_92030316fdcdfe,SA_c178467ceaa752,ENROLLED
b012,MEM-5-3,SA_811ce35864b24c,IQ_a1f14c57569bd9,SA_b1135a428e2843,ENROLLED
b012,MEM-5-4,SA_811ce35864b24c,IQ_2d137fa0b8b6ac,SA_82d66203b68113,ENROLLED
b012,MEM-5-5,SA_811ce35864b24c,IQ_c0d0da0755d27e,SA_df8ed0f678f9b5,ENROLLED
b012,MEM-5-6,SA_811ce35864b24c,IQ_19497683e93201,SA_a1f060f04aba95,ENROLLED
b012,MEM-5-7,SA_811ce35864b24c,IQ_9cfab99c88ecfa,SA_168c3975fcf876,ENROLLED
b012,MEM-5-8,SA_811ce35864b24c,IQ_eeb2a0b0f2ecd8,SA_ebe09ad96d8da2,ENROLLED
b012,MEM-5-9,SA_811ce35864b24c,IQ_c0c5a4a429739c,SA_1033be66a89fd0,ENROLLED
