snapshot_id,preference_key,customer_key,contact_key,channel,purpose,status,effective_at,sequence_no,delivery_batch
b012,CONSENT-000001,IQ_9738f9711a47cf,SA_20b0fcd592c48c,EMAIL,COMMERCIAL,GRANTED,2026-07-18T00:00:00Z,1,b001
b012,CONSENT-000002,IQ_7d957caf585d5f,SA_fd1700c2b278e2,EMAIL,COMMERCIAL,GRANTED,2026-07-18T00:00:00Z,1,b001
b012,CONSENT-000003,IQ_a1f14c57569bd9,SA_b1135a428e2843,EMAIL,COMMERCIAL,GRANTED,2026-07-18T00:00:00Z,1,b001
b012,CONSENT-000005,IQ_c0d0da0755d27e,SA_df8ed0f678f9b5,EMAIL,COMMERCIAL,GRANTED,2026-07-18T00:00:00Z,1,b001
b012,CONSENT-000006,IQ_19497683e93201,SA_a1f060f04aba95,EMAIL,COMMERCIAL,GRANTED,2026-07-18T00:00:00Z,1,b001
b012,CONSENT-000007,IQ_9cfab99c88ecfa,SA_168c3975fcf876,EMAIL,COMMERCIAL,GRANTED,2026-07-18T00:00:00Z,1,b001
b012,CONSENT-000008,IQ_eeb2a0b0f2ecd8,SA_ebe09ad96d8da2,EMAIL,COMMERCIAL,GRANTED,2026-07-18T00:00:00Z,1,b001
b012,CONSENT-000009,IQ_c0c5a4a429739c,SA_1033be66a89fd0,EMAIL,COMMERCIAL,GRANTED,2026-07-18T00:00:00Z,1,b001
b012,CONSENT-000010,IQ_2220dc90360c82,SA_01d39d2c1d0765,EMAIL,COMMERCIAL,GRANTED,2026-07-18T00:00:00Z,1,b001
b012,CONSENT-000011,IQ_f8746fa6d8ac04,SA_a0a592edba5dd0,EMAIL,COMMERCIAL,GRANTED,2026-07-18T00:00:00Z,1,b001
b012,CONSENT-000012,IQ_fb9c5e296c0d40,SA_e06b9de5993258,EMAIL,COMMERCIAL,GRANTED,2026-07-18T00:00:00Z,1,b001
b012,CONSENT-000013,IQ_91142399c21c7e,SA_c4b251c9103cd4,EMAIL,COMMERCIAL,GRANTED,2026-07-18T00:00:00Z,1,b001
b012,CONSENT-000014,IQ_3a78b487cced5b,SA_6d95b4c7ba376b,EMAIL,COMMERCIAL,GRANTED,2026-07-18T00:00:00Z,1,b001
b012,CONSENT-000015,IQ_8e278d5ba4c860,SA_3c50ff8b5fe17e,EMAIL,COMMERCIAL,GRANTED,2026-07-18T00:00:00Z,1,b001
b012,CONSENT-000016,IQ_728f393240bb1d,SA_c4f21d08a5ed90,EMAIL,COMMERCIAL,GRANTED,2026-07-18T00:00:00Z,1,b001
b012,CONSENT-000017,IQ_e35dbf91fb46f8,SA_d7d78e5b061697,EMAIL,COMMERCIAL,GRANTED,2026-07-18T00:00:00Z,1,b001
b012,CONSENT-000018,IQ_8ee2ef868089f8,SA_8f3e93e471316f,EMAIL,COMMERCIAL,GRANTED,2026-07-18T00:00:00Z,1,b001
b012,CONSENT-000019,IQ_bee67dd5b938ba,SA_9f7aaa88968dab,EMAIL,COMMERCIAL,GRANTED,2026-07-18T00:00:00Z,1,b001
b012,CONSENT-000020,IQ_92030316fdcdfe,SA_c178467ceaa752,EMAIL,COMMERCIAL,GRANTED,2026-07-18T00:00:00Z,1,b001
b012,CONSENT-000021,IQ_2f504035abf7db,SA_491a102550063b,EMAIL,COMMERCIAL,GRANTED,2026-07-18T00:00:00Z,1,b001
b012,CONSENT-000022,IQ_e552f1ddf030fb,SA_67982842729914,EMAIL,COMMERCIAL,GRANTED,2026-07-18T00:00:00Z,1,b001
b012,CONSENT-000023,IQ_f07eaf14e693a5,SA_06227686d58c61,EMAIL,COMMERCIAL,GRANTED,2026-07-18T00:00:00Z,1,b001
b012,CONSENT-000024,IQ_f51ff3278100d8,SA_f80c9d2bea43c9,EMAIL,COMMERCIAL,GRANTED,2026-07-18T00:00:00Z,1,b001
b012,CONSENT-000025,IQ_b129f52b9e347e,SA_f66fbf35fe5242,EMAIL,COMMERCIAL,GRANTED,2026-07-18T00:00:00Z,1,b001
b012,CONSENT-000026,IQ_b8a09904e4cc44,SA_0353898baefc94,EMAIL,COMMERCIAL,GRANTED,2026-07-18T00:00:00Z,1,b001
b012,CONSENT-000027,IQ_6e99471b5ac975,SA_9416db321f016f,EMAIL,COMMERCIAL,GRANTED,2026-07-18T00:00:00Z,1,b001
b012,CONSENT-000028,IQ_39a96fcf75a9a5,SA_dfbc47a7b5aefb,EMAIL,COMMERCIAL,GRANTED,2026-07-18T00:00:00Z,1,b001
b012,CONSENT-000029,IQ_a6d0c3c9f640d2,SA_a41d3514aebb18,EMAIL,COMMERCIAL,GRANTED,2026-07-18T00:00:00Z,1,b001
b012,CONSENT-000030,IQ_98b4c8755fecdb,SA_e348dea9270abe,EMAIL,COMMERCIAL,GRANTED,2026-07-18T00:00:00Z,1,b001
b012,CONSENT-000031,IQ_d2fdc3f4fb6963,SA_031547434aa228,EMAIL,COMMERCIAL,GRANTED,2026-07-18T00:00:00Z,1,b001
b012,CONSENT-000032,IQ_63e125117381f1,SA_edfd7cbf7058af,EMAIL,COMMERCIAL,GRANTED,2026-07-18T00:00:00Z,1,b001
b012,CONSENT-000033,IQ_90eb0591b897d4,SA_7afd02c57f3e04,EMAIL,COMMERCIAL,GRANTED,2026-07-18T00:00:00Z,1,b001
b012,CONSENT-000034,IQ_9fb9d375951c9f,SA_bbf2ee84a7b6b0,EMAIL,COMMERCIAL,GRANTED,2026-07-18T00:00:00Z,1,b001
b012,CONSENT-000035,IQ_43970e05028a71,SA_0304fbce0dcbc5,EMAIL,COMMERCIAL,GRANTED,2026-07-18T00:00:00Z,1,b001
b012,CONSENT-000036,IQ_d7ec2fb9c64928,SA_649b503b243711,EMAIL,COMMERCIAL,GRANTED,2026-07-18T00:00:00Z,1,b001
b012,CONSENT-000037,IQ_9360e3fed994a8,SA_412af5acef0178,EMAIL,COMMERCIAL,GRANTED,2026-07-18T00:00:00Z,1,b001
b012,CONSENT-000038,IQ_abdd6f3d6ea2f9,SA_59dcff15fa0dfc,EMAIL,COMMERCIAL,GRANTED,2026-07-18T00:00:00Z,1,b001
b012,CONSENT-000039,IQ_cd3263114f74aa,SA_760ec0fbeaf3fc,EMAIL,COMMERCIAL,GRANTED,2026-07-18T00:00:00Z,1,b001
b012,CONSENT-000040,IQ_421f576734aa70,SA_1b8419a8f284c9,EMAIL,COMMERCIAL,GRANTED,2026-07-18T00:00:00Z,1,b001
b012,CONSENT-000041,IQ_36ada5c15a6636,SA_6e49dfe2c14252,EMAIL,COMMERCIAL,GRANTED,2026-07-18T00:00:00Z,1,b001
b012,CONSENT-000042,IQ_73a7e08f759536,SA_4349f162458661,EMAIL,COMMERCIAL,GRANTED,2026-07-18T00:00:00Z,1,b001
b012,CONSENT-000043,IQ_dc42615e10696d,SA_00f7b378b43d19,EMAIL,COMMERCIAL,GRANTED,2026-07-18T00:00:00Z,1,b001
b012,CONSENT-000044,IQ_d18d2fb59cfe6e,SA_1ec48773ba8f01,EMAIL,COMMERCIAL,GRANTED,2026-07-18T00:00:00Z,1,b001
b012,CONSENT-000045,IQ_3adc52fba19d98,SA_84e3b2dfb3e47f,EMAIL,COMMERCIAL,GRANTED,2026-07-18T00:00:00Z,1,b001
b012,CONSENT-000046,IQ_5e8494388814b7,SA_fd4c89f2c059e4,EMAIL,COMMERCIAL,GRANTED,2026-07-18T00:00:00Z,1,b001
b012,CONSENT-000047,IQ_f412bc7dfa9020,SA_d197634c3a5a4c,EMAIL,COMMERCIAL,GRANTED,2026-07-18T00:00:00Z,1,b001
b012,CONSENT-000048,IQ_f8f7bb250ca8f2,SA_54ad4ac736f4a8,EMAIL,COMMERCIAL,GRANTED,2026-07-18T00:00:00Z,1,b001
b012,CONSENT-000049,IQ_141a77be55dbba,SA_fcbeda68ae14d9,EMAIL,COMMERCIAL,GRANTED,2026-07-18T00:00:00Z,1,b001
b012,CONSENT-000050,IQ_0deeb3f895714d,SA_4cdf41b41875af,EMAIL,COMMERCIAL,GRANTED,2026-07-18T00:00:00Z,1,b001
b012,CONSENT-000051,IQ_13e21692d46c20,SA_0bfdc11dcfb844,EMAIL,COMMERCIAL,GRANTED,2026-07-18T00:00:00Z,1,b001
b012,CONSENT-000052,IQ_5f616459dc55d5,SA_c8039aef942ce5,EMAIL,COMMERCIAL,GRANTED,2026-07-18T00:00:00Z,1,b001
b012,CONSENT-000053,IQ_a6543230d73012,SA_88b38fb4cb78fa,EMAIL,COMMERCIAL,GRANTED,2026-07-18T00:00:00Z,1,b001
b012,CONSENT-000054,IQ_18003b85127893,SA_e3f7e527efa085,EMAIL,COMMERCIAL,GRANTED,2026-07-18T00:00:00Z,1,b001
b012,CONSENT-000055,IQ_1ad8fd972ecd6a,SA_a96d14b7328a09,EMAIL,COMMERCIAL,GRANTED,2026-07-18T00:00:00Z,1,b001
b012,CONSENT-000056,IQ_4848d214fab929,SA_d6da4188cdd518,EMAIL,COMMERCIAL,GRANTED,2026-07-18T00:00:00Z,1,b001
b012,CONSENT-000057,IQ_d70ceade00121a,SA_bea4679cb8b105,EMAIL,COMMERCIAL,GRANTED,2026-07-18T00:00:00Z,1,b001
b012,CONSENT-000058,IQ_26088422e4cdf9,SA_7d5c6516cf0c7e,EMAIL,COMMERCIAL,GRANTED,2026-07-18T00:00:00Z,1,b001
b012,CONSENT-000059,IQ_0a017a0ac7f565,SA_4ec9e5aad22a62,EMAIL,COMMERCIAL,GRANTED,2026-07-18T00:00:00Z,1,b001
b012,CONSENT-000060,IQ_786571a47515e2,SA_6ad0beea0d23c9,EMAIL,COMMERCIAL,GRANTED,2026-07-18T00:00:00Z,1,b001
b012,CONSENT-000061,IQ_978447cff2fdd5,SA_2a3e0e978ab18c,EMAIL,COMMERCIAL,GRANTED,2026-07-18T00:00:00Z,1,b001
b012,CONSENT-000062,IQ_6b3bf7706ff616,SA_97d2318c850618,EMAIL,COMMERCIAL,GRANTED,2026-07-18T00:00:00Z,1,b001
b012,CONSENT-000063,IQ_3dfa318285836d,SA_be537b1f42d59c,EMAIL,COMMERCIAL,GRANTED,2026-07-18T00:00:00Z,1,b001
b012,CONSENT-000064,IQ_416297cb8e2ce2,SA_6cf5ec3a58830e,EMAIL,COMMERCIAL,GRANTED,2026-07-18T00:00:00Z,1,b001
b012,CONSENT-000065,IQ_cebb1fc978b824,SA_57eebf80605499,EMAIL,COMMERCIAL,GRANTED,2026-07-18T00:00:00Z,1,b001
b012,CONSENT-000066,IQ_69fdea3e549ac6,SA_693beaf33de779,EMAIL,COMMERCIAL,GRANTED,2026-07-18T00:00:00Z,1,b001
b012,CONSENT-000067,IQ_bbf16dea36ebe6,SA_337c994125a861,EMAIL,COMMERCIAL,GRANTED,2026-07-18T00:00:00Z,1,b001
b012,CONSENT-000068,IQ_68ae4cb00ee2a3,SA_98aec15b508988,EMAIL,COMMERCIAL,GRANTED,2026-07-18T00:00:00Z,1,b001
b012,CONSENT-000069,IQ_7a7aed33c59471,SA_bcb6c6fcb37d28,EMAIL,COMMERCIAL,GRANTED,2026-07-18T00:00:00Z,1,b001
b012,CONSENT-000070,IQ_12cb9c4a95124c,SA_aa72ab05209a9e,EMAIL,COMMERCIAL,GRANTED,2026-07-18T00:00:00Z,1,b001
b012,CONSENT-000071,IQ_a0a629b3034557,SA_560693c1074d95,EMAIL,COMMERCIAL,GRANTED,2026-07-18T00:00:00Z,1,b001
b012,CONSENT-000072,IQ_5d364b761e11b5,SA_457356d015ce5d,EMAIL,COMMERCIAL,GRANTED,2026-07-18T00:00:00Z,1,b001
b012,CONSENT-000073,IQ_ad9b4b88d3a85e,SA_e524ffe653d45b,EMAIL,COMMERCIAL,GRANTED,2026-07-18T00:00:00Z,1,b001
b012,CONSENT-000074,IQ_7456b6114ee921,SA_6651e6f633a403,EMAIL,COMMERCIAL,GRANTED,2026-07-18T00:00:00Z,1,b001
b012,CONSENT-000075,IQ_08580b228e97d8,SA_51917e3a0652fa,EMAIL,COMMERCIAL,GRANTED,2026-07-18T00:00:00Z,1,b001
b012,CONSENT-000076,IQ_b999195dfbc669,SA_ea1d946754a779,EMAIL,COMMERCIAL,GRANTED,2026-07-18T00:00:00Z,1,b001
b012,CONSENT-000077,IQ_cf446d2ff0e298,SA_3fefe970e001a2,EMAIL,COMMERCIAL,GRANTED,2026-07-18T00:00:00Z,1,b001
b012,CONSENT-000078,IQ_094a9ccef25ce4,SA_b9613cd1c9494c,EMAIL,COMMERCIAL,GRANTED,2026-07-18T00:00:00Z,1,b001
b012,CONSENT-000079,IQ_5e1000fc0be969,SA_bf8e6e7643551a,EMAIL,COMMERCIAL,GRANTED,2026-07-18T00:00:00Z,1,b001
b012,CONSENT-000080,IQ_7aac0aa23092b3,SA_364fd1c1537816,EMAIL,COMMERCIAL,GRANTED,2026-07-18T00:00:00Z,1,b001
b012,CONSENT-000081,IQ_2bf809008f4101,SA_284f795a8fb512,EMAIL,COMMERCIAL,GRANTED,2026-07-18T00:00:00Z,1,b001
b012,CONSENT-000082,IQ_04fbe99519f267,SA_aaa581c285fdd8,EMAIL,COMMERCIAL,GRANTED,2026-07-18T00:00:00Z,1,b001
b012,CONSENT-000083,IQ_7552d7924c315f,SA_afb6e29f752b5c,EMAIL,COMMERCIAL,GRANTED,2026-07-18T00:00:00Z,1,b001
b012,CONSENT-000084,IQ_b6c2a3cd950815,SA_547dd4b263d599,EMAIL,COMMERCIAL,GRANTED,2026-07-18T00:00:00Z,1,b001
b012,CONSENT-000085,IQ_0dd2b8fa221f25,SA_4984d885a63b5a,EMAIL,COMMERCIAL,GRANTED,2026-07-18T00:00:00Z,1,b001
b012,CONSENT-000086,IQ_8020ee5b2ab3b4,SA_a585d8d85dce2b,EMAIL,COMMERCIAL,GRANTED,2026-07-18T00:00:00Z,1,b001
b012,CONSENT-000087,IQ_3716885bdeac28,SA_aa7d262cb0249d,EMAIL,COMMERCIAL,GRANTED,2026-07-18T00:00:00Z,1,b001
b012,CONSENT-000088,IQ_4ecb0bfc8dd1b1,SA_e6e07bdf482667,EMAIL,COMMERCIAL,GRANTED,2026-07-18T00:00:00Z,1,b001
b012,CONSENT-000089,IQ_4d5f03fbf84998,SA_a1c3925277ca65,EMAIL,COMMERCIAL,GRANTED,2026-07-18T00:00:00Z,1,b001
b012,CONSENT-000090,IQ_548359ef6f100c,SA_ef74b61732767b,EMAIL,COMMERCIAL,GRANTED,2026-07-18T00:00:00Z,1,b001
b012,CONSENT-000091,IQ_d8d4e5a826c8f9,SA_a1779671cb66b2,EMAIL,COMMERCIAL,GRANTED,2026-07-18T00:00:00Z,1,b001
b012,CONSENT-000092,IQ_3d4ddf185a627c,SA_4bc76193999ef6,EMAIL,COMMERCIAL,GRANTED,2026-07-18T00:00:00Z,1,b001
b012,CONSENT-000093,IQ_2f4b5d63410742,SA_1b7bb47932589c,EMAIL,COMMERCIAL,GRANTED,2026-07-18T00:00:00Z,1,b001
b012,CONSENT-000094,IQ_769ac94cb87c37,SA_250a6c38617716,EMAIL,COMMERCIAL,GRANTED,2026-07-18T00:00:00Z,1,b001
b012,CONSENT-000095,IQ_98280845a4c8b5,SA_45d6cd8afc262b,EMAIL,COMMERCIAL,GRANTED,2026-07-18T00:00:00Z,1,b001
b012,CONSENT-000096,IQ_509a5e82c33b0a,SA_178c16824d579b,EMAIL,COMMERCIAL,GRANTED,2026-07-18T00:00:00Z,1,b001
b012,CONSENT-000097,,SA_d8c9aaaddd7ef6,EMAIL,COMMERCIAL,GRANTED,2026-07-18T00:00:00Z,1,b001
b012,CONSENT-000098,IQ_f4cb6e0d00a708,SA_54bafc77a7d18b,EMAIL,COMMERCIAL,GRANTED,2026-07-18T00:00:00Z,1,b001
b012,CONSENT-000099,IQ_f51d4eb89f4680,SA_28778d527a559d,EMAIL,COMMERCIAL,GRANTED,2026-07-18T00:00:00Z,1,b001
b012,CONSENT-000100,,SA_7bd2ae8d4b0459,EMAIL,COMMERCIAL,GRANTED,2026-07-18T00:00:00Z,1,b001
b012,FUTURE-3,IQ_a1f14c57569bd9,SA_b1135a428e2843,EMAIL,COMMERCIAL,GRANTED,2026-10-18T00:00:00Z,3,b002
b012,OPS-CONSENT-3,IQ_9738f9711a47cf,SA_20b0fcd592c48c,EMAIL,COMMERCIAL,WITHDRAWN,2026-10-03T16:00:00Z,3,b004
b012,OPS-CONSENT-7,IQ_9738f9711a47cf,SA_20b0fcd592c48c,EMAIL,COMMERCIAL,GRANTED,2026-10-07T16:00:00Z,7,b008
b012,WITHDRAW-3,IQ_a1f14c57569bd9,SA_b1135a428e2843,EMAIL,COMMERCIAL,WITHDRAWN,2026-10-01T15:00:00Z,2,b002
