snapshot_id,as_of,customer_key,territory_code,assignment_status
b012,2026-10-12T06:00:00Z,IQ_04fbe99519f267,VE_cfa94d395f483d,ASSIGNED
b012,2026-10-12T06:00:00Z,IQ_08580b228e97d8,VE_536fc406bce8a3,ASSIGNED
b012,2026-10-12T06:00:00Z,IQ_094a9ccef25ce4,VE_cfa94d395f483d,ASSIGNED
b012,2026-10-12T06:00:00Z,IQ_0a017a0ac7f565,VE_536fc406bce8a3,ASSIGNED
b012,2026-10-12T06:00:00Z,IQ_0dd2b8fa221f25,VE_d829b56821b8f4,ASSIGNED
b012,2026-10-12T06:00:00Z,IQ_0deeb3f895714d,VE_cfa94d395f483d,ASSIGNED
b012,2026-10-12T06:00:00Z,IQ_12cb9c4a95124c,VE_cfa94d395f483d,ASSIGNED
b012,2026-10-12T06:00:00Z,IQ_13e21692d46c20,VE_536fc406bce8a3,ASSIGNED
b012,2026-10-12T06:00:00Z,IQ_141a77be55dbba,VE_d829b56821b8f4,ASSIGNED
b012,2026-10-12T06:00:00Z,IQ_18003b85127893,VE_cfa94d395f483d,ASSIGNED
b012,2026-10-12T06:00:00Z,IQ_19497683e93201,VE_cfa94d395f483d,ASSIGNED
b012,2026-10-12T06:00:00Z,IQ_1ad8fd972ecd6a,VE_536fc406bce8a3,ASSIGNED
b012,2026-10-12T06:00:00Z,IQ_2220dc90360c82,VE_cfa94d395f483d,ASSIGNED
b012,2026-10-12T06:00:00Z,IQ_26088422e4cdf9,VE_cfa94d395f483d,ASSIGNED
b012,2026-10-12T06:00:00Z,IQ_2bf809008f4101,VE_d829b56821b8f4,ASSIGNED
b012,2026-10-12T06:00:00Z,IQ_2d137fa0b8b6ac,VE_a8f8ffcb3ecc54,ASSIGNED
b012,2026-10-12T06:00:00Z,IQ_2f4b5d63410742,VE_d829b56821b8f4,ASSIGNED
b012,2026-10-12T06:00:00Z,IQ_2f504035abf7db,VE_d829b56821b8f4,ASSIGNED
b012,2026-10-12T06:00:00Z,IQ_36ada5c15a6636,VE_d829b56821b8f4,ASSIGNED
b012,2026-10-12T06:00:00Z,IQ_3716885bdeac28,VE_536fc406bce8a3,ASSIGNED
b012,2026-10-12T06:00:00Z,IQ_39a96fcf75a9a5,VE_a8f8ffcb3ecc54,ASSIGNED
b012,2026-10-12T06:00:00Z,IQ_3a78b487cced5b,VE_cfa94d395f483d,ASSIGNED
b012,2026-10-12T06:00:00Z,IQ_3adc52fba19d98,VE_d829b56821b8f4,ASSIGNED
b012,2026-10-12T06:00:00Z,IQ_3d4ddf185a627c,VE_a8f8ffcb3ecc54,ASSIGNED
b012,2026-10-12T06:00:00Z,IQ_3dfa318285836d,VE_536fc406bce8a3,ASSIGNED
b012,2026-10-12T06:00:00Z,IQ_416297cb8e2ce2,VE_a8f8ffcb3ecc54,ASSIGNED
b012,2026-10-12T06:00:00Z,IQ_421f576734aa70,VE_a8f8ffcb3ecc54,ASSIGNED
b012,2026-10-12T06:00:00Z,IQ_43970e05028a71,VE_536fc406bce8a3,ASSIGNED
b012,2026-10-12T06:00:00Z,IQ_4848d214fab929,VE_a8f8ffcb3ecc54,ASSIGNED
b012,2026-10-12T06:00:00Z,IQ_4d5f03fbf84998,VE_d829b56821b8f4,ASSIGNED
b012,2026-10-12T06:00:00Z,IQ_4ecb0bfc8dd1b1,VE_a8f8ffcb3ecc54,ASSIGNED
b012,2026-10-12T06:00:00Z,IQ_509a5e82c33b0a,VE_a8f8ffcb3ecc54,ASSIGNED
b012,2026-10-12T06:00:00Z,IQ_548359ef6f100c,VE_cfa94d395f483d,ASSIGNED
b012,2026-10-12T06:00:00Z,IQ_5d364b761e11b5,VE_a8f8ffcb3ecc54,ASSIGNED
b012,2026-10-12T06:00:00Z,IQ_5e1000fc0be969,VE_536fc406bce8a3,ASSIGNED
b012,2026-10-12T06:00:00Z,IQ_5e8494388814b7,VE_cfa94d395f483d,ASSIGNED
b012,2026-10-12T06:00:00Z,IQ_5f616459dc55d5,VE_a8f8ffcb3ecc54,ASSIGNED
b012,2026-10-12T06:00:00Z,IQ_63e125117381f1,VE_a8f8ffcb3ecc54,ASSIGNED
b012,2026-10-12T06:00:00Z,IQ_68ae4cb00ee2a3,VE_a8f8ffcb3ecc54,ASSIGNED
b012,2026-10-12T06:00:00Z,IQ_69fdea3e549ac6,VE_cfa94d395f483d,ASSIGNED
b012,2026-10-12T06:00:00Z,IQ_6b3bf7706ff616,VE_cfa94d395f483d,ASSIGNED
b012,2026-10-12T06:00:00Z,IQ_6e99471b5ac975,VE_536fc406bce8a3,ASSIGNED
b012,2026-10-12T06:00:00Z,IQ_728f393240bb1d,VE_a8f8ffcb3ecc54,ASSIGNED
b012,2026-10-12T06:00:00Z,IQ_73a7e08f759536,VE_cfa94d395f483d,ASSIGNED
b012,2026-10-12T06:00:00Z,IQ_7456b6114ee921,VE_cfa94d395f483d,ASSIGNED
b012,2026-10-12T06:00:00Z,IQ_7552d7924c315f,VE_536fc406bce8a3,ASSIGNED
b012,2026-10-12T06:00:00Z,IQ_769ac94cb87c37,VE_cfa94d395f483d,ASSIGNED
b012,2026-10-12T06:00:00Z,IQ_786571a47515e2,VE_a8f8ffcb3ecc54,ASSIGNED
b012,2026-10-12T06:00:00Z,IQ_7a7aed33c59471,VE_d829b56821b8f4,ASSIGNED
b012,2026-10-12T06:00:00Z,IQ_7aac0aa23092b3,VE_a8f8ffcb3ecc54,ASSIGNED
b012,2026-10-12T06:00:00Z,IQ_7d957caf585d5f,VE_cfa94d395f483d,ASSIGNED
b012,2026-10-12T06:00:00Z,IQ_8020ee5b2ab3b4,VE_cfa94d395f483d,ASSIGNED
b012,2026-10-12T06:00:00Z,IQ_8e278d5ba4c860,VE_536fc406bce8a3,ASSIGNED
b012,2026-10-12T06:00:00Z,IQ_8ee2ef868089f8,VE_cfa94d395f483d,ASSIGNED
b012,2026-10-12T06:00:00Z,IQ_90eb0591b897d4,VE_d829b56821b8f4,ASSIGNED
b012,2026-10-12T06:00:00Z,IQ_91142399c21c7e,VE_d829b56821b8f4,ASSIGNED
b012,2026-10-12T06:00:00Z,IQ_92030316fdcdfe,VE_a8f8ffcb3ecc54,ASSIGNED
b012,2026-10-12T06:00:00Z,IQ_9360e3fed994a8,VE_d829b56821b8f4,ASSIGNED
b012,2026-10-12T06:00:00Z,IQ_9738f9711a47cf,VE_cfa94d395f483d,ASSIGNED
b012,2026-10-12T06:00:00Z,IQ_978447cff2fdd5,VE_d829b56821b8f4,ASSIGNED
b012,2026-10-12T06:00:00Z,IQ_98280845a4c8b5,VE_536fc406bce8a3,ASSIGNED
b012,2026-10-12T06:00:00Z,IQ_98b4c8755fecdb,VE_cfa94d395f483d,ASSIGNED
b012,2026-10-12T06:00:00Z,IQ_9cfab99c88ecfa,VE_536fc406bce8a3,ASSIGNED
b012,2026-10-12T06:00:00Z,IQ_9fb9d375951c9f,VE_cfa94d395f483d,ASSIGNED
b012,2026-10-12T06:00:00Z,IQ_a0a629b3034557,VE_536fc406bce8a3,ASSIGNED
b012,2026-10-12T06:00:00Z,IQ_a1f14c57569bd9,VE_536fc406bce8a3,ASSIGNED
b012,2026-10-12T06:00:00Z,IQ_a6543230d73012,VE_d829b56821b8f4,ASSIGNED
b012,2026-10-12T06:00:00Z,IQ_a6d0c3c9f640d2,VE_d829b56821b8f4,ASSIGNED
b012,2026-10-12T06:00:00Z,IQ_abdd6f3d6ea2f9,VE_cfa94d395f483d,ASSIGNED
b012,2026-10-12T06:00:00Z,IQ_ad9b4b88d3a85e,VE_d829b56821b8f4,ASSIGNED
b012,2026-10-12T06:00:00Z,IQ_b129f52b9e347e,VE_d829b56821b8f4,ASSIGNED
b012,2026-10-12T06:00:00Z,IQ_b6c2a3cd950815,VE_a8f8ffcb3ecc54,ASSIGNED
b012,2026-10-12T06:00:00Z,IQ_b8a09904e4cc44,VE_cfa94d395f483d,ASSIGNED
b012,2026-10-12T06:00:00Z,IQ_b999195dfbc669,VE_a8f8ffcb3ecc54,ASSIGNED
b012,2026-10-12T06:00:00Z,IQ_bbf16dea36ebe6,VE_536fc406bce8a3,ASSIGNED
b012,2026-10-12T06:00:00Z,IQ_bee67dd5b938ba,VE_536fc406bce8a3,ASSIGNED
b012,2026-10-12T06:00:00Z,IQ_c0c5a4a429739c,VE_d829b56821b8f4,ASSIGNED
b012,2026-10-12T06:00:00Z,IQ_c0d0da0755d27e,VE_a8f8ffcb3ecc54,ASSIGNED
b012,2026-10-12T06:00:00Z,IQ_cd3263114f74aa,VE_536fc406bce8a3,ASSIGNED
b012,2026-10-12T06:00:00Z,IQ_cebb1fc978b824,VE_d829b56821b8f4,ASSIGNED
b012,2026-10-12T06:00:00Z,IQ_cf446d2ff0e298,VE_d829b56821b8f4,ASSIGNED
b012,2026-10-12T06:00:00Z,IQ_d18d2fb59cfe6e,VE_a8f8ffcb3ecc54,ASSIGNED
b012,2026-10-12T06:00:00Z,IQ_d2fdc3f4fb6963,VE_536fc406bce8a3,ASSIGNED
b012,2026-10-12T06:00:00Z,IQ_d70ceade00121a,VE_d829b56821b8f4,ASSIGNED
b012,2026-10-12T06:00:00Z,IQ_d7ec2fb9c64928,VE_a8f8ffcb3ecc54,ASSIGNED
b012,2026-10-12T06:00:00Z,IQ_d8d4e5a826c8f9,VE_536fc406bce8a3,ASSIGNED
b012,2026-10-12T06:00:00Z,IQ_dc42615e10696d,VE_536fc406bce8a3,ASSIGNED
b012,2026-10-12T06:00:00Z,IQ_e35dbf91fb46f8,VE_d829b56821b8f4,ASSIGNED
b012,2026-10-12T06:00:00Z,IQ_e552f1ddf030fb,VE_cfa94d395f483d,ASSIGNED
b012,2026-10-12T06:00:00Z,IQ_eeb2a0b0f2ecd8,VE_a8f8ffcb3ecc54,ASSIGNED
b012,2026-10-12T06:00:00Z,IQ_f07eaf14e693a5,VE_536fc406bce8a3,ASSIGNED
b012,2026-10-12T06:00:00Z,IQ_f412bc7dfa9020,VE_536fc406bce8a3,ASSIGNED
b012,2026-10-12T06:00:00Z,IQ_f4cb6e0d00a708,,MISSING
b012,2026-10-12T06:00:00Z,IQ_f51d4eb89f4680,VE_536fc406bce8a3,ASSIGNED
b012,2026-10-12T06:00:00Z,IQ_f51ff3278100d8,VE_a8f8ffcb3ecc54,ASSIGNED
b012,2026-10-12T06:00:00Z,IQ_f8746fa6d8ac04,VE_536fc406bce8a3,ASSIGNED
b012,2026-10-12T06:00:00Z,IQ_f8f7bb250ca8f2,VE_a8f8ffcb3ecc54,ASSIGNED
b012,2026-10-12T06:00:00Z,IQ_fb9c5e296c0d40,VE_a8f8ffcb3ecc54,ASSIGNED
b012,2026-10-12T06:00:00Z,IQ_fd04c61fa99408,VE_a8f8ffcb3ecc54,ASSIGNED
