preference_key,contact_key,channel,purpose,status,effective_at,sequence_no
CONSENT-000001,SA_20b0fcd592c48c,EMAIL,COMMERCIAL,GRANTED,2026-07-18T00:00:00Z,1
CONSENT-000002,SA_fd1700c2b278e2,EMAIL,COMMERCIAL,GRANTED,2026-07-18T00:00:00Z,1
CONSENT-000003,SA_b1135a428e2843,EMAIL,COMMERCIAL,GRANTED,2026-07-18T00:00:00Z,1
CONSENT-000005,SA_df8ed0f678f9b5,EMAIL,COMMERCIAL,GRANTED,2026-07-18T00:00:00Z,1
CONSENT-000006,SA_a1f060f04aba95,EMAIL,COMMERCIAL,GRANTED,2026-07-18T00:00:00Z,1
CONSENT-000007,SA_168c3975fcf876,EMAIL,COMMERCIAL,GRANTED,2026-07-18T00:00:00Z,1
CONSENT-000008,SA_ebe09ad96d8da2,EMAIL,COMMERCIAL,GRANTED,2026-07-18T00:00:00Z,1
CONSENT-000009,SA_1033be66a89fd0,EMAIL,COMMERCIAL,GRANTED,2026-07-18T00:00:00Z,1
CONSENT-000010,SA_01d39d2c1d0765,EMAIL,COMMERCIAL,GRANTED,2026-07-18T00:00:00Z,1
CONSENT-000011,SA_a0a592edba5dd0,EMAIL,COMMERCIAL,GRANTED,2026-07-18T00:00:00Z,1
CONSENT-000012,SA_e06b9de5993258,EMAIL,COMMERCIAL,GRANTED,2026-07-18T00:00:00Z,1
CONSENT-000013,SA_c4b251c9103cd4,EMAIL,COMMERCIAL,GRANTED,2026-07-18T00:00:00Z,1
CONSENT-000014,SA_6d95b4c7ba376b,EMAIL,COMMERCIAL,GRANTED,2026-07-18T00:00:00Z,1
CONSENT-000015,SA_3c50ff8b5fe17e,EMAIL,COMMERCIAL,GRANTED,2026-07-18T00:00:00Z,1
CONSENT-000016,SA_c4f21d08a5ed90,EMAIL,COMMERCIAL,GRANTED,2026-07-18T00:00:00Z,1
CONSENT-000017,SA_d7d78e5b061697,EMAIL,COMMERCIAL,GRANTED,2026-07-18T00:00:00Z,1
CONSENT-000018,SA_8f3e93e471316f,EMAIL,COMMERCIAL,GRANTED,2026-07-18T00:00:00Z,1
CONSENT-000019,SA_9f7aaa88968dab,EMAIL,COMMERCIAL,GRANTED,2026-07-18T00:00:00Z,1
CONSENT-000020,SA_c178467ceaa752,EMAIL,COMMERCIAL,GRANTED,2026-07-18T00:00:00Z,1
CONSENT-000021,SA_491a102550063b,EMAIL,COMMERCIAL,GRANTED,2026-07-18T00:00:00Z,1
CONSENT-000022,SA_67982842729914,EMAIL,COMMERCIAL,GRANTED,2026-07-18T00:00:00Z,1
CONSENT-000023,SA_06227686d58c61,EMAIL,COMMERCIAL,GRANTED,2026-07-18T00:00:00Z,1
CONSENT-000024,SA_f80c9d2bea43c9,EMAIL,COMMERCIAL,GRANTED,2026-07-18T00:00:00Z,1
CONSENT-000025,SA_f66fbf35fe5242,EMAIL,COMMERCIAL,GRANTED,2026-07-18T00:00:00Z,1
CONSENT-000026,SA_0353898baefc94,EMAIL,COMMERCIAL,GRANTED,2026-07-18T00:00:00Z,1
CONSENT-000027,SA_9416db321f016f,EMAIL,COMMERCIAL,GRANTED,2026-07-18T00:00:00Z,1
CONSENT-000028,SA_dfbc47a7b5aefb,EMAIL,COMMERCIAL,GRANTED,2026-07-18T00:00:00Z,1
CONSENT-000029,SA_a41d3514aebb18,EMAIL,COMMERCIAL,GRANTED,2026-07-18T00:00:00Z,1
CONSENT-000030,SA_e348dea9270abe,EMAIL,COMMERCIAL,GRANTED,2026-07-18T00:00:00Z,1
CONSENT-000031,SA_031547434aa228,EMAIL,COMMERCIAL,GRANTED,2026-07-18T00:00:00Z,1
CONSENT-000032,SA_edfd7cbf7058af,EMAIL,COMMERCIAL,GRANTED,2026-07-18T00:00:00Z,1
CONSENT-000033,SA_7afd02c57f3e04,EMAIL,COMMERCIAL,GRANTED,2026-07-18T00:00:00Z,1
CONSENT-000034,SA_bbf2ee84a7b6b0,EMAIL,COMMERCIAL,GRANTED,2026-07-18T00:00:00Z,1
CONSENT-000035,SA_0304fbce0dcbc5,EMAIL,COMMERCIAL,GRANTED,2026-07-18T00:00:00Z,1
CONSENT-000036,SA_649b503b243711,EMAIL,COMMERCIAL,GRANTED,2026-07-18T00:00:00Z,1
CONSENT-000037,SA_412af5acef0178,EMAIL,COMMERCIAL,GRANTED,2026-07-18T00:00:00Z,1
CONSENT-000038,SA_59dcff15fa0dfc,EMAIL,COMMERCIAL,GRANTED,2026-07-18T00:00:00Z,1
CONSENT-000039,SA_760ec0fbeaf3fc,EMAIL,COMMERCIAL,GRANTED,2026-07-18T00:00:00Z,1
CONSENT-000040,SA_1b8419a8f284c9,EMAIL,COMMERCIAL,GRANTED,2026-07-18T00:00:00Z,1
CONSENT-000041,SA_6e49dfe2c14252,EMAIL,COMMERCIAL,GRANTED,2026-07-18T00:00:00Z,1
CONSENT-000042,SA_4349f162458661,EMAIL,COMMERCIAL,GRANTED,2026-07-18T00:00:00Z,1
CONSENT-000043,SA_00f7b378b43d19,EMAIL,COMMERCIAL,GRANTED,2026-07-18T00:00:00Z,1
CONSENT-000044,SA_1ec48773ba8f01,EMAIL,COMMERCIAL,GRANTED,2026-07-18T00:00:00Z,1
CONSENT-000045,SA_84e3b2dfb3e47f,EMAIL,COMMERCIAL,GRANTED,2026-07-18T00:00:00Z,1
CONSENT-000046,SA_fd4c89f2c059e4,EMAIL,COMMERCIAL,GRANTED,2026-07-18T00:00:00Z,1
CONSENT-000047,SA_d197634c3a5a4c,EMAIL,COMMERCIAL,GRANTED,2026-07-18T00:00:00Z,1
CONSENT-000048,SA_54ad4ac736f4a8,EMAIL,COMMERCIAL,GRANTED,2026-07-18T00:00:00Z,1
CONSENT-000049,SA_fcbeda68ae14d9,EMAIL,COMMERCIAL,GRANTED,2026-07-18T00:00:00Z,1
CONSENT-000050,SA_4cdf41b41875af,EMAIL,COMMERCIAL,GRANTED,2026-07-18T00:00:00Z,1
CONSENT-000051,SA_0bfdc11dcfb844,EMAIL,COMMERCIAL,GRANTED,2026-07-18T00:00:00Z,1
CONSENT-000052,SA_c8039aef942ce5,EMAIL,COMMERCIAL,GRANTED,2026-07-18T00:00:00Z,1
CONSENT-000053,SA_88b38fb4cb78fa,EMAIL,COMMERCIAL,GRANTED,2026-07-18T00:00:00Z,1
CONSENT-000054,SA_e3f7e527efa085,EMAIL,COMMERCIAL,GRANTED,2026-07-18T00:00:00Z,1
CONSENT-000055,SA_a96d14b7328a09,EMAIL,COMMERCIAL,GRANTED,2026-07-18T00:00:00Z,1
CONSENT-000056,SA_d6da4188cdd518,EMAIL,COMMERCIAL,GRANTED,2026-07-18T00:00:00Z,1
CONSENT-000057,SA_bea4679cb8b105,EMAIL,COMMERCIAL,GRANTED,2026-07-18T00:00:00Z,1
CONSENT-000058,SA_7d5c6516cf0c7e,EMAIL,COMMERCIAL,GRANTED,2026-07-18T00:00:00Z,1
CONSENT-000059,SA_4ec9e5aad22a62,EMAIL,COMMERCIAL,GRANTED,2026-07-18T00:00:00Z,1
CONSENT-000060,SA_6ad0beea0d23c9,EMAIL,COMMERCIAL,GRANTED,2026-07-18T00:00:00Z,1
CONSENT-000061,SA_2a3e0e978ab18c,EMAIL,COMMERCIAL,GRANTED,2026-07-18T00:00:00Z,1
CONSENT-000062,SA_97d2318c850618,EMAIL,COMMERCIAL,GRANTED,2026-07-18T00:00:00Z,1
CONSENT-000063,SA_be537b1f42d59c,EMAIL,COMMERCIAL,GRANTED,2026-07-18T00:00:00Z,1
CONSENT-000064,SA_6cf5ec3a58830e,EMAIL,COMMERCIAL,GRANTED,2026-07-18T00:00:00Z,1
CONSENT-000065,SA_57eebf80605499,EMAIL,COMMERCIAL,GRANTED,2026-07-18T00:00:00Z,1
CONSENT-000066,SA_693beaf33de779,EMAIL,COMMERCIAL,GRANTED,2026-07-18T00:00:00Z,1
CONSENT-000067,SA_337c994125a861,EMAIL,COMMERCIAL,GRANTED,2026-07-18T00:00:00Z,1
CONSENT-000068,SA_98aec15b508988,EMAIL,COMMERCIAL,GRANTED,2026-07-18T00:00:00Z,1
CONSENT-000069,SA_bcb6c6fcb37d28,EMAIL,COMMERCIAL,GRANTED,2026-07-18T00:00:00Z,1
CONSENT-000070,SA_aa72ab05209a9e,EMAIL,COMMERCIAL,GRANTED,2026-07-18T00:00:00Z,1
CONSENT-000071,SA_560693c1074d95,EMAIL,COMMERCIAL,GRANTED,2026-07-18T00:00:00Z,1
CONSENT-000072,SA_457356d015ce5d,EMAIL,COMMERCIAL,GRANTED,2026-07-18T00:00:00Z,1
CONSENT-000073,SA_e524ffe653d45b,EMAIL,COMMERCIAL,GRANTED,2026-07-18T00:00:00Z,1
CONSENT-000074,SA_6651e6f633a403,EMAIL,COMMERCIAL,GRANTED,2026-07-18T00:00:00Z,1
CONSENT-000075,SA_51917e3a0652fa,EMAIL,COMMERCIAL,GRANTED,2026-07-18T00:00:00Z,1
CONSENT-000076,SA_ea1d946754a779,EMAIL,COMMERCIAL,GRANTED,2026-07-18T00:00:00Z,1
CONSENT-000077,SA_3fefe970e001a2,EMAIL,COMMERCIAL,GRANTED,2026-07-18T00:00:00Z,1
CONSENT-000078,SA_b9613cd1c9494c,EMAIL,COMMERCIAL,GRANTED,2026-07-18T00:00:00Z,1
CONSENT-000079,SA_bf8e6e7643551a,EMAIL,COMMERCIAL,GRANTED,2026-07-18T00:00:00Z,1
CONSENT-000080,SA_364fd1c1537816,EMAIL,COMMERCIAL,GRANTED,2026-07-18T00:00:00Z,1
CONSENT-000081,SA_284f795a8fb512,EMAIL,COMMERCIAL,GRANTED,2026-07-18T00:00:00Z,1
CONSENT-000082,SA_aaa581c285fdd8,EMAIL,COMMERCIAL,GRANTED,2026-07-18T00:00:00Z,1
CONSENT-000083,SA_afb6e29f752b5c,EMAIL,COMMERCIAL,GRANTED,2026-07-18T00:00:00Z,1
CONSENT-000084,SA_547dd4b263d599,EMAIL,COMMERCIAL,GRANTED,2026-07-18T00:00:00Z,1
CONSENT-000085,SA_4984d885a63b5a,EMAIL,COMMERCIAL,GRANTED,2026-07-18T00:00:00Z,1
CONSENT-000086,SA_a585d8d85dce2b,EMAIL,COMMERCIAL,GRANTED,2026-07-18T00:00:00Z,1
CONSENT-000087,SA_aa7d262cb0249d,EMAIL,COMMERCIAL,GRANTED,2026-07-18T00:00:00Z,1
CONSENT-000088,SA_e6e07bdf482667,EMAIL,COMMERCIAL,GRANTED,2026-07-18T00:00:00Z,1
CONSENT-000089,SA_a1c3925277ca65,EMAIL,COMMERCIAL,GRANTED,2026-07-18T00:00:00Z,1
CONSENT-000090,SA_ef74b61732767b,EMAIL,COMMERCIAL,GRANTED,2026-07-18T00:00:00Z,1
CONSENT-000091,SA_a1779671cb66b2,EMAIL,COMMERCIAL,GRANTED,2026-07-18T00:00:00Z,1
CONSENT-000092,SA_4bc76193999ef6,EMAIL,COMMERCIAL,GRANTED,2026-07-18T00:00:00Z,1
CONSENT-000093,SA_1b7bb47932589c,EMAIL,COMMERCIAL,GRANTED,2026-07-18T00:00:00Z,1
CONSENT-000094,SA_250a6c38617716,EMAIL,COMMERCIAL,GRANTED,2026-07-18T00:00:00Z,1
CONSENT-000095,SA_45d6cd8afc262b,EMAIL,COMMERCIAL,GRANTED,2026-07-18T00:00:00Z,1
CONSENT-000096,SA_178c16824d579b,EMAIL,COMMERCIAL,GRANTED,2026-07-18T00:00:00Z,1
CONSENT-000097,SA_d8c9aaaddd7ef6,EMAIL,COMMERCIAL,GRANTED,2026-07-18T00:00:00Z,1
CONSENT-000098,SA_54bafc77a7d18b,EMAIL,COMMERCIAL,GRANTED,2026-07-18T00:00:00Z,1
CONSENT-000099,SA_28778d527a559d,EMAIL,COMMERCIAL,GRANTED,2026-07-18T00:00:00Z,1
CONSENT-000100,SA_7bd2ae8d4b0459,EMAIL,COMMERCIAL,GRANTED,2026-07-18T00:00:00Z,1
