customer_key,product_code,activity_date,brand,therapy,interaction_count
IQ_04fbe99519f267,IQ_20c20d0e8b3a1d,2026-08-12,SYNTH_BRAND_2,SYNTH_THERAPY_A,1
IQ_04fbe99519f267,IQ_20c20d0e8b3a1d,2026-08-14,SYNTH_BRAND_2,SYNTH_THERAPY_A,1
IQ_08580b228e97d8,IQ_54291f6d98eec1,2026-08-01,SYNTH_BRAND_3,SYNTH_THERAPY_B,1
IQ_08580b228e97d8,IQ_54291f6d98eec1,2026-08-23,SYNTH_BRAND_3,SYNTH_THERAPY_B,1
IQ_08580b228e97d8,IQ_54291f6d98eec1,2026-08-30,SYNTH_BRAND_3,SYNTH_THERAPY_B,1
IQ_094a9ccef25ce4,IQ_20c20d0e8b3a1d,2026-07-23,SYNTH_BRAND_2,SYNTH_THERAPY_A,1
IQ_094a9ccef25ce4,IQ_20c20d0e8b3a1d,2026-07-28,SYNTH_BRAND_2,SYNTH_THERAPY_A,1
IQ_094a9ccef25ce4,IQ_20c20d0e8b3a1d,2026-08-24,SYNTH_BRAND_2,SYNTH_THERAPY_A,1
IQ_0a017a0ac7f565,IQ_54291f6d98eec1,2026-07-21,SYNTH_BRAND_3,SYNTH_THERAPY_B,1
IQ_0a017a0ac7f565,IQ_54291f6d98eec1,2026-07-26,SYNTH_BRAND_3,SYNTH_THERAPY_B,1
IQ_0a017a0ac7f565,IQ_54291f6d98eec1,2026-09-16,SYNTH_BRAND_3,SYNTH_THERAPY_B,1
IQ_0dd2b8fa221f25,IQ_135d4a97820502,2026-07-20,SYNTH_BRAND_1_REVISED,SYNTH_THERAPY_A,1
IQ_0dd2b8fa221f25,IQ_135d4a97820502,2026-09-26,SYNTH_BRAND_1_REVISED,SYNTH_THERAPY_A,1
IQ_0dd2b8fa221f25,IQ_135d4a97820502,2026-09-30,SYNTH_BRAND_1_REVISED,SYNTH_THERAPY_A,1
IQ_0dd2b8fa221f25,IQ_20c20d0e8b3a1d,2026-07-20,SYNTH_BRAND_2,SYNTH_THERAPY_A,1
IQ_0deeb3f895714d,IQ_20c20d0e8b3a1d,2026-08-08,SYNTH_BRAND_2,SYNTH_THERAPY_A,1
IQ_0deeb3f895714d,IQ_20c20d0e8b3a1d,2026-08-11,SYNTH_BRAND_2,SYNTH_THERAPY_A,1
IQ_0deeb3f895714d,IQ_20c20d0e8b3a1d,2026-09-15,SYNTH_BRAND_2,SYNTH_THERAPY_A,1
IQ_12cb9c4a95124c,IQ_20c20d0e8b3a1d,2026-08-05,SYNTH_BRAND_2,SYNTH_THERAPY_A,1
IQ_12cb9c4a95124c,IQ_20c20d0e8b3a1d,2026-08-06,SYNTH_BRAND_2,SYNTH_THERAPY_A,1
IQ_12cb9c4a95124c,IQ_20c20d0e8b3a1d,2026-09-11,SYNTH_BRAND_2,SYNTH_THERAPY_A,1
IQ_12cb9c4a95124c,IQ_54291f6d98eec1,2026-08-05,SYNTH_BRAND_3,SYNTH_THERAPY_B,1
IQ_13e21692d46c20,IQ_54291f6d98eec1,2026-07-28,SYNTH_BRAND_3,SYNTH_THERAPY_B,1
IQ_13e21692d46c20,IQ_54291f6d98eec1,2026-08-18,SYNTH_BRAND_3,SYNTH_THERAPY_B,1
IQ_13e21692d46c20,IQ_54291f6d98eec1,2026-08-28,SYNTH_BRAND_3,SYNTH_THERAPY_B,1
IQ_13e21692d46c20,IQ_942e78f7757950,2026-07-28,SYNTH_BRAND_4,SYNTH_THERAPY_B,1
IQ_141a77be55dbba,IQ_135d4a97820502,2026-07-26,SYNTH_BRAND_1_REVISED,SYNTH_THERAPY_A,1
IQ_141a77be55dbba,IQ_135d4a97820502,2026-08-19,SYNTH_BRAND_1_REVISED,SYNTH_THERAPY_A,1
IQ_141a77be55dbba,IQ_135d4a97820502,2026-09-04,SYNTH_BRAND_1_REVISED,SYNTH_THERAPY_A,1
IQ_18003b85127893,IQ_20c20d0e8b3a1d,2026-07-30,SYNTH_BRAND_2,SYNTH_THERAPY_A,1
IQ_18003b85127893,IQ_20c20d0e8b3a1d,2026-08-11,SYNTH_BRAND_2,SYNTH_THERAPY_A,1
IQ_18003b85127893,IQ_20c20d0e8b3a1d,2026-09-15,SYNTH_BRAND_2,SYNTH_THERAPY_A,1
IQ_19497683e93201,IQ_20c20d0e8b3a1d,2026-07-27,SYNTH_BRAND_2,SYNTH_THERAPY_A,1
IQ_19497683e93201,IQ_20c20d0e8b3a1d,2026-08-31,SYNTH_BRAND_2,SYNTH_THERAPY_A,1
IQ_19497683e93201,IQ_20c20d0e8b3a1d,2026-09-18,SYNTH_BRAND_2,SYNTH_THERAPY_A,1
IQ_1ad8fd972ecd6a,IQ_54291f6d98eec1,2026-07-31,SYNTH_BRAND_3,SYNTH_THERAPY_B,1
IQ_1ad8fd972ecd6a,IQ_54291f6d98eec1,2026-08-28,SYNTH_BRAND_3,SYNTH_THERAPY_B,1
IQ_1ad8fd972ecd6a,IQ_54291f6d98eec1,2026-09-05,SYNTH_BRAND_3,SYNTH_THERAPY_B,1
IQ_1ad8fd972ecd6a,IQ_942e78f7757950,2026-09-05,SYNTH_BRAND_4,SYNTH_THERAPY_B,1
IQ_2220dc90360c82,IQ_20c20d0e8b3a1d,2026-07-26,SYNTH_BRAND_2,SYNTH_THERAPY_A,1
IQ_2220dc90360c82,IQ_20c20d0e8b3a1d,2026-08-14,SYNTH_BRAND_2,SYNTH_THERAPY_A,1
IQ_2220dc90360c82,IQ_20c20d0e8b3a1d,2026-08-27,SYNTH_BRAND_2,SYNTH_THERAPY_A,1
IQ_26088422e4cdf9,IQ_20c20d0e8b3a1d,2026-07-19,SYNTH_BRAND_2,SYNTH_THERAPY_A,1
IQ_26088422e4cdf9,IQ_20c20d0e8b3a1d,2026-07-20,SYNTH_BRAND_2,SYNTH_THERAPY_A,1
IQ_26088422e4cdf9,IQ_20c20d0e8b3a1d,2026-09-10,SYNTH_BRAND_2,SYNTH_THERAPY_A,1
IQ_2bf809008f4101,IQ_135d4a97820502,2026-07-24,SYNTH_BRAND_1_REVISED,SYNTH_THERAPY_A,1
IQ_2bf809008f4101,IQ_135d4a97820502,2026-07-29,SYNTH_BRAND_1_REVISED,SYNTH_THERAPY_A,1
IQ_2bf809008f4101,IQ_135d4a97820502,2026-09-15,SYNTH_BRAND_1_REVISED,SYNTH_THERAPY_A,1
IQ_2d137fa0b8b6ac,IQ_135d4a97820502,2026-09-14,SYNTH_BRAND_1_REVISED,SYNTH_THERAPY_A,1
IQ_2d137fa0b8b6ac,IQ_942e78f7757950,2026-07-26,SYNTH_BRAND_4,SYNTH_THERAPY_B,1
IQ_2d137fa0b8b6ac,IQ_942e78f7757950,2026-08-17,SYNTH_BRAND_4,SYNTH_THERAPY_B,1
IQ_2d137fa0b8b6ac,IQ_942e78f7757950,2026-09-14,SYNTH_BRAND_4,SYNTH_THERAPY_B,1
IQ_2f4b5d63410742,IQ_135d4a97820502,2026-08-14,SYNTH_BRAND_1_REVISED,SYNTH_THERAPY_A,1
IQ_2f4b5d63410742,IQ_135d4a97820502,2026-08-19,SYNTH_BRAND_1_REVISED,SYNTH_THERAPY_A,1
IQ_2f4b5d63410742,IQ_135d4a97820502,2026-09-21,SYNTH_BRAND_1_REVISED,SYNTH_THERAPY_A,1
IQ_2f504035abf7db,IQ_135d4a97820502,2026-08-02,SYNTH_BRAND_1_REVISED,SYNTH_THERAPY_A,1
IQ_2f504035abf7db,IQ_135d4a97820502,2026-08-06,SYNTH_BRAND_1_REVISED,SYNTH_THERAPY_A,1
IQ_2f504035abf7db,IQ_135d4a97820502,2026-09-13,SYNTH_BRAND_1_REVISED,SYNTH_THERAPY_A,1
IQ_2f504035abf7db,IQ_20c20d0e8b3a1d,2026-08-02,SYNTH_BRAND_2,SYNTH_THERAPY_A,1
IQ_36ada5c15a6636,IQ_135d4a97820502,2026-09-07,SYNTH_BRAND_1_REVISED,SYNTH_THERAPY_A,1
IQ_36ada5c15a6636,IQ_135d4a97820502,2026-09-13,SYNTH_BRAND_1_REVISED,SYNTH_THERAPY_A,1
IQ_3716885bdeac28,IQ_54291f6d98eec1,2026-09-27,SYNTH_BRAND_3,SYNTH_THERAPY_B,1
IQ_3716885bdeac28,IQ_54291f6d98eec1,2026-09-30,SYNTH_BRAND_3,SYNTH_THERAPY_B,1
IQ_3716885bdeac28,IQ_942e78f7757950,2026-09-30,SYNTH_BRAND_4,SYNTH_THERAPY_B,1
IQ_39a96fcf75a9a5,IQ_942e78f7757950,2026-07-23,SYNTH_BRAND_4,SYNTH_THERAPY_B,1
IQ_39a96fcf75a9a5,IQ_942e78f7757950,2026-08-04,SYNTH_BRAND_4,SYNTH_THERAPY_B,1
IQ_39a96fcf75a9a5,IQ_942e78f7757950,2026-09-19,SYNTH_BRAND_4,SYNTH_THERAPY_B,1
IQ_3a78b487cced5b,IQ_20c20d0e8b3a1d,2026-09-03,SYNTH_BRAND_2,SYNTH_THERAPY_A,1
IQ_3a78b487cced5b,IQ_20c20d0e8b3a1d,2026-09-15,SYNTH_BRAND_2,SYNTH_THERAPY_A,1
IQ_3a78b487cced5b,IQ_20c20d0e8b3a1d,2026-09-27,SYNTH_BRAND_2,SYNTH_THERAPY_A,1
IQ_3adc52fba19d98,IQ_135d4a97820502,2026-07-28,SYNTH_BRAND_1_REVISED,SYNTH_THERAPY_A,1
IQ_3adc52fba19d98,IQ_135d4a97820502,2026-08-06,SYNTH_BRAND_1_REVISED,SYNTH_THERAPY_A,1
IQ_3adc52fba19d98,IQ_135d4a97820502,2026-08-10,SYNTH_BRAND_1_REVISED,SYNTH_THERAPY_A,1
IQ_3d4ddf185a627c,IQ_942e78f7757950,2026-08-20,SYNTH_BRAND_4,SYNTH_THERAPY_B,1
IQ_3d4ddf185a627c,IQ_942e78f7757950,2026-08-22,SYNTH_BRAND_4,SYNTH_THERAPY_B,1
IQ_3d4ddf185a627c,IQ_942e78f7757950,2026-09-29,SYNTH_BRAND_4,SYNTH_THERAPY_B,1
IQ_3dfa318285836d,IQ_54291f6d98eec1,2026-08-06,SYNTH_BRAND_3,SYNTH_THERAPY_B,1
IQ_3dfa318285836d,IQ_54291f6d98eec1,2026-09-11,SYNTH_BRAND_3,SYNTH_THERAPY_B,1
IQ_3dfa318285836d,IQ_54291f6d98eec1,2026-09-16,SYNTH_BRAND_3,SYNTH_THERAPY_B,1
IQ_416297cb8e2ce2,IQ_942e78f7757950,2026-07-26,SYNTH_BRAND_4,SYNTH_THERAPY_B,1
IQ_416297cb8e2ce2,IQ_942e78f7757950,2026-07-30,SYNTH_BRAND_4,SYNTH_THERAPY_B,1
IQ_421f576734aa70,IQ_942e78f7757950,2026-07-26,SYNTH_BRAND_4,SYNTH_THERAPY_B,1
IQ_421f576734aa70,IQ_942e78f7757950,2026-08-07,SYNTH_BRAND_4,SYNTH_THERAPY_B,1
IQ_421f576734aa70,IQ_942e78f7757950,2026-09-24,SYNTH_BRAND_4,SYNTH_THERAPY_B,1
IQ_43970e05028a71,IQ_54291f6d98eec1,2026-08-22,SYNTH_BRAND_3,SYNTH_THERAPY_B,2
IQ_43970e05028a71,IQ_54291f6d98eec1,2026-09-18,SYNTH_BRAND_3,SYNTH_THERAPY_B,1
IQ_4848d214fab929,IQ_942e78f7757950,2026-07-20,SYNTH_BRAND_4,SYNTH_THERAPY_B,1
IQ_4848d214fab929,IQ_942e78f7757950,2026-09-05,SYNTH_BRAND_4,SYNTH_THERAPY_B,1
IQ_4848d214fab929,IQ_942e78f7757950,2026-09-08,SYNTH_BRAND_4,SYNTH_THERAPY_B,1
IQ_4d5f03fbf84998,IQ_135d4a97820502,2026-07-24,SYNTH_BRAND_1_REVISED,SYNTH_THERAPY_A,1
IQ_4d5f03fbf84998,IQ_135d4a97820502,2026-08-21,SYNTH_BRAND_1_REVISED,SYNTH_THERAPY_A,1
IQ_4d5f03fbf84998,IQ_135d4a97820502,2026-09-12,SYNTH_BRAND_1_REVISED,SYNTH_THERAPY_A,1
IQ_4d5f03fbf84998,IQ_20c20d0e8b3a1d,2026-07-24,SYNTH_BRAND_2,SYNTH_THERAPY_A,1
IQ_4ecb0bfc8dd1b1,IQ_942e78f7757950,2026-07-30,SYNTH_BRAND_4,SYNTH_THERAPY_B,1
IQ_4ecb0bfc8dd1b1,IQ_942e78f7757950,2026-08-09,SYNTH_BRAND_4,SYNTH_THERAPY_B,1
IQ_4ecb0bfc8dd1b1,IQ_942e78f7757950,2026-09-10,SYNTH_BRAND_4,SYNTH_THERAPY_B,1
IQ_509a5e82c33b0a,IQ_942e78f7757950,2026-08-02,SYNTH_BRAND_4,SYNTH_THERAPY_B,1
IQ_509a5e82c33b0a,IQ_942e78f7757950,2026-08-20,SYNTH_BRAND_4,SYNTH_THERAPY_B,1
IQ_509a5e82c33b0a,IQ_942e78f7757950,2026-09-06,SYNTH_BRAND_4,SYNTH_THERAPY_B,1
IQ_548359ef6f100c,IQ_20c20d0e8b3a1d,2026-07-18,SYNTH_BRAND_2,SYNTH_THERAPY_A,1
IQ_548359ef6f100c,IQ_20c20d0e8b3a1d,2026-09-12,SYNTH_BRAND_2,SYNTH_THERAPY_A,1
IQ_548359ef6f100c,IQ_20c20d0e8b3a1d,2026-09-29,SYNTH_BRAND_2,SYNTH_THERAPY_A,1
IQ_5d364b761e11b5,IQ_135d4a97820502,2026-09-04,SYNTH_BRAND_1_REVISED,SYNTH_THERAPY_A,1
IQ_5d364b761e11b5,IQ_942e78f7757950,2026-08-04,SYNTH_BRAND_4,SYNTH_THERAPY_B,1
IQ_5d364b761e11b5,IQ_942e78f7757950,2026-08-25,SYNTH_BRAND_4,SYNTH_THERAPY_B,1
IQ_5d364b761e11b5,IQ_942e78f7757950,2026-09-04,SYNTH_BRAND_4,SYNTH_THERAPY_B,1
IQ_5e1000fc0be969,IQ_54291f6d98eec1,2026-07-24,SYNTH_BRAND_3,SYNTH_THERAPY_B,1
IQ_5e1000fc0be969,IQ_54291f6d98eec1,2026-08-17,SYNTH_BRAND_3,SYNTH_THERAPY_B,1
IQ_5e1000fc0be969,IQ_54291f6d98eec1,2026-08-23,SYNTH_BRAND_3,SYNTH_THERAPY_B,1
IQ_5e8494388814b7,IQ_20c20d0e8b3a1d,2026-08-02,SYNTH_BRAND_2,SYNTH_THERAPY_A,1
IQ_5e8494388814b7,IQ_20c20d0e8b3a1d,2026-08-21,SYNTH_BRAND_2,SYNTH_THERAPY_A,1
IQ_5f616459dc55d5,IQ_942e78f7757950,2026-07-31,SYNTH_BRAND_4,SYNTH_THERAPY_B,1
IQ_5f616459dc55d5,IQ_942e78f7757950,2026-08-08,SYNTH_BRAND_4,SYNTH_THERAPY_B,1
IQ_5f616459dc55d5,IQ_942e78f7757950,2026-08-21,SYNTH_BRAND_4,SYNTH_THERAPY_B,1
IQ_63e125117381f1,IQ_942e78f7757950,2026-07-19,SYNTH_BRAND_4,SYNTH_THERAPY_B,1
IQ_63e125117381f1,IQ_942e78f7757950,2026-08-21,SYNTH_BRAND_4,SYNTH_THERAPY_B,1
IQ_63e125117381f1,IQ_942e78f7757950,2026-08-25,SYNTH_BRAND_4,SYNTH_THERAPY_B,1
IQ_68ae4cb00ee2a3,IQ_135d4a97820502,2026-08-10,SYNTH_BRAND_1_REVISED,SYNTH_THERAPY_A,1
IQ_68ae4cb00ee2a3,IQ_942e78f7757950,2026-07-23,SYNTH_BRAND_4,SYNTH_THERAPY_B,1
IQ_68ae4cb00ee2a3,IQ_942e78f7757950,2026-08-10,SYNTH_BRAND_4,SYNTH_THERAPY_B,1
IQ_68ae4cb00ee2a3,IQ_942e78f7757950,2026-08-29,SYNTH_BRAND_4,SYNTH_THERAPY_B,1
IQ_69fdea3e549ac6,IQ_20c20d0e8b3a1d,2026-09-11,SYNTH_BRAND_2,SYNTH_THERAPY_A,2
IQ_69fdea3e549ac6,IQ_20c20d0e8b3a1d,2026-09-15,SYNTH_BRAND_2,SYNTH_THERAPY_A,1
IQ_6b3bf7706ff616,IQ_20c20d0e8b3a1d,2026-07-28,SYNTH_BRAND_2,SYNTH_THERAPY_A,1
IQ_6b3bf7706ff616,IQ_20c20d0e8b3a1d,2026-08-09,SYNTH_BRAND_2,SYNTH_THERAPY_A,1
IQ_6b3bf7706ff616,IQ_20c20d0e8b3a1d,2026-09-09,SYNTH_BRAND_2,SYNTH_THERAPY_A,1
IQ_6e99471b5ac975,IQ_54291f6d98eec1,2026-08-12,SYNTH_BRAND_3,SYNTH_THERAPY_B,1
IQ_6e99471b5ac975,IQ_54291f6d98eec1,2026-09-07,SYNTH_BRAND_3,SYNTH_THERAPY_B,1
IQ_6e99471b5ac975,IQ_54291f6d98eec1,2026-09-21,SYNTH_BRAND_3,SYNTH_THERAPY_B,1
IQ_728f393240bb1d,IQ_942e78f7757950,2026-08-19,SYNTH_BRAND_4,SYNTH_THERAPY_B,1
IQ_728f393240bb1d,IQ_942e78f7757950,2026-08-27,SYNTH_BRAND_4,SYNTH_THERAPY_B,1
IQ_728f393240bb1d,IQ_942e78f7757950,2026-09-07,SYNTH_BRAND_4,SYNTH_THERAPY_B,1
IQ_73a7e08f759536,IQ_20c20d0e8b3a1d,2026-07-18,SYNTH_BRAND_2,SYNTH_THERAPY_A,1
IQ_73a7e08f759536,IQ_20c20d0e8b3a1d,2026-08-03,SYNTH_BRAND_2,SYNTH_THERAPY_A,1
IQ_73a7e08f759536,IQ_20c20d0e8b3a1d,2026-08-07,SYNTH_BRAND_2,SYNTH_THERAPY_A,1
IQ_7456b6114ee921,IQ_20c20d0e8b3a1d,2026-08-10,SYNTH_BRAND_2,SYNTH_THERAPY_A,1
IQ_7456b6114ee921,IQ_20c20d0e8b3a1d,2026-09-01,SYNTH_BRAND_2,SYNTH_THERAPY_A,1
IQ_7456b6114ee921,IQ_20c20d0e8b3a1d,2026-09-06,SYNTH_BRAND_2,SYNTH_THERAPY_A,1
IQ_7552d7924c315f,IQ_54291f6d98eec1,2026-08-20,SYNTH_BRAND_3,SYNTH_THERAPY_B,1
IQ_7552d7924c315f,IQ_54291f6d98eec1,2026-08-21,SYNTH_BRAND_3,SYNTH_THERAPY_B,1
IQ_7552d7924c315f,IQ_54291f6d98eec1,2026-09-21,SYNTH_BRAND_3,SYNTH_THERAPY_B,1
IQ_769ac94cb87c37,IQ_20c20d0e8b3a1d,2026-07-30,SYNTH_BRAND_2,SYNTH_THERAPY_A,1
IQ_769ac94cb87c37,IQ_20c20d0e8b3a1d,2026-08-16,SYNTH_BRAND_2,SYNTH_THERAPY_A,1
IQ_769ac94cb87c37,IQ_20c20d0e8b3a1d,2026-09-08,SYNTH_BRAND_2,SYNTH_THERAPY_A,1
IQ_786571a47515e2,IQ_942e78f7757950,2026-07-27,SYNTH_BRAND_4,SYNTH_THERAPY_B,1
IQ_786571a47515e2,IQ_942e78f7757950,2026-08-28,SYNTH_BRAND_4,SYNTH_THERAPY_B,1
IQ_786571a47515e2,IQ_942e78f7757950,2026-09-15,SYNTH_BRAND_4,SYNTH_THERAPY_B,1
IQ_7a7aed33c59471,IQ_135d4a97820502,2026-08-19,SYNTH_BRAND_1_REVISED,SYNTH_THERAPY_A,1
IQ_7a7aed33c59471,IQ_135d4a97820502,2026-08-28,SYNTH_BRAND_1_REVISED,SYNTH_THERAPY_A,1
IQ_7a7aed33c59471,IQ_135d4a97820502,2026-09-07,SYNTH_BRAND_1_REVISED,SYNTH_THERAPY_A,1
IQ_7aac0aa23092b3,IQ_942e78f7757950,2026-08-11,SYNTH_BRAND_4,SYNTH_THERAPY_B,1
IQ_7aac0aa23092b3,IQ_942e78f7757950,2026-09-14,SYNTH_BRAND_4,SYNTH_THERAPY_B,1
IQ_7aac0aa23092b3,IQ_942e78f7757950,2026-09-20,SYNTH_BRAND_4,SYNTH_THERAPY_B,1
IQ_7d957caf585d5f,IQ_20c20d0e8b3a1d,2026-07-25,SYNTH_BRAND_2,SYNTH_THERAPY_A,1
IQ_7d957caf585d5f,IQ_20c20d0e8b3a1d,2026-09-09,SYNTH_BRAND_2,SYNTH_THERAPY_A,1
IQ_7d957caf585d5f,IQ_54291f6d98eec1,2026-07-25,SYNTH_BRAND_3,SYNTH_THERAPY_B,1
IQ_8020ee5b2ab3b4,IQ_20c20d0e8b3a1d,2026-08-01,SYNTH_BRAND_2,SYNTH_THERAPY_A,1
IQ_8020ee5b2ab3b4,IQ_20c20d0e8b3a1d,2026-08-18,SYNTH_BRAND_2,SYNTH_THERAPY_A,1
IQ_8020ee5b2ab3b4,IQ_20c20d0e8b3a1d,2026-09-07,SYNTH_BRAND_2,SYNTH_THERAPY_A,1
IQ_8e278d5ba4c860,IQ_54291f6d98eec1,2026-07-21,SYNTH_BRAND_3,SYNTH_THERAPY_B,1
IQ_8e278d5ba4c860,IQ_54291f6d98eec1,2026-08-05,SYNTH_BRAND_3,SYNTH_THERAPY_B,1
IQ_8e278d5ba4c860,IQ_54291f6d98eec1,2026-08-29,SYNTH_BRAND_3,SYNTH_THERAPY_B,1
IQ_8ee2ef868089f8,IQ_20c20d0e8b3a1d,2026-08-05,SYNTH_BRAND_2,SYNTH_THERAPY_A,1
IQ_8ee2ef868089f8,IQ_20c20d0e8b3a1d,2026-08-15,SYNTH_BRAND_2,SYNTH_THERAPY_A,1
IQ_8ee2ef868089f8,IQ_20c20d0e8b3a1d,2026-09-28,SYNTH_BRAND_2,SYNTH_THERAPY_A,1
IQ_90eb0591b897d4,IQ_135d4a97820502,2026-08-03,SYNTH_BRAND_1_REVISED,SYNTH_THERAPY_A,1
IQ_90eb0591b897d4,IQ_135d4a97820502,2026-08-31,SYNTH_BRAND_1_REVISED,SYNTH_THERAPY_A,1
IQ_90eb0591b897d4,IQ_135d4a97820502,2026-09-01,SYNTH_BRAND_1_REVISED,SYNTH_THERAPY_A,1
IQ_91142399c21c7e,IQ_135d4a97820502,2026-08-14,SYNTH_BRAND_1_REVISED,SYNTH_THERAPY_A,1
IQ_91142399c21c7e,IQ_135d4a97820502,2026-08-21,SYNTH_BRAND_1_REVISED,SYNTH_THERAPY_A,1
IQ_91142399c21c7e,IQ_135d4a97820502,2026-09-28,SYNTH_BRAND_1_REVISED,SYNTH_THERAPY_A,1
IQ_92030316fdcdfe,IQ_942e78f7757950,2026-08-23,SYNTH_BRAND_4,SYNTH_THERAPY_B,1
IQ_92030316fdcdfe,IQ_942e78f7757950,2026-09-06,SYNTH_BRAND_4,SYNTH_THERAPY_B,1
IQ_92030316fdcdfe,IQ_942e78f7757950,2026-09-08,SYNTH_BRAND_4,SYNTH_THERAPY_B,1
IQ_9360e3fed994a8,IQ_135d4a97820502,2026-08-09,SYNTH_BRAND_1_REVISED,SYNTH_THERAPY_A,1
IQ_9360e3fed994a8,IQ_135d4a97820502,2026-08-29,SYNTH_BRAND_1_REVISED,SYNTH_THERAPY_A,1
IQ_9360e3fed994a8,IQ_135d4a97820502,2026-09-22,SYNTH_BRAND_1_REVISED,SYNTH_THERAPY_A,1
IQ_9738f9711a47cf,IQ_135d4a97820502,2026-08-23,SYNTH_BRAND_1_REVISED,SYNTH_THERAPY_A,1
IQ_9738f9711a47cf,IQ_135d4a97820502,2026-09-07,SYNTH_BRAND_1_REVISED,SYNTH_THERAPY_A,1
IQ_9738f9711a47cf,IQ_20c20d0e8b3a1d,2026-08-24,SYNTH_BRAND_2,SYNTH_THERAPY_A,1
IQ_978447cff2fdd5,IQ_135d4a97820502,2026-07-18,SYNTH_BRAND_1_REVISED,SYNTH_THERAPY_A,1
IQ_978447cff2fdd5,IQ_135d4a97820502,2026-07-23,SYNTH_BRAND_1_REVISED,SYNTH_THERAPY_A,1
IQ_978447cff2fdd5,IQ_135d4a97820502,2026-09-22,SYNTH_BRAND_1_REVISED,SYNTH_THERAPY_A,1
IQ_98280845a4c8b5,IQ_54291f6d98eec1,2026-08-09,SYNTH_BRAND_3,SYNTH_THERAPY_B,1
IQ_98280845a4c8b5,IQ_54291f6d98eec1,2026-08-16,SYNTH_BRAND_3,SYNTH_THERAPY_B,1
IQ_98280845a4c8b5,IQ_54291f6d98eec1,2026-08-29,SYNTH_BRAND_3,SYNTH_THERAPY_B,1
IQ_98b4c8755fecdb,IQ_20c20d0e8b3a1d,2026-07-23,SYNTH_BRAND_2,SYNTH_THERAPY_A,1
IQ_98b4c8755fecdb,IQ_20c20d0e8b3a1d,2026-09-02,SYNTH_BRAND_2,SYNTH_THERAPY_A,1
IQ_98b4c8755fecdb,IQ_20c20d0e8b3a1d,2026-09-15,SYNTH_BRAND_2,SYNTH_THERAPY_A,1
IQ_9cfab99c88ecfa,IQ_54291f6d98eec1,2026-07-29,SYNTH_BRAND_3,SYNTH_THERAPY_B,1
IQ_9cfab99c88ecfa,IQ_54291f6d98eec1,2026-07-30,SYNTH_BRAND_3,SYNTH_THERAPY_B,1
IQ_9cfab99c88ecfa,IQ_54291f6d98eec1,2026-08-20,SYNTH_BRAND_3,SYNTH_THERAPY_B,1
IQ_9fb9d375951c9f,IQ_20c20d0e8b3a1d,2026-07-23,SYNTH_BRAND_2,SYNTH_THERAPY_A,1
IQ_9fb9d375951c9f,IQ_20c20d0e8b3a1d,2026-07-27,SYNTH_BRAND_2,SYNTH_THERAPY_A,1
IQ_9fb9d375951c9f,IQ_20c20d0e8b3a1d,2026-08-25,SYNTH_BRAND_2,SYNTH_THERAPY_A,1
IQ_9fb9d375951c9f,IQ_54291f6d98eec1,2026-07-27,SYNTH_BRAND_3,SYNTH_THERAPY_B,1
IQ_a0a629b3034557,IQ_54291f6d98eec1,2026-07-25,SYNTH_BRAND_3,SYNTH_THERAPY_B,1
IQ_a0a629b3034557,IQ_54291f6d98eec1,2026-07-27,SYNTH_BRAND_3,SYNTH_THERAPY_B,1
IQ_a0a629b3034557,IQ_54291f6d98eec1,2026-08-17,SYNTH_BRAND_3,SYNTH_THERAPY_B,1
IQ_a1f14c57569bd9,IQ_54291f6d98eec1,2026-09-12,SYNTH_BRAND_3,SYNTH_THERAPY_B,1
IQ_a1f14c57569bd9,IQ_54291f6d98eec1,2026-09-13,SYNTH_BRAND_3,SYNTH_THERAPY_B,1
IQ_a1f14c57569bd9,IQ_54291f6d98eec1,2026-09-21,SYNTH_BRAND_3,SYNTH_THERAPY_B,1
IQ_a6543230d73012,IQ_135d4a97820502,2026-07-18,SYNTH_BRAND_1_REVISED,SYNTH_THERAPY_A,1
IQ_a6543230d73012,IQ_135d4a97820502,2026-07-23,SYNTH_BRAND_1_REVISED,SYNTH_THERAPY_A,1
IQ_a6543230d73012,IQ_135d4a97820502,2026-08-18,SYNTH_BRAND_1_REVISED,SYNTH_THERAPY_A,1
IQ_a6543230d73012,IQ_20c20d0e8b3a1d,2026-08-18,SYNTH_BRAND_2,SYNTH_THERAPY_A,1
IQ_a6d0c3c9f640d2,IQ_135d4a97820502,2026-09-14,SYNTH_BRAND_1_REVISED,SYNTH_THERAPY_A,1
IQ_a6d0c3c9f640d2,IQ_135d4a97820502,2026-09-15,SYNTH_BRAND_1_REVISED,SYNTH_THERAPY_A,1
IQ_a6d0c3c9f640d2,IQ_135d4a97820502,2026-09-26,SYNTH_BRAND_1_REVISED,SYNTH_THERAPY_A,1
IQ_abdd6f3d6ea2f9,IQ_20c20d0e8b3a1d,2026-07-19,SYNTH_BRAND_2,SYNTH_THERAPY_A,1
IQ_abdd6f3d6ea2f9,IQ_20c20d0e8b3a1d,2026-07-25,SYNTH_BRAND_2,SYNTH_THERAPY_A,1
IQ_abdd6f3d6ea2f9,IQ_20c20d0e8b3a1d,2026-09-30,SYNTH_BRAND_2,SYNTH_THERAPY_A,1
IQ_abdd6f3d6ea2f9,IQ_54291f6d98eec1,2026-07-19,SYNTH_BRAND_3,SYNTH_THERAPY_B,1
IQ_ad9b4b88d3a85e,IQ_135d4a97820502,2026-08-07,SYNTH_BRAND_1_REVISED,SYNTH_THERAPY_A,1
IQ_ad9b4b88d3a85e,IQ_135d4a97820502,2026-08-24,SYNTH_BRAND_1_REVISED,SYNTH_THERAPY_A,1
IQ_ad9b4b88d3a85e,IQ_135d4a97820502,2026-09-12,SYNTH_BRAND_1_REVISED,SYNTH_THERAPY_A,1
IQ_b129f52b9e347e,IQ_135d4a97820502,2026-07-24,SYNTH_BRAND_1_REVISED,SYNTH_THERAPY_A,1
IQ_b129f52b9e347e,IQ_135d4a97820502,2026-08-28,SYNTH_BRAND_1_REVISED,SYNTH_THERAPY_A,1
IQ_b129f52b9e347e,IQ_135d4a97820502,2026-09-26,SYNTH_BRAND_1_REVISED,SYNTH_THERAPY_A,1
IQ_b6c2a3cd950815,IQ_942e78f7757950,2026-08-04,SYNTH_BRAND_4,SYNTH_THERAPY_B,1
IQ_b6c2a3cd950815,IQ_942e78f7757950,2026-08-11,SYNTH_BRAND_4,SYNTH_THERAPY_B,1
IQ_b6c2a3cd950815,IQ_942e78f7757950,2026-09-20,SYNTH_BRAND_4,SYNTH_THERAPY_B,1
IQ_b8a09904e4cc44,IQ_20c20d0e8b3a1d,2026-08-04,SYNTH_BRAND_2,SYNTH_THERAPY_A,1
IQ_b8a09904e4cc44,IQ_20c20d0e8b3a1d,2026-08-24,SYNTH_BRAND_2,SYNTH_THERAPY_A,1
IQ_b8a09904e4cc44,IQ_20c20d0e8b3a1d,2026-09-11,SYNTH_BRAND_2,SYNTH_THERAPY_A,1
IQ_b999195dfbc669,IQ_942e78f7757950,2026-08-26,SYNTH_BRAND_4,SYNTH_THERAPY_B,1
IQ_b999195dfbc669,IQ_942e78f7757950,2026-09-01,SYNTH_BRAND_4,SYNTH_THERAPY_B,1
IQ_b999195dfbc669,IQ_942e78f7757950,2026-09-29,SYNTH_BRAND_4,SYNTH_THERAPY_B,1
IQ_bbf16dea36ebe6,IQ_54291f6d98eec1,2026-08-05,SYNTH_BRAND_3,SYNTH_THERAPY_B,1
IQ_bbf16dea36ebe6,IQ_54291f6d98eec1,2026-08-13,SYNTH_BRAND_3,SYNTH_THERAPY_B,1
IQ_bbf16dea36ebe6,IQ_54291f6d98eec1,2026-09-12,SYNTH_BRAND_3,SYNTH_THERAPY_B,1
IQ_bee67dd5b938ba,IQ_54291f6d98eec1,2026-08-17,SYNTH_BRAND_3,SYNTH_THERAPY_B,1
IQ_bee67dd5b938ba,IQ_54291f6d98eec1,2026-09-08,SYNTH_BRAND_3,SYNTH_THERAPY_B,1
IQ_bee67dd5b938ba,IQ_54291f6d98eec1,2026-09-09,SYNTH_BRAND_3,SYNTH_THERAPY_B,1
IQ_bee67dd5b938ba,IQ_942e78f7757950,2026-09-08,SYNTH_BRAND_4,SYNTH_THERAPY_B,1
IQ_c0c5a4a429739c,IQ_135d4a97820502,2026-08-26,SYNTH_BRAND_1_REVISED,SYNTH_THERAPY_A,1
IQ_c0c5a4a429739c,IQ_135d4a97820502,2026-09-07,SYNTH_BRAND_1_REVISED,SYNTH_THERAPY_A,1
IQ_c0c5a4a429739c,IQ_135d4a97820502,2026-09-12,SYNTH_BRAND_1_REVISED,SYNTH_THERAPY_A,1
IQ_c0d0da0755d27e,IQ_135d4a97820502,2026-07-22,SYNTH_BRAND_1_REVISED,SYNTH_THERAPY_A,1
IQ_c0d0da0755d27e,IQ_135d4a97820502,2026-08-18,SYNTH_BRAND_1_REVISED,SYNTH_THERAPY_A,1
IQ_c0d0da0755d27e,IQ_135d4a97820502,2026-09-25,SYNTH_BRAND_1_REVISED,SYNTH_THERAPY_A,1
IQ_cd3263114f74aa,IQ_54291f6d98eec1,2026-07-26,SYNTH_BRAND_3,SYNTH_THERAPY_B,1
IQ_cd3263114f74aa,IQ_54291f6d98eec1,2026-08-11,SYNTH_BRAND_3,SYNTH_THERAPY_B,1
IQ_cd3263114f74aa,IQ_54291f6d98eec1,2026-09-23,SYNTH_BRAND_3,SYNTH_THERAPY_B,1
IQ_cebb1fc978b824,IQ_135d4a97820502,2026-07-23,SYNTH_BRAND_1_REVISED,SYNTH_THERAPY_A,1
IQ_cebb1fc978b824,IQ_135d4a97820502,2026-08-19,SYNTH_BRAND_1_REVISED,SYNTH_THERAPY_A,1
IQ_cebb1fc978b824,IQ_135d4a97820502,2026-09-18,SYNTH_BRAND_1_REVISED,SYNTH_THERAPY_A,1
IQ_cf446d2ff0e298,IQ_135d4a97820502,2026-07-27,SYNTH_BRAND_1_REVISED,SYNTH_THERAPY_A,1
IQ_cf446d2ff0e298,IQ_135d4a97820502,2026-08-04,SYNTH_BRAND_1_REVISED,SYNTH_THERAPY_A,1
IQ_cf446d2ff0e298,IQ_135d4a97820502,2026-09-02,SYNTH_BRAND_1_REVISED,SYNTH_THERAPY_A,1
IQ_d18d2fb59cfe6e,IQ_942e78f7757950,2026-07-24,SYNTH_BRAND_4,SYNTH_THERAPY_B,1
IQ_d18d2fb59cfe6e,IQ_942e78f7757950,2026-09-19,SYNTH_BRAND_4,SYNTH_THERAPY_B,1
IQ_d18d2fb59cfe6e,IQ_942e78f7757950,2026-09-29,SYNTH_BRAND_4,SYNTH_THERAPY_B,1
IQ_d2fdc3f4fb6963,IQ_54291f6d98eec1,2026-07-25,SYNTH_BRAND_3,SYNTH_THERAPY_B,1
IQ_d2fdc3f4fb6963,IQ_54291f6d98eec1,2026-08-13,SYNTH_BRAND_3,SYNTH_THERAPY_B,1
IQ_d2fdc3f4fb6963,IQ_54291f6d98eec1,2026-08-17,SYNTH_BRAND_3,SYNTH_THERAPY_B,1
IQ_d70ceade00121a,IQ_135d4a97820502,2026-08-21,SYNTH_BRAND_1_REVISED,SYNTH_THERAPY_A,1
IQ_d70ceade00121a,IQ_135d4a97820502,2026-09-17,SYNTH_BRAND_1_REVISED,SYNTH_THERAPY_A,1
IQ_d70ceade00121a,IQ_135d4a97820502,2026-09-23,SYNTH_BRAND_1_REVISED,SYNTH_THERAPY_A,1
IQ_d7ec2fb9c64928,IQ_135d4a97820502,2026-08-24,SYNTH_BRAND_1_REVISED,SYNTH_THERAPY_A,1
IQ_d7ec2fb9c64928,IQ_942e78f7757950,2026-07-26,SYNTH_BRAND_4,SYNTH_THERAPY_B,1
IQ_d7ec2fb9c64928,IQ_942e78f7757950,2026-08-14,SYNTH_BRAND_4,SYNTH_THERAPY_B,1
IQ_d7ec2fb9c64928,IQ_942e78f7757950,2026-08-24,SYNTH_BRAND_4,SYNTH_THERAPY_B,1
IQ_d8d4e5a826c8f9,IQ_54291f6d98eec1,2026-08-22,SYNTH_BRAND_3,SYNTH_THERAPY_B,1
IQ_d8d4e5a826c8f9,IQ_54291f6d98eec1,2026-09-14,SYNTH_BRAND_3,SYNTH_THERAPY_B,1
IQ_d8d4e5a826c8f9,IQ_54291f6d98eec1,2026-09-15,SYNTH_BRAND_3,SYNTH_THERAPY_B,1
IQ_dc42615e10696d,IQ_54291f6d98eec1,2026-07-20,SYNTH_BRAND_3,SYNTH_THERAPY_B,1
IQ_dc42615e10696d,IQ_54291f6d98eec1,2026-08-17,SYNTH_BRAND_3,SYNTH_THERAPY_B,1
IQ_dc42615e10696d,IQ_54291f6d98eec1,2026-08-31,SYNTH_BRAND_3,SYNTH_THERAPY_B,1
IQ_e35dbf91fb46f8,IQ_135d4a97820502,2026-08-13,SYNTH_BRAND_1_REVISED,SYNTH_THERAPY_A,1
IQ_e35dbf91fb46f8,IQ_135d4a97820502,2026-09-02,SYNTH_BRAND_1_REVISED,SYNTH_THERAPY_A,1
IQ_e35dbf91fb46f8,IQ_135d4a97820502,2026-09-19,SYNTH_BRAND_1_REVISED,SYNTH_THERAPY_A,1
IQ_e35dbf91fb46f8,IQ_20c20d0e8b3a1d,2026-09-02,SYNTH_BRAND_2,SYNTH_THERAPY_A,1
IQ_e552f1ddf030fb,IQ_20c20d0e8b3a1d,2026-07-25,SYNTH_BRAND_2,SYNTH_THERAPY_A,1
IQ_e552f1ddf030fb,IQ_20c20d0e8b3a1d,2026-08-13,SYNTH_BRAND_2,SYNTH_THERAPY_A,1
IQ_e552f1ddf030fb,IQ_20c20d0e8b3a1d,2026-08-27,SYNTH_BRAND_2,SYNTH_THERAPY_A,1
IQ_eeb2a0b0f2ecd8,IQ_942e78f7757950,2026-07-19,SYNTH_BRAND_4,SYNTH_THERAPY_B,1
IQ_eeb2a0b0f2ecd8,IQ_942e78f7757950,2026-08-14,SYNTH_BRAND_4,SYNTH_THERAPY_B,1
IQ_eeb2a0b0f2ecd8,IQ_942e78f7757950,2026-08-25,SYNTH_BRAND_4,SYNTH_THERAPY_B,1
IQ_eeb2a0b0f2ecd8,IQ_942e78f7757950,2026-10-01,SYNTH_BRAND_4,SYNTH_THERAPY_B,1
IQ_f07eaf14e693a5,IQ_54291f6d98eec1,2026-08-11,SYNTH_BRAND_3,SYNTH_THERAPY_B,1
IQ_f07eaf14e693a5,IQ_54291f6d98eec1,2026-09-10,SYNTH_BRAND_3,SYNTH_THERAPY_B,1
IQ_f412bc7dfa9020,IQ_54291f6d98eec1,2026-08-10,SYNTH_BRAND_3,SYNTH_THERAPY_B,1
IQ_f412bc7dfa9020,IQ_54291f6d98eec1,2026-08-24,SYNTH_BRAND_3,SYNTH_THERAPY_B,1
IQ_f412bc7dfa9020,IQ_54291f6d98eec1,2026-09-15,SYNTH_BRAND_3,SYNTH_THERAPY_B,1
IQ_f4cb6e0d00a708,IQ_20c20d0e8b3a1d,2026-07-19,SYNTH_BRAND_2,SYNTH_THERAPY_A,1
IQ_f4cb6e0d00a708,IQ_20c20d0e8b3a1d,2026-08-23,SYNTH_BRAND_2,SYNTH_THERAPY_A,1
IQ_f4cb6e0d00a708,IQ_20c20d0e8b3a1d,2026-09-18,SYNTH_BRAND_2,SYNTH_THERAPY_A,1
IQ_f51ff3278100d8,IQ_942e78f7757950,2026-07-29,SYNTH_BRAND_4,SYNTH_THERAPY_B,1
IQ_f51ff3278100d8,IQ_942e78f7757950,2026-09-10,SYNTH_BRAND_4,SYNTH_THERAPY_B,1
IQ_f51ff3278100d8,IQ_942e78f7757950,2026-09-21,SYNTH_BRAND_4,SYNTH_THERAPY_B,1
IQ_f8746fa6d8ac04,IQ_54291f6d98eec1,2026-09-08,SYNTH_BRAND_3,SYNTH_THERAPY_B,1
IQ_f8746fa6d8ac04,IQ_54291f6d98eec1,2026-09-09,SYNTH_BRAND_3,SYNTH_THERAPY_B,1
IQ_f8746fa6d8ac04,IQ_54291f6d98eec1,2026-09-24,SYNTH_BRAND_3,SYNTH_THERAPY_B,1
IQ_f8f7bb250ca8f2,IQ_942e78f7757950,2026-08-01,SYNTH_BRAND_4,SYNTH_THERAPY_B,1
IQ_f8f7bb250ca8f2,IQ_942e78f7757950,2026-08-12,SYNTH_BRAND_4,SYNTH_THERAPY_B,1
IQ_f8f7bb250ca8f2,IQ_942e78f7757950,2026-09-15,SYNTH_BRAND_4,SYNTH_THERAPY_B,1
IQ_fb9c5e296c0d40,IQ_942e78f7757950,2026-08-02,SYNTH_BRAND_4,SYNTH_THERAPY_B,1
IQ_fb9c5e296c0d40,IQ_942e78f7757950,2026-09-17,SYNTH_BRAND_4,SYNTH_THERAPY_B,1
IQ_fb9c5e296c0d40,IQ_942e78f7757950,2026-09-24,SYNTH_BRAND_4,SYNTH_THERAPY_B,1
