activity_key,customer_key,primary_product_code,occurred_at,channel,approval,duration_minutes,source_version,modified_at,operation,staff_key
VE_9244433751938f,VE_c666897cc2aab7,IQ_135d4a97820502,2026-10-04T12:00:00Z,EMAIL,APPROVED,23,1,2026-10-04T12:00:00Z,UPSERT,VE_e5f238788b8d4f
VE_1674e45bbcfcf4,VE_fa7b71df3f49fe,IQ_20c20d0e8b3a1d,2026-10-04T12:00:00Z,EMAIL,APPROVED,24,1,2026-10-04T12:00:00Z,UPSERT,VE_bd347660c02488
VE_d8a8e39ff58643,VE_2a83df57539c57,IQ_54291f6d98eec1,2026-10-04T12:00:00Z,EMAIL,APPROVED,25,1,2026-10-04T12:00:00Z,UPSERT,VE_a7d64d4b06aef3
VE_407db569cb23fc,VE_5224307aa49566,IQ_942e78f7757950,2026-10-04T12:00:00Z,EMAIL,APPROVED,26,1,2026-10-04T12:00:00Z,UPSERT,VE_d8ce93e1401020
VE_73112d7dacc47d,VE_8424de3c920d5a,IQ_135d4a97820502,2026-10-04T12:00:00Z,EMAIL,APPROVED,27,1,2026-10-04T12:00:00Z,UPSERT,VE_c0f0228a02528b
VE_3121094928fc69,VE_c2e7fbe2a923c5,IQ_20c20d0e8b3a1d,2026-10-04T12:00:00Z,EMAIL,APPROVED,28,1,2026-10-04T12:00:00Z,UPSERT,VE_6b9dd3d425b6f6
VE_571d0b709dacd9,VE_02fcb1978f6c90,IQ_54291f6d98eec1,2026-10-04T12:00:00Z,EMAIL,APPROVED,29,1,2026-10-04T12:00:00Z,UPSERT,VE_5bdb3c5559b9b2
VE_52c4c46f8eb95a,VE_9f26ead04e3578,IQ_942e78f7757950,2026-10-04T12:00:00Z,EMAIL,APPROVED,10,1,2026-10-04T12:00:00Z,UPSERT,VE_dfb9c2a7f96b2e
VE_2cfaa7d3c9e974,VE_ef15b7e7974b5e,IQ_135d4a97820502,2026-10-04T12:00:00Z,EMAIL,APPROVED,11,1,2026-10-04T12:00:00Z,UPSERT,VE_e5f238788b8d4f
VE_923102ea29460a,VE_4ae72a089dd8cb,IQ_20c20d0e8b3a1d,2026-10-04T12:00:00Z,EMAIL,APPROVED,12,1,2026-10-04T12:00:00Z,UPSERT,VE_bd347660c02488
VE_7ebdaa8ef8d282,VE_c22fd8263ec79a,IQ_54291f6d98eec1,2026-10-04T12:00:00Z,EMAIL,APPROVED,13,1,2026-10-04T12:00:00Z,UPSERT,VE_a7d64d4b06aef3
VE_02478bf71ca12e,VE_b1422f3824524b,IQ_942e78f7757950,2026-10-04T12:00:00Z,EMAIL,APPROVED,14,1,2026-10-04T12:00:00Z,UPSERT,VE_d8ce93e1401020
VE_2f4eae9b8fb25a,VE_4dd886b7fab240,IQ_135d4a97820502,2026-10-04T12:00:00Z,EMAIL,APPROVED,15,1,2026-10-04T12:00:00Z,UPSERT,VE_c0f0228a02528b
VE_ca79ae63f89ad9,VE_f37614d88a5207,IQ_20c20d0e8b3a1d,2026-10-04T12:00:00Z,EMAIL,APPROVED,16,1,2026-10-04T12:00:00Z,UPSERT,VE_6b9dd3d425b6f6
VE_876c7857ffd23c,VE_3db35dc532eeaa,IQ_54291f6d98eec1,2026-10-04T12:00:00Z,EMAIL,APPROVED,17,1,2026-10-04T12:00:00Z,UPSERT,VE_5bdb3c5559b9b2
VE_ffb576d34b2a25,VE_ba46ef34c727f4,IQ_942e78f7757950,2026-10-04T12:00:00Z,EMAIL,APPROVED,18,1,2026-10-04T12:00:00Z,UPSERT,VE_dfb9c2a7f96b2e
VE_e1d5d3dddba04f,VE_81bb42b4d03067,IQ_135d4a97820502,2026-10-04T12:00:00Z,EMAIL,APPROVED,19,1,2026-10-04T12:00:00Z,UPSERT,VE_e5f238788b8d4f
VE_0fe971de2dc68f,VE_265f423ad0ae7e,IQ_20c20d0e8b3a1d,2026-10-04T12:00:00Z,EMAIL,APPROVED,20,1,2026-10-04T12:00:00Z,UPSERT,VE_bd347660c02488
VE_23982f095b65b2,VE_09a95a08cec401,IQ_54291f6d98eec1,2026-10-04T12:00:00Z,EMAIL,APPROVED,21,1,2026-10-04T12:00:00Z,UPSERT,VE_a7d64d4b06aef3
VE_3d1bdf5cc9129e,VE_3c1f574e00e61d,IQ_942e78f7757950,2026-10-04T12:00:00Z,EMAIL,APPROVED,22,1,2026-10-04T12:00:00Z,UPSERT,VE_d8ce93e1401020
VE_d79a43230c33f3,VE_762f6137cedac0,IQ_135d4a97820502,2026-10-04T12:00:00Z,EMAIL,APPROVED,23,1,2026-10-04T12:00:00Z,UPSERT,VE_c0f0228a02528b
VE_b3e22e05d48562,VE_c4ed0f0cc1df2c,IQ_20c20d0e8b3a1d,2026-10-04T12:00:00Z,EMAIL,APPROVED,24,1,2026-10-04T12:00:00Z,UPSERT,VE_6b9dd3d425b6f6
VE_4efc9d92370139,VE_efc5c572b933a0,IQ_54291f6d98eec1,2026-10-04T12:00:00Z,EMAIL,APPROVED,25,1,2026-10-04T12:00:00Z,UPSERT,VE_5bdb3c5559b9b2
VE_ad332844b9384b,VE_461597a2f31e56,IQ_942e78f7757950,2026-10-04T12:00:00Z,EMAIL,APPROVED,26,1,2026-10-04T12:00:00Z,UPSERT,VE_dfb9c2a7f96b2e
VE_f16049f6f6981e,VE_5b9bf1816d8032,IQ_135d4a97820502,2026-10-03T12:00:00Z,EMAIL,APPROVED,19,2,2026-10-05T04:00:00Z,DELETE,VE_e5f238788b8d4f
