membership_key,campaign_key,contact_key,member_status
MEM-1-1,SA_d351b0c1f7862f,SA_20b0fcd592c48c,ENROLLED
MEM-1-2,SA_d351b0c1f7862f,SA_fd1700c2b278e2,ENROLLED
MEM-1-3,SA_d351b0c1f7862f,SA_b1135a428e2843,ENROLLED
MEM-1-4,SA_d351b0c1f7862f,SA_82d66203b68113,ENROLLED
MEM-1-5,SA_d351b0c1f7862f,SA_df8ed0f678f9b5,ENROLLED
MEM-1-6,SA_d351b0c1f7862f,SA_a1f060f04aba95,ENROLLED
MEM-1-7,SA_d351b0c1f7862f,SA_168c3975fcf876,ENROLLED
MEM-1-8,SA_d351b0c1f7862f,SA_ebe09ad96d8da2,ENROLLED
MEM-1-9,SA_d351b0c1f7862f,SA_1033be66a89fd0,ENROLLED
MEM-1-10,SA_d351b0c1f7862f,SA_01d39d2c1d0765,ENROLLED
MEM-1-11,SA_d351b0c1f7862f,SA_a0a592edba5dd0,ENROLLED
MEM-1-12,SA_d351b0c1f7862f,SA_e06b9de5993258,ENROLLED
MEM-1-13,SA_d351b0c1f7862f,SA_c4b251c9103cd4,ENROLLED
MEM-1-14,SA_d351b0c1f7862f,SA_6d95b4c7ba376b,ENROLLED
MEM-1-15,SA_d351b0c1f7862f,SA_3c50ff8b5fe17e,ENROLLED
MEM-1-16,SA_d351b0c1f7862f,SA_c4f21d08a5ed90,ENROLLED
MEM-1-17,SA_d351b0c1f7862f,SA_d7d78e5b061697,ENROLLED
MEM-1-18,SA_d351b0c1f7862f,SA_8f3e93e471316f,ENROLLED
MEM-1-19,SA_d351b0c1f7862f,SA_9f7aaa88968dab,ENROLLED
MEM-1-100,SA_d351b0c1f7862f,SA_7bd2ae8d4b0459,ENROLLED
MEM-2-21,SA_dc2c943c2b2559,SA_491a102550063b,ENROLLED
MEM-2-22,SA_dc2c943c2b2559,SA_67982842729914,ENROLLED
MEM-2-23,SA_dc2c943c2b2559,SA_06227686d58c61,ENROLLED
MEM-2-24,SA_dc2c943c2b2559,SA_f80c9d2bea43c9,ENROLLED
MEM-2-25,SA_dc2c943c2b2559,SA_f66fbf35fe5242,ENROLLED
MEM-2-26,SA_dc2c943c2b2559,SA_0353898baefc94,ENROLLED
MEM-2-27,SA_dc2c943c2b2559,SA_9416db321f016f,ENROLLED
MEM-2-28,SA_dc2c943c2b2559,SA_dfbc47a7b5aefb,ENROLLED
MEM-2-29,SA_dc2c943c2b2559,SA_a41d3514aebb18,ENROLLED
MEM-2-30,SA_dc2c943c2b2559,SA_e348dea9270abe,ENROLLED
MEM-2-31,SA_dc2c943c2b2559,SA_031547434aa228,ENROLLED
MEM-2-32,SA_dc2c943c2b2559,SA_edfd7cbf7058af,ENROLLED
MEM-2-33,SA_dc2c943c2b2559,SA_7afd02c57f3e04,ENROLLED
MEM-2-34,SA_dc2c943c2b2559,SA_bbf2ee84a7b6b0,ENROLLED
MEM-2-35,SA_dc2c943c2b2559,SA_0304fbce0dcbc5,ENROLLED
MEM-2-36,SA_dc2c943c2b2559,SA_649b503b243711,ENROLLED
MEM-2-37,SA_dc2c943c2b2559,SA_412af5acef0178,ENROLLED
MEM-2-38,SA_dc2c943c2b2559,SA_59dcff15fa0dfc,ENROLLED
MEM-2-39,SA_dc2c943c2b2559,SA_760ec0fbeaf3fc,ENROLLED
MEM-2-40,SA_dc2c943c2b2559,SA_1b8419a8f284c9,ENROLLED
MEM-3-41,SA_09fe5acf0ff223,SA_6e49dfe2c14252,ENROLLED
MEM-3-42,SA_09fe5acf0ff223,SA_4349f162458661,ENROLLED
MEM-3-43,SA_09fe5acf0ff223,SA_00f7b378b43d19,ENROLLED
MEM-3-44,SA_09fe5acf0ff223,SA_1ec48773ba8f01,ENROLLED
MEM-3-45,SA_09fe5acf0ff223,SA_84e3b2dfb3e47f,ENROLLED
MEM-3-46,SA_09fe5acf0ff223,SA_fd4c89f2c059e4,ENROLLED
MEM-3-47,SA_09fe5acf0ff223,SA_d197634c3a5a4c,ENROLLED
MEM-3-48,SA_09fe5acf0ff223,SA_54ad4ac736f4a8,ENROLLED
MEM-3-49,SA_09fe5acf0ff223,SA_fcbeda68ae14d9,ENROLLED
MEM-3-50,SA_09fe5acf0ff223,SA_4cdf41b41875af,ENROLLED
MEM-3-51,SA_09fe5acf0ff223,SA_0bfdc11dcfb844,ENROLLED
MEM-3-52,SA_09fe5acf0ff223,SA_c8039aef942ce5,ENROLLED
MEM-3-53,SA_09fe5acf0ff223,SA_88b38fb4cb78fa,ENROLLED
MEM-3-54,SA_09fe5acf0ff223,SA_e3f7e527efa085,ENROLLED
MEM-3-55,SA_09fe5acf0ff223,SA_a96d14b7328a09,ENROLLED
MEM-3-56,SA_09fe5acf0ff223,SA_d6da4188cdd518,ENROLLED
MEM-3-57,SA_09fe5acf0ff223,SA_bea4679cb8b105,ENROLLED
MEM-3-58,SA_09fe5acf0ff223,SA_7d5c6516cf0c7e,ENROLLED
MEM-3-59,SA_09fe5acf0ff223,SA_4ec9e5aad22a62,ENROLLED
MEM-3-60,SA_09fe5acf0ff223,SA_6ad0beea0d23c9,ENROLLED
MEM-4-61,SA_78a714ac9531a7,SA_2a3e0e978ab18c,ENROLLED
MEM-4-62,SA_78a714ac9531a7,SA_97d2318c850618,ENROLLED
MEM-4-63,SA_78a714ac9531a7,SA_be537b1f42d59c,ENROLLED
MEM-4-64,SA_78a714ac9531a7,SA_6cf5ec3a58830e,ENROLLED
MEM-4-65,SA_78a714ac9531a7,SA_57eebf80605499,ENROLLED
MEM-4-66,SA_78a714ac9531a7,SA_693beaf33de779,ENROLLED
MEM-4-67,SA_78a714ac9531a7,SA_337c994125a861,ENROLLED
MEM-4-68,SA_78a714ac9531a7,SA_98aec15b508988,ENROLLED
MEM-4-69,SA_78a714ac9531a7,SA_bcb6c6fcb37d28,ENROLLED
MEM-4-70,SA_78a714ac9531a7,SA_aa72ab05209a9e,ENROLLED
MEM-4-71,SA_78a714ac9531a7,SA_560693c1074d95,ENROLLED
MEM-4-72,SA_78a714ac9531a7,SA_457356d015ce5d,ENROLLED
MEM-4-73,SA_78a714ac9531a7,SA_e524ffe653d45b,ENROLLED
MEM-4-74,SA_78a714ac9531a7,SA_6651e6f633a403,ENROLLED
MEM-4-75,SA_78a714ac9531a7,SA_51917e3a0652fa,ENROLLED
MEM-4-76,SA_78a714ac9531a7,SA_ea1d946754a779,ENROLLED
MEM-4-77,SA_78a714ac9531a7,SA_3fefe970e001a2,ENROLLED
MEM-4-78,SA_78a714ac9531a7,SA_b9613cd1c9494c,ENROLLED
MEM-4-79,SA_78a714ac9531a7,SA_bf8e6e7643551a,ENROLLED
MEM-4-80,SA_78a714ac9531a7,SA_364fd1c1537816,ENROLLED
MEM-5-1,SA_811ce35864b24c,SA_20b0fcd592c48c,ENROLLED
MEM-5-2,SA_811ce35864b24c,SA_fd1700c2b278e2,ENROLLED
MEM-5-3,SA_811ce35864b24c,SA_b1135a428e2843,ENROLLED
MEM-5-4,SA_811ce35864b24c,SA_82d66203b68113,ENROLLED
MEM-5-5,SA_811ce35864b24c,SA_df8ed0f678f9b5,ENROLLED
MEM-5-6,SA_811ce35864b24c,SA_a1f060f04aba95,ENROLLED
MEM-5-7,SA_811ce35864b24c,SA_168c3975fcf876,ENROLLED
MEM-5-8,SA_811ce35864b24c,SA_ebe09ad96d8da2,ENROLLED
MEM-5-9,SA_811ce35864b24c,SA_1033be66a89fd0,ENROLLED
MEM-5-10,SA_811ce35864b24c,SA_01d39d2c1d0765,ENROLLED
MEM-5-11,SA_811ce35864b24c,SA_a0a592edba5dd0,ENROLLED
MEM-5-12,SA_811ce35864b24c,SA_e06b9de5993258,ENROLLED
MEM-5-13,SA_811ce35864b24c,SA_c4b251c9103cd4,ENROLLED
MEM-5-14,SA_811ce35864b24c,SA_6d95b4c7ba376b,ENROLLED
MEM-5-15,SA_811ce35864b24c,SA_3c50ff8b5fe17e,ENROLLED
MEM-5-16,SA_811ce35864b24c,SA_c4f21d08a5ed90,ENROLLED
MEM-5-17,SA_811ce35864b24c,SA_d7d78e5b061697,ENROLLED
MEM-5-18,SA_811ce35864b24c,SA_8f3e93e471316f,ENROLLED
MEM-5-19,SA_811ce35864b24c,SA_9f7aaa88968dab,ENROLLED
MEM-5-20,SA_811ce35864b24c,SA_c178467ceaa752,ENROLLED
MEM-5-100,SA_811ce35864b24c,SA_7bd2ae8d4b0459,ENROLLED
