interaction_id,version_no,product_id,detail_rank
INTERACTION-000001,1,PRODUCT-000001,1
INTERACTION-000002,1,PRODUCT-000002,1
INTERACTION-000003,1,PRODUCT-000003,1
INTERACTION-000004,1,PRODUCT-000004,1
INTERACTION-000005,1,PRODUCT-000001,1
INTERACTION-000006,1,PRODUCT-000002,1
INTERACTION-000007,1,PRODUCT-000003,1
INTERACTION-000008,1,PRODUCT-000004,1
INTERACTION-000009,1,PRODUCT-000001,1
INTERACTION-000010,1,PRODUCT-000002,1
INTERACTION-000011,1,PRODUCT-000003,1
INTERACTION-000012,1,PRODUCT-000004,1
INTERACTION-000013,1,PRODUCT-000001,1
INTERACTION-000014,1,PRODUCT-000002,1
INTERACTION-000015,1,PRODUCT-000003,1
INTERACTION-000016,1,PRODUCT-000004,1
INTERACTION-000017,1,PRODUCT-000001,1
INTERACTION-000017,1,PRODUCT-000002,2
INTERACTION-000018,1,PRODUCT-000002,1
INTERACTION-000019,1,PRODUCT-000003,1
INTERACTION-000020,1,PRODUCT-000004,1
INTERACTION-000021,1,PRODUCT-000001,1
INTERACTION-000022,1,PRODUCT-000002,1
INTERACTION-000023,1,PRODUCT-000003,1
INTERACTION-000024,1,PRODUCT-000004,1
INTERACTION-000025,1,PRODUCT-000001,1
INTERACTION-000026,1,PRODUCT-000002,1
INTERACTION-000027,1,PRODUCT-000003,1
INTERACTION-000028,1,PRODUCT-000004,1
INTERACTION-000029,1,PRODUCT-000001,1
INTERACTION-000030,1,PRODUCT-000002,1
INTERACTION-000031,1,PRODUCT-000003,1
INTERACTION-000032,1,PRODUCT-000004,1
INTERACTION-000033,1,PRODUCT-000001,1
INTERACTION-000034,1,PRODUCT-000002,1
INTERACTION-000034,1,PRODUCT-000003,2
INTERACTION-000035,1,PRODUCT-000003,1
INTERACTION-000036,1,PRODUCT-000004,1
INTERACTION-000037,1,PRODUCT-000001,1
INTERACTION-000038,1,PRODUCT-000002,1
INTERACTION-000039,1,PRODUCT-000003,1
INTERACTION-000040,1,PRODUCT-000004,1
INTERACTION-000041,1,PRODUCT-000001,1
INTERACTION-000042,1,PRODUCT-000002,1
INTERACTION-000043,1,PRODUCT-000003,1
INTERACTION-000044,1,PRODUCT-000004,1
INTERACTION-000045,1,PRODUCT-000001,1
INTERACTION-000046,1,PRODUCT-000002,1
INTERACTION-000047,1,PRODUCT-000003,1
INTERACTION-000048,1,PRODUCT-000004,1
INTERACTION-000049,1,PRODUCT-000001,1
INTERACTION-000050,1,PRODUCT-000002,1
INTERACTION-000051,1,PRODUCT-000003,1
INTERACTION-000051,1,PRODUCT-000004,2
INTERACTION-000052,1,PRODUCT-000004,1
INTERACTION-000053,1,PRODUCT-000001,1
INTERACTION-000054,1,PRODUCT-000002,1
INTERACTION-000055,1,PRODUCT-000003,1
INTERACTION-000056,1,PRODUCT-000004,1
INTERACTION-000057,1,PRODUCT-000001,1
INTERACTION-000058,1,PRODUCT-000002,1
INTERACTION-000059,1,PRODUCT-000003,1
INTERACTION-000060,1,PRODUCT-000004,1
INTERACTION-000061,1,PRODUCT-000001,1
INTERACTION-000062,1,PRODUCT-000002,1
INTERACTION-000063,1,PRODUCT-000003,1
INTERACTION-000064,1,PRODUCT-000004,1
INTERACTION-000065,1,PRODUCT-000001,1
INTERACTION-000066,1,PRODUCT-000002,1
INTERACTION-000067,1,PRODUCT-000003,1
INTERACTION-000068,1,PRODUCT-000004,1
INTERACTION-000068,1,PRODUCT-000001,2
INTERACTION-000069,1,PRODUCT-000001,1
INTERACTION-000070,1,PRODUCT-000002,1
INTERACTION-000071,1,PRODUCT-000003,1
INTERACTION-000072,1,PRODUCT-000004,1
INTERACTION-000073,1,PRODUCT-000001,1
INTERACTION-000074,1,PRODUCT-000002,1
INTERACTION-000075,1,PRODUCT-000003,1
INTERACTION-000076,1,PRODUCT-000004,1
INTERACTION-000077,1,PRODUCT-000001,1
INTERACTION-000078,1,PRODUCT-000002,1
INTERACTION-000079,1,PRODUCT-000003,1
INTERACTION-000080,1,PRODUCT-000004,1
INTERACTION-000081,1,PRODUCT-000001,1
INTERACTION-000082,1,PRODUCT-000002,1
INTERACTION-000083,1,PRODUCT-000003,1
INTERACTION-000084,1,PRODUCT-000004,1
INTERACTION-000085,1,PRODUCT-000001,1
INTERACTION-000085,1,PRODUCT-000002,2
INTERACTION-000086,1,PRODUCT-000002,1
INTERACTION-000087,1,PRODUCT-000003,1
INTERACTION-000088,1,PRODUCT-000004,1
INTERACTION-000089,1,PRODUCT-000001,1
INTERACTION-000090,1,PRODUCT-000002,1
INTERACTION-000091,1,PRODUCT-000003,1
INTERACTION-000092,1,PRODUCT-000004,1
INTERACTION-000093,1,PRODUCT-000001,1
INTERACTION-000094,1,PRODUCT-000002,1
INTERACTION-000095,1,PRODUCT-000003,1
INTERACTION-000096,1,PRODUCT-000004,1
INTERACTION-000097,1,PRODUCT-000001,1
INTERACTION-000098,1,PRODUCT-000002,1
INTERACTION-000099,1,PRODUCT-000003,1
INTERACTION-000100,1,PRODUCT-000004,1
INTERACTION-000101,1,PRODUCT-000001,1
INTERACTION-000102,1,PRODUCT-000002,1
INTERACTION-000102,1,PRODUCT-000003,2
INTERACTION-000103,1,PRODUCT-000003,1
INTERACTION-000104,1,PRODUCT-000004,1
INTERACTION-000105,1,PRODUCT-000001,1
INTERACTION-000106,1,PRODUCT-000002,1
INTERACTION-000107,1,PRODUCT-000003,1
INTERACTION-000108,1,PRODUCT-000004,1
INTERACTION-000109,1,PRODUCT-000001,1
INTERACTION-000110,1,PRODUCT-000002,1
INTERACTION-000111,1,PRODUCT-000003,1
INTERACTION-000112,1,PRODUCT-000004,1
INTERACTION-000113,1,PRODUCT-000001,1
INTERACTION-000114,1,PRODUCT-000002,1
INTERACTION-000115,1,PRODUCT-000003,1
INTERACTION-000116,1,PRODUCT-000004,1
INTERACTION-000117,1,PRODUCT-000001,1
INTERACTION-000118,1,PRODUCT-000002,1
INTERACTION-000119,1,PRODUCT-000003,1
INTERACTION-000119,1,PRODUCT-000004,2
INTERACTION-000120,1,PRODUCT-000004,1
INTERACTION-000121,1,PRODUCT-000001,1
INTERACTION-000122,1,PRODUCT-000002,1
INTERACTION-000123,1,PRODUCT-000003,1
INTERACTION-000124,1,PRODUCT-000004,1
INTERACTION-000125,1,PRODUCT-000001,1
INTERACTION-000126,1,PRODUCT-000002,1
INTERACTION-000127,1,PRODUCT-000003,1
INTERACTION-000128,1,PRODUCT-000004,1
INTERACTION-000129,1,PRODUCT-000001,1
INTERACTION-000130,1,PRODUCT-000002,1
INTERACTION-000131,1,PRODUCT-000003,1
INTERACTION-000132,1,PRODUCT-000004,1
INTERACTION-000133,1,PRODUCT-000001,1
INTERACTION-000134,1,PRODUCT-000002,1
INTERACTION-000135,1,PRODUCT-000003,1
INTERACTION-000136,1,PRODUCT-000004,1
INTERACTION-000136,1,PRODUCT-000001,2
INTERACTION-000137,1,PRODUCT-000001,1
INTERACTION-000138,1,PRODUCT-000002,1
INTERACTION-000139,1,PRODUCT-000003,1
INTERACTION-000140,1,PRODUCT-000004,1
INTERACTION-000141,1,PRODUCT-000001,1
INTERACTION-000142,1,PRODUCT-000002,1
INTERACTION-000143,1,PRODUCT-000003,1
INTERACTION-000144,1,PRODUCT-000004,1
INTERACTION-000145,1,PRODUCT-000001,1
INTERACTION-000146,1,PRODUCT-000002,1
INTERACTION-000147,1,PRODUCT-000003,1
INTERACTION-000148,1,PRODUCT-000004,1
INTERACTION-000149,1,PRODUCT-000001,1
INTERACTION-000150,1,PRODUCT-000002,1
INTERACTION-000151,1,PRODUCT-000003,1
INTERACTION-000152,1,PRODUCT-000004,1
INTERACTION-000153,1,PRODUCT-000001,1
INTERACTION-000153,1,PRODUCT-000002,2
INTERACTION-000154,1,PRODUCT-000002,1
INTERACTION-000155,1,PRODUCT-000003,1
INTERACTION-000156,1,PRODUCT-000004,1
INTERACTION-000157,1,PRODUCT-000001,1
INTERACTION-000158,1,PRODUCT-000002,1
INTERACTION-000159,1,PRODUCT-000003,1
INTERACTION-000160,1,PRODUCT-000004,1
INTERACTION-000161,1,PRODUCT-000001,1
INTERACTION-000162,1,PRODUCT-000002,1
INTERACTION-000163,1,PRODUCT-000003,1
INTERACTION-000164,1,PRODUCT-000004,1
INTERACTION-000165,1,PRODUCT-000001,1
INTERACTION-000166,1,PRODUCT-000002,1
INTERACTION-000167,1,PRODUCT-000003,1
INTERACTION-000168,1,PRODUCT-000004,1
INTERACTION-000169,1,PRODUCT-000001,1
INTERACTION-000170,1,PRODUCT-000002,1
INTERACTION-000170,1,PRODUCT-000003,2
INTERACTION-000171,1,PRODUCT-000003,1
INTERACTION-000172,1,PRODUCT-000004,1
INTERACTION-000173,1,PRODUCT-000001,1
INTERACTION-000174,1,PRODUCT-000002,1
INTERACTION-000175,1,PRODUCT-000003,1
INTERACTION-000176,1,PRODUCT-000004,1
INTERACTION-000177,1,PRODUCT-000001,1
INTERACTION-000178,1,PRODUCT-000002,1
INTERACTION-000179,1,PRODUCT-000003,1
INTERACTION-000180,1,PRODUCT-000004,1
INTERACTION-000181,1,PRODUCT-000001,1
INTERACTION-000182,1,PRODUCT-000002,1
INTERACTION-000183,1,PRODUCT-000003,1
INTERACTION-000184,1,PRODUCT-000004,1
INTERACTION-000185,1,PRODUCT-000001,1
INTERACTION-000186,1,PRODUCT-000002,1
INTERACTION-000187,1,PRODUCT-000003,1
INTERACTION-000187,1,PRODUCT-000004,2
INTERACTION-000188,1,PRODUCT-000004,1
INTERACTION-000189,1,PRODUCT-000001,1
INTERACTION-000190,1,PRODUCT-000002,1
INTERACTION-000191,1,PRODUCT-000003,1
INTERACTION-000192,1,PRODUCT-000004,1
INTERACTION-000193,1,PRODUCT-000001,1
INTERACTION-000194,1,PRODUCT-000002,1
INTERACTION-000195,1,PRODUCT-000003,1
INTERACTION-000196,1,PRODUCT-000004,1
INTERACTION-000197,1,PRODUCT-000001,1
INTERACTION-000198,1,PRODUCT-000002,1
INTERACTION-000199,1,PRODUCT-000003,1
INTERACTION-000200,1,PRODUCT-000004,1
INTERACTION-000201,1,PRODUCT-000001,1
INTERACTION-000202,1,PRODUCT-000002,1
INTERACTION-000203,1,PRODUCT-000003,1
INTERACTION-000204,1,PRODUCT-000004,1
INTERACTION-000204,1,PRODUCT-000001,2
INTERACTION-000205,1,PRODUCT-000001,1
INTERACTION-000206,1,PRODUCT-000002,1
INTERACTION-000207,1,PRODUCT-000003,1
INTERACTION-000208,1,PRODUCT-000004,1
INTERACTION-000209,1,PRODUCT-000001,1
INTERACTION-000210,1,PRODUCT-000002,1
INTERACTION-000211,1,PRODUCT-000003,1
INTERACTION-000212,1,PRODUCT-000004,1
INTERACTION-000213,1,PRODUCT-000001,1
INTERACTION-000214,1,PRODUCT-000002,1
INTERACTION-000215,1,PRODUCT-000003,1
INTERACTION-000216,1,PRODUCT-000004,1
INTERACTION-000217,1,PRODUCT-000001,1
INTERACTION-000218,1,PRODUCT-000002,1
INTERACTION-000219,1,PRODUCT-000003,1
INTERACTION-000220,1,PRODUCT-000004,1
INTERACTION-000221,1,PRODUCT-000001,1
INTERACTION-000221,1,PRODUCT-000002,2
INTERACTION-000222,1,PRODUCT-000002,1
INTERACTION-000223,1,PRODUCT-000003,1
INTERACTION-000224,1,PRODUCT-000004,1
INTERACTION-000225,1,PRODUCT-000001,1
INTERACTION-000226,1,PRODUCT-000002,1
INTERACTION-000227,1,PRODUCT-000003,1
INTERACTION-000228,1,PRODUCT-000004,1
INTERACTION-000229,1,PRODUCT-000001,1
INTERACTION-000230,1,PRODUCT-000002,1
INTERACTION-000231,1,PRODUCT-000003,1
INTERACTION-000232,1,PRODUCT-000004,1
INTERACTION-000233,1,PRODUCT-000001,1
INTERACTION-000234,1,PRODUCT-000002,1
INTERACTION-000235,1,PRODUCT-000003,1
INTERACTION-000236,1,PRODUCT-000004,1
INTERACTION-000237,1,PRODUCT-000001,1
INTERACTION-000238,1,PRODUCT-000002,1
INTERACTION-000238,1,PRODUCT-000003,2
INTERACTION-000239,1,PRODUCT-000003,1
INTERACTION-000240,1,PRODUCT-000004,1
INTERACTION-000241,1,PRODUCT-000001,1
INTERACTION-000242,1,PRODUCT-000002,1
INTERACTION-000243,1,PRODUCT-000003,1
INTERACTION-000244,1,PRODUCT-000004,1
INTERACTION-000245,1,PRODUCT-000001,1
INTERACTION-000246,1,PRODUCT-000002,1
INTERACTION-000247,1,PRODUCT-000003,1
INTERACTION-000248,1,PRODUCT-000004,1
INTERACTION-000249,1,PRODUCT-000001,1
INTERACTION-000250,1,PRODUCT-000002,1
INTERACTION-000251,1,PRODUCT-000003,1
INTERACTION-000252,1,PRODUCT-000004,1
INTERACTION-000253,1,PRODUCT-000001,1
INTERACTION-000254,1,PRODUCT-000002,1
INTERACTION-000255,1,PRODUCT-000003,1
INTERACTION-000255,1,PRODUCT-000004,2
INTERACTION-000256,1,PRODUCT-000004,1
INTERACTION-000257,1,PRODUCT-000001,1
INTERACTION-000258,1,PRODUCT-000002,1
INTERACTION-000259,1,PRODUCT-000003,1
INTERACTION-000260,1,PRODUCT-000004,1
INTERACTION-000261,1,PRODUCT-000001,1
INTERACTION-000262,1,PRODUCT-000002,1
INTERACTION-000263,1,PRODUCT-000003,1
INTERACTION-000264,1,PRODUCT-000004,1
INTERACTION-000265,1,PRODUCT-000001,1
INTERACTION-000266,1,PRODUCT-000002,1
INTERACTION-000267,1,PRODUCT-000003,1
INTERACTION-000268,1,PRODUCT-000004,1
INTERACTION-000269,1,PRODUCT-000001,1
INTERACTION-000270,1,PRODUCT-000002,1
INTERACTION-000271,1,PRODUCT-000003,1
INTERACTION-000272,1,PRODUCT-000004,1
INTERACTION-000272,1,PRODUCT-000001,2
INTERACTION-000273,1,PRODUCT-000001,1
INTERACTION-000274,1,PRODUCT-000002,1
INTERACTION-000275,1,PRODUCT-000003,1
INTERACTION-000276,1,PRODUCT-000004,1
INTERACTION-000277,1,PRODUCT-000001,1
INTERACTION-000278,1,PRODUCT-000002,1
INTERACTION-000279,1,PRODUCT-000003,1
INTERACTION-000280,1,PRODUCT-000004,1
INTERACTION-000281,1,PRODUCT-000001,1
INTERACTION-000282,1,PRODUCT-000002,1
INTERACTION-000283,1,PRODUCT-000003,1
INTERACTION-000284,1,PRODUCT-000004,1
INTERACTION-000285,1,PRODUCT-000001,1
INTERACTION-000286,1,PRODUCT-000002,1
INTERACTION-000287,1,PRODUCT-000003,1
INTERACTION-000288,1,PRODUCT-000004,1
INTERACTION-000289,1,PRODUCT-000001,1
INTERACTION-000289,1,PRODUCT-000002,2
INTERACTION-000290,1,PRODUCT-000002,1
INTERACTION-000291,1,PRODUCT-000003,1
INTERACTION-000292,1,PRODUCT-000004,1
INTERACTION-000293,1,PRODUCT-000001,1
INTERACTION-000294,1,PRODUCT-000002,1
INTERACTION-000295,1,PRODUCT-000003,1
INTERACTION-000296,1,PRODUCT-000004,1
INTERACTION-000297,1,PRODUCT-000001,1
INTERACTION-000298,1,PRODUCT-000002,1
INTERACTION-000299,1,PRODUCT-000003,1
INTERACTION-000300,1,PRODUCT-000004,1
INTERACTION-000001,2,PRODUCT-000002,1
INTERACTION-000002,2,PRODUCT-000002,1
INTERACTION-000301,1,PRODUCT-000001,1
INTERACTION-000302,1,PRODUCT-000002,1
INTERACTION-000303,1,PRODUCT-000003,1
INTERACTION-000304,1,PRODUCT-000004,1
INTERACTION-000305,1,PRODUCT-000003,1
INTERACTION-000306,1,PRODUCT-000004,1
INTERACTION-000307,1,PRODUCT-000001,1
INTERACTION-000308,1,PRODUCT-000002,1
INTERACTION-000309,1,PRODUCT-000003,1
INTERACTION-000310,1,PRODUCT-000004,1
INTERACTION-000311,1,PRODUCT-000001,1
INTERACTION-000312,1,PRODUCT-000002,1
INTERACTION-000313,1,PRODUCT-000003,1
INTERACTION-000314,1,PRODUCT-000004,1
INTERACTION-000315,1,PRODUCT-000001,1
INTERACTION-000316,1,PRODUCT-000002,1
INTERACTION-000317,1,PRODUCT-000003,1
INTERACTION-000318,1,PRODUCT-000004,1
INTERACTION-000319,1,PRODUCT-000001,1
INTERACTION-000320,1,PRODUCT-000002,1
INTERACTION-000321,1,PRODUCT-000003,1
INTERACTION-000322,1,PRODUCT-000004,1
INTERACTION-000323,1,PRODUCT-000001,1
INTERACTION-000324,1,PRODUCT-000002,1
INTERACTION-000325,1,PRODUCT-000003,1
INTERACTION-000326,1,PRODUCT-000004,1
INTERACTION-000327,1,PRODUCT-000001,1
INTERACTION-000328,1,PRODUCT-000002,1
INTERACTION-000329,1,PRODUCT-000004,1
INTERACTION-000330,1,PRODUCT-000001,1
INTERACTION-000331,1,PRODUCT-000002,1
INTERACTION-000332,1,PRODUCT-000003,1
INTERACTION-000333,1,PRODUCT-000004,1
INTERACTION-000334,1,PRODUCT-000001,1
INTERACTION-000335,1,PRODUCT-000002,1
INTERACTION-000336,1,PRODUCT-000003,1
INTERACTION-000337,1,PRODUCT-000004,1
INTERACTION-000338,1,PRODUCT-000001,1
INTERACTION-000339,1,PRODUCT-000002,1
INTERACTION-000340,1,PRODUCT-000003,1
INTERACTION-000341,1,PRODUCT-000004,1
INTERACTION-000342,1,PRODUCT-000001,1
INTERACTION-000343,1,PRODUCT-000002,1
INTERACTION-000344,1,PRODUCT-000003,1
INTERACTION-000345,1,PRODUCT-000004,1
INTERACTION-000346,1,PRODUCT-000001,1
INTERACTION-000347,1,PRODUCT-000002,1
INTERACTION-000348,1,PRODUCT-000003,1
INTERACTION-000349,1,PRODUCT-000004,1
INTERACTION-000350,1,PRODUCT-000001,1
INTERACTION-000351,1,PRODUCT-000002,1
INTERACTION-000352,1,PRODUCT-000003,1
INTERACTION-000305,2,PRODUCT-000004,1
INTERACTION-000353,1,PRODUCT-000001,1
INTERACTION-000354,1,PRODUCT-000002,1
INTERACTION-000355,1,PRODUCT-000003,1
INTERACTION-000356,1,PRODUCT-000004,1
INTERACTION-000357,1,PRODUCT-000001,1
INTERACTION-000358,1,PRODUCT-000002,1
INTERACTION-000359,1,PRODUCT-000003,1
INTERACTION-000360,1,PRODUCT-000004,1
INTERACTION-000361,1,PRODUCT-000001,1
INTERACTION-000362,1,PRODUCT-000002,1
INTERACTION-000363,1,PRODUCT-000003,1
INTERACTION-000364,1,PRODUCT-000004,1
INTERACTION-000365,1,PRODUCT-000001,1
INTERACTION-000366,1,PRODUCT-000002,1
INTERACTION-000367,1,PRODUCT-000003,1
INTERACTION-000368,1,PRODUCT-000004,1
INTERACTION-000369,1,PRODUCT-000001,1
INTERACTION-000370,1,PRODUCT-000002,1
INTERACTION-000371,1,PRODUCT-000003,1
INTERACTION-000372,1,PRODUCT-000004,1
INTERACTION-000373,1,PRODUCT-000001,1
INTERACTION-000374,1,PRODUCT-000002,1
INTERACTION-000375,1,PRODUCT-000003,1
INTERACTION-000376,1,PRODUCT-000004,1
INTERACTION-000329,2,PRODUCT-000001,1
INTERACTION-000377,1,PRODUCT-000002,1
INTERACTION-000378,1,PRODUCT-000003,1
INTERACTION-000379,1,PRODUCT-000004,1
INTERACTION-000380,1,PRODUCT-000001,1
INTERACTION-000381,1,PRODUCT-000002,1
INTERACTION-000382,1,PRODUCT-000003,1
INTERACTION-000383,1,PRODUCT-000004,1
INTERACTION-000384,1,PRODUCT-000001,1
INTERACTION-000385,1,PRODUCT-000002,1
INTERACTION-000386,1,PRODUCT-000003,1
INTERACTION-000387,1,PRODUCT-000004,1
INTERACTION-000388,1,PRODUCT-000001,1
INTERACTION-000389,1,PRODUCT-000002,1
INTERACTION-000390,1,PRODUCT-000003,1
INTERACTION-000391,1,PRODUCT-000004,1
INTERACTION-000392,1,PRODUCT-000001,1
INTERACTION-000393,1,PRODUCT-000002,1
INTERACTION-000394,1,PRODUCT-000003,1
INTERACTION-000395,1,PRODUCT-000004,1
INTERACTION-000396,1,PRODUCT-000001,1
INTERACTION-000397,1,PRODUCT-000002,1
INTERACTION-000398,1,PRODUCT-000003,1
INTERACTION-000399,1,PRODUCT-000004,1
INTERACTION-000400,1,PRODUCT-000001,1
INTERACTION-000353,2,PRODUCT-000002,1
INTERACTION-000401,1,PRODUCT-000003,1
INTERACTION-000402,1,PRODUCT-000004,1
INTERACTION-000403,1,PRODUCT-000001,1
INTERACTION-000404,1,PRODUCT-000002,1
INTERACTION-000405,1,PRODUCT-000003,1
INTERACTION-000406,1,PRODUCT-000004,1
INTERACTION-000407,1,PRODUCT-000001,1
INTERACTION-000408,1,PRODUCT-000002,1
INTERACTION-000409,1,PRODUCT-000003,1
INTERACTION-000410,1,PRODUCT-000004,1
INTERACTION-000411,1,PRODUCT-000001,1
INTERACTION-000412,1,PRODUCT-000002,1
INTERACTION-000413,1,PRODUCT-000003,1
INTERACTION-000414,1,PRODUCT-000004,1
INTERACTION-000415,1,PRODUCT-000001,1
INTERACTION-000416,1,PRODUCT-000002,1
INTERACTION-000417,1,PRODUCT-000003,1
INTERACTION-000418,1,PRODUCT-000004,1
INTERACTION-000419,1,PRODUCT-000001,1
INTERACTION-000420,1,PRODUCT-000002,1
INTERACTION-000421,1,PRODUCT-000003,1
INTERACTION-000422,1,PRODUCT-000004,1
INTERACTION-000423,1,PRODUCT-000001,1
INTERACTION-000424,1,PRODUCT-000002,1
INTERACTION-000377,2,PRODUCT-000003,1
INTERACTION-000425,1,PRODUCT-000004,1
INTERACTION-000426,1,PRODUCT-000001,1
INTERACTION-000427,1,PRODUCT-000002,1
INTERACTION-000428,1,PRODUCT-000003,1
INTERACTION-000429,1,PRODUCT-000004,1
INTERACTION-000430,1,PRODUCT-000001,1
INTERACTION-000431,1,PRODUCT-000002,1
INTERACTION-000432,1,PRODUCT-000003,1
INTERACTION-000433,1,PRODUCT-000004,1
INTERACTION-000434,1,PRODUCT-000001,1
INTERACTION-000435,1,PRODUCT-000002,1
INTERACTION-000436,1,PRODUCT-000003,1
INTERACTION-000437,1,PRODUCT-000004,1
INTERACTION-000438,1,PRODUCT-000001,1
INTERACTION-000439,1,PRODUCT-000002,1
INTERACTION-000440,1,PRODUCT-000003,1
INTERACTION-000441,1,PRODUCT-000004,1
INTERACTION-000442,1,PRODUCT-000001,1
INTERACTION-000443,1,PRODUCT-000002,1
INTERACTION-000444,1,PRODUCT-000003,1
INTERACTION-000445,1,PRODUCT-000004,1
INTERACTION-000446,1,PRODUCT-000001,1
INTERACTION-000447,1,PRODUCT-000002,1
INTERACTION-000448,1,PRODUCT-000003,1
INTERACTION-000401,2,PRODUCT-000004,1
INTERACTION-000449,1,PRODUCT-000001,1
INTERACTION-000450,1,PRODUCT-000002,1
INTERACTION-000451,1,PRODUCT-000003,1
INTERACTION-000452,1,PRODUCT-000004,1
INTERACTION-000453,1,PRODUCT-000001,1
INTERACTION-000454,1,PRODUCT-000002,1
INTERACTION-000455,1,PRODUCT-000003,1
INTERACTION-000456,1,PRODUCT-000004,1
INTERACTION-000457,1,PRODUCT-000001,1
INTERACTION-000458,1,PRODUCT-000002,1
INTERACTION-000459,1,PRODUCT-000003,1
INTERACTION-000460,1,PRODUCT-000004,1
INTERACTION-000461,1,PRODUCT-000001,1
INTERACTION-000462,1,PRODUCT-000002,1
INTERACTION-000463,1,PRODUCT-000003,1
INTERACTION-000464,1,PRODUCT-000004,1
INTERACTION-000465,1,PRODUCT-000001,1
INTERACTION-000466,1,PRODUCT-000002,1
INTERACTION-000467,1,PRODUCT-000003,1
INTERACTION-000468,1,PRODUCT-000004,1
INTERACTION-000469,1,PRODUCT-000001,1
INTERACTION-000470,1,PRODUCT-000002,1
INTERACTION-000471,1,PRODUCT-000003,1
INTERACTION-000472,1,PRODUCT-000004,1
INTERACTION-000425,2,PRODUCT-000001,1
INTERACTION-000473,1,PRODUCT-000002,1
INTERACTION-000474,1,PRODUCT-000002,1
INTERACTION-000475,1,PRODUCT-000003,1
INTERACTION-000476,1,PRODUCT-000004,1
INTERACTION-000477,1,PRODUCT-000001,1
INTERACTION-000478,1,PRODUCT-000002,1
INTERACTION-000479,1,PRODUCT-000003,1
INTERACTION-000480,1,PRODUCT-000004,1
INTERACTION-000481,1,PRODUCT-000001,1
INTERACTION-000482,1,PRODUCT-000002,1
INTERACTION-000483,1,PRODUCT-000003,1
INTERACTION-000484,1,PRODUCT-000004,1
INTERACTION-000485,1,PRODUCT-000001,1
INTERACTION-000486,1,PRODUCT-000002,1
INTERACTION-000487,1,PRODUCT-000003,1
INTERACTION-000488,1,PRODUCT-000004,1
INTERACTION-000489,1,PRODUCT-000001,1
INTERACTION-000490,1,PRODUCT-000002,1
INTERACTION-000491,1,PRODUCT-000003,1
INTERACTION-000492,1,PRODUCT-000004,1
INTERACTION-000493,1,PRODUCT-000001,1
INTERACTION-000494,1,PRODUCT-000002,1
INTERACTION-000495,1,PRODUCT-000003,1
INTERACTION-000496,1,PRODUCT-000004,1
INTERACTION-000497,1,PRODUCT-000001,1
INTERACTION-000449,2,PRODUCT-000002,1
INTERACTION-000498,1,PRODUCT-000003,1
INTERACTION-000499,1,PRODUCT-000004,1
INTERACTION-000500,1,PRODUCT-000003,1
INTERACTION-000501,1,PRODUCT-000004,1
INTERACTION-000502,1,PRODUCT-000001,1
INTERACTION-000503,1,PRODUCT-000002,1
INTERACTION-000504,1,PRODUCT-000003,1
INTERACTION-000505,1,PRODUCT-000004,1
INTERACTION-000506,1,PRODUCT-000001,1
INTERACTION-000507,1,PRODUCT-000002,1
INTERACTION-000508,1,PRODUCT-000003,1
INTERACTION-000509,1,PRODUCT-000004,1
INTERACTION-000510,1,PRODUCT-000001,1
INTERACTION-000511,1,PRODUCT-000002,1
INTERACTION-000512,1,PRODUCT-000003,1
INTERACTION-000513,1,PRODUCT-000004,1
INTERACTION-000514,1,PRODUCT-000001,1
INTERACTION-000515,1,PRODUCT-000002,1
INTERACTION-000516,1,PRODUCT-000003,1
INTERACTION-000517,1,PRODUCT-000004,1
INTERACTION-000518,1,PRODUCT-000001,1
INTERACTION-000519,1,PRODUCT-000002,1
INTERACTION-000520,1,PRODUCT-000003,1
INTERACTION-000521,1,PRODUCT-000004,1
INTERACTION-000522,1,PRODUCT-000001,1
INTERACTION-000523,1,PRODUCT-000002,1
INTERACTION-000474,2,PRODUCT-000003,1
INTERACTION-000524,1,PRODUCT-000004,1
INTERACTION-000525,1,PRODUCT-000001,1
INTERACTION-000526,1,PRODUCT-000002,1
INTERACTION-000527,1,PRODUCT-000003,1
INTERACTION-000528,1,PRODUCT-000004,1
INTERACTION-000529,1,PRODUCT-000001,1
INTERACTION-000530,1,PRODUCT-000002,1
INTERACTION-000531,1,PRODUCT-000003,1
INTERACTION-000532,1,PRODUCT-000004,1
INTERACTION-000533,1,PRODUCT-000001,1
INTERACTION-000534,1,PRODUCT-000002,1
INTERACTION-000535,1,PRODUCT-000003,1
INTERACTION-000536,1,PRODUCT-000004,1
INTERACTION-000537,1,PRODUCT-000001,1
INTERACTION-000538,1,PRODUCT-000002,1
INTERACTION-000539,1,PRODUCT-000003,1
INTERACTION-000540,1,PRODUCT-000004,1
INTERACTION-000541,1,PRODUCT-000001,1
INTERACTION-000542,1,PRODUCT-000002,1
INTERACTION-000543,1,PRODUCT-000003,1
INTERACTION-000544,1,PRODUCT-000004,1
INTERACTION-000545,1,PRODUCT-000001,1
INTERACTION-000546,1,PRODUCT-000002,1
INTERACTION-000547,1,PRODUCT-000003,1
INTERACTION-000500,2,PRODUCT-000004,1
INTERACTION-000548,1,PRODUCT-000001,1
INTERACTION-000549,1,PRODUCT-000002,1
INTERACTION-000550,1,PRODUCT-000003,1
INTERACTION-000551,1,PRODUCT-000004,1
INTERACTION-000552,1,PRODUCT-000001,1
INTERACTION-000553,1,PRODUCT-000002,1
INTERACTION-000554,1,PRODUCT-000003,1
INTERACTION-000555,1,PRODUCT-000004,1
INTERACTION-000556,1,PRODUCT-000001,1
INTERACTION-000557,1,PRODUCT-000002,1
INTERACTION-000558,1,PRODUCT-000003,1
INTERACTION-000559,1,PRODUCT-000004,1
INTERACTION-000560,1,PRODUCT-000001,1
INTERACTION-000561,1,PRODUCT-000002,1
INTERACTION-000562,1,PRODUCT-000003,1
INTERACTION-000563,1,PRODUCT-000004,1
INTERACTION-000564,1,PRODUCT-000001,1
INTERACTION-000565,1,PRODUCT-000002,1
INTERACTION-000566,1,PRODUCT-000003,1
INTERACTION-000567,1,PRODUCT-000004,1
INTERACTION-000568,1,PRODUCT-000001,1
INTERACTION-000569,1,PRODUCT-000002,1
INTERACTION-000570,1,PRODUCT-000003,1
INTERACTION-000571,1,PRODUCT-000004,1
INTERACTION-000524,2,PRODUCT-000001,1
INTERACTION-000572,1,PRODUCT-000002,1
INTERACTION-000573,1,PRODUCT-000003,1
INTERACTION-000574,1,PRODUCT-000004,1
INTERACTION-000575,1,PRODUCT-000001,1
INTERACTION-000576,1,PRODUCT-000002,1
INTERACTION-000577,1,PRODUCT-000003,1
INTERACTION-000578,1,PRODUCT-000004,1
INTERACTION-000579,1,PRODUCT-000001,1
INTERACTION-000580,1,PRODUCT-000002,1
INTERACTION-000581,1,PRODUCT-000003,1
INTERACTION-000582,1,PRODUCT-000004,1
INTERACTION-000583,1,PRODUCT-000001,1
INTERACTION-000584,1,PRODUCT-000002,1
INTERACTION-000585,1,PRODUCT-000003,1
INTERACTION-000586,1,PRODUCT-000004,1
INTERACTION-000587,1,PRODUCT-000001,1
INTERACTION-000588,1,PRODUCT-000002,1
INTERACTION-000589,1,PRODUCT-000003,1
INTERACTION-000590,1,PRODUCT-000004,1
INTERACTION-000591,1,PRODUCT-000001,1
INTERACTION-000592,1,PRODUCT-000002,1
INTERACTION-000593,1,PRODUCT-000003,1
INTERACTION-000594,1,PRODUCT-000004,1
INTERACTION-000595,1,PRODUCT-000001,1
INTERACTION-000548,2,PRODUCT-000002,1
