entity_type,canonical_id,source,source_id,link_token
hcp,HCP-000001,iqvia,IQ_9738f9711a47cf,SYN_879f0ccae5c2f09c
hcp,HCP-000001,veeva,VE_8424de3c920d5a,SYN_879f0ccae5c2f09c
hcp,HCP-000001,salesforce,SA_20b0fcd592c48c,SYN_879f0ccae5c2f09c
hcp,HCP-000002,iqvia,IQ_7d957caf585d5f,SYN_7f5961528c032d25
hcp,HCP-000002,veeva,VE_c2e7fbe2a923c5,SYN_7f5961528c032d25
hcp,HCP-000002,salesforce,SA_fd1700c2b278e2,SYN_7f5961528c032d25
hcp,HCP-000003,iqvia,IQ_a1f14c57569bd9,SYN_d745f5436d402a40
hcp,HCP-000003,veeva,VE_02fcb1978f6c90,SYN_d745f5436d402a40
hcp,HCP-000003,salesforce,SA_b1135a428e2843,SYN_d745f5436d402a40
hcp,HCP-000004,iqvia,IQ_2d137fa0b8b6ac,SYN_50265379c53d6581
hcp,HCP-000004,veeva,VE_9f26ead04e3578,SYN_50265379c53d6581
hcp,HCP-000004,salesforce,SA_82d66203b68113,SYN_50265379c53d6581
hcp,HCP-000005,iqvia,IQ_c0d0da0755d27e,SYN_f226902f1f327737
hcp,HCP-000005,veeva,VE_ef15b7e7974b5e,SYN_f226902f1f327737
hcp,HCP-000005,salesforce,SA_df8ed0f678f9b5,SYN_f226902f1f327737
hcp,HCP-000006,iqvia,IQ_19497683e93201,SYN_85cbfbc52a3acafb
hcp,HCP-000006,veeva,VE_4ae72a089dd8cb,SYN_85cbfbc52a3acafb
hcp,HCP-000006,salesforce,SA_a1f060f04aba95,SYN_85cbfbc52a3acafb
hcp,HCP-000007,iqvia,IQ_9cfab99c88ecfa,SYN_4d84bc70d6e9867c
hcp,HCP-000007,veeva,VE_c22fd8263ec79a,SYN_4d84bc70d6e9867c
hcp,HCP-000007,salesforce,SA_168c3975fcf876,SYN_4d84bc70d6e9867c
hcp,HCP-000008,iqvia,IQ_eeb2a0b0f2ecd8,SYN_558567563994d0d9
hcp,HCP-000008,veeva,VE_b1422f3824524b,SYN_558567563994d0d9
hcp,HCP-000008,salesforce,SA_ebe09ad96d8da2,SYN_558567563994d0d9
hcp,HCP-000009,iqvia,IQ_c0c5a4a429739c,SYN_c2df79a40dca3027
hcp,HCP-000009,veeva,VE_4dd886b7fab240,SYN_c2df79a40dca3027
hcp,HCP-000009,salesforce,SA_1033be66a89fd0,SYN_c2df79a40dca3027
hcp,HCP-000010,iqvia,IQ_2220dc90360c82,SYN_540d46d98623da0b
hcp,HCP-000010,veeva,VE_f37614d88a5207,SYN_540d46d98623da0b
hcp,HCP-000010,salesforce,SA_01d39d2c1d0765,SYN_540d46d98623da0b
hcp,HCP-000011,iqvia,IQ_f8746fa6d8ac04,SYN_cf72d06a78bee634
hcp,HCP-000011,veeva,VE_3db35dc532eeaa,SYN_cf72d06a78bee634
hcp,HCP-000011,salesforce,SA_a0a592edba5dd0,SYN_cf72d06a78bee634
hcp,HCP-000012,iqvia,IQ_fb9c5e296c0d40,SYN_22b36e95c6f4a909
hcp,HCP-000012,veeva,VE_ba46ef34c727f4,SYN_22b36e95c6f4a909
hcp,HCP-000012,salesforce,SA_e06b9de5993258,SYN_22b36e95c6f4a909
hcp,HCP-000013,iqvia,IQ_91142399c21c7e,SYN_54554ea6caefca2c
hcp,HCP-000013,veeva,VE_81bb42b4d03067,SYN_54554ea6caefca2c
hcp,HCP-000013,salesforce,SA_c4b251c9103cd4,SYN_54554ea6caefca2c
hcp,HCP-000014,iqvia,IQ_3a78b487cced5b,SYN_c5a14d5fcad75699
hcp,HCP-000014,veeva,VE_265f423ad0ae7e,SYN_c5a14d5fcad75699
hcp,HCP-000014,salesforce,SA_6d95b4c7ba376b,SYN_c5a14d5fcad75699
hcp,HCP-000015,iqvia,IQ_8e278d5ba4c860,SYN_70b62d5aa1f0ad24
hcp,HCP-000015,veeva,VE_09a95a08cec401,SYN_70b62d5aa1f0ad24
hcp,HCP-000015,salesforce,SA_3c50ff8b5fe17e,SYN_70b62d5aa1f0ad24
hcp,HCP-000016,iqvia,IQ_728f393240bb1d,SYN_bfd04e65bab8d9d2
hcp,HCP-000016,veeva,VE_3c1f574e00e61d,SYN_bfd04e65bab8d9d2
hcp,HCP-000016,salesforce,SA_c4f21d08a5ed90,SYN_bfd04e65bab8d9d2
hcp,HCP-000017,iqvia,IQ_e35dbf91fb46f8,SYN_0b1fcdbfcf86f28d
hcp,HCP-000017,veeva,VE_762f6137cedac0,SYN_0b1fcdbfcf86f28d
hcp,HCP-000017,salesforce,SA_d7d78e5b061697,SYN_0b1fcdbfcf86f28d
hcp,HCP-000018,iqvia,IQ_8ee2ef868089f8,SYN_a93a4a133ab1f1c4
hcp,HCP-000018,veeva,VE_c4ed0f0cc1df2c,SYN_a93a4a133ab1f1c4
hcp,HCP-000018,salesforce,SA_8f3e93e471316f,SYN_a93a4a133ab1f1c4
hcp,HCP-000019,iqvia,IQ_bee67dd5b938ba,SYN_b7bdebb90a9e1b7f
hcp,HCP-000019,veeva,VE_efc5c572b933a0,SYN_b7bdebb90a9e1b7f
hcp,HCP-000019,salesforce,SA_9f7aaa88968dab,SYN_b7bdebb90a9e1b7f
hcp,HCP-000020,iqvia,IQ_92030316fdcdfe,SYN_25d4030fa2fa69eb
hcp,HCP-000020,veeva,VE_461597a2f31e56,SYN_25d4030fa2fa69eb
hcp,HCP-000020,salesforce,SA_c178467ceaa752,SYN_25d4030fa2fa69eb
hcp,HCP-000021,iqvia,IQ_2f504035abf7db,SYN_44acf019b2d5bd1d
hcp,HCP-000021,veeva,VE_d0c264607dea04,SYN_44acf019b2d5bd1d
hcp,HCP-000021,salesforce,SA_491a102550063b,SYN_44acf019b2d5bd1d
hcp,HCP-000022,iqvia,IQ_e552f1ddf030fb,SYN_308e13b838c20dbf
hcp,HCP-000022,veeva,VE_a2c3a87dcd2ea9,SYN_308e13b838c20dbf
hcp,HCP-000022,salesforce,SA_67982842729914,SYN_308e13b838c20dbf
hcp,HCP-000023,iqvia,IQ_f07eaf14e693a5,SYN_4a3b93766cf635a8
hcp,HCP-000023,veeva,VE_983800ac45775c,SYN_4a3b93766cf635a8
hcp,HCP-000023,salesforce,SA_06227686d58c61,SYN_4a3b93766cf635a8
hcp,HCP-000024,iqvia,IQ_f51ff3278100d8,SYN_beb6994b20fd59ff
hcp,HCP-000024,veeva,VE_c7ffe93286345e,SYN_beb6994b20fd59ff
hcp,HCP-000024,salesforce,SA_f80c9d2bea43c9,SYN_beb6994b20fd59ff
hcp,HCP-000025,iqvia,IQ_b129f52b9e347e,SYN_c29819f7907ee5a0
hcp,HCP-000025,veeva,VE_fd4df5f794dcc5,SYN_c29819f7907ee5a0
hcp,HCP-000025,salesforce,SA_f66fbf35fe5242,SYN_c29819f7907ee5a0
hcp,HCP-000026,iqvia,IQ_b8a09904e4cc44,SYN_202ad262a45fd611
hcp,HCP-000026,veeva,VE_48d952748ec6b5,SYN_202ad262a45fd611
hcp,HCP-000026,salesforce,SA_0353898baefc94,SYN_202ad262a45fd611
hcp,HCP-000027,iqvia,IQ_6e99471b5ac975,SYN_61f42d39773d3e16
hcp,HCP-000027,veeva,VE_c259796efa90aa,SYN_61f42d39773d3e16
hcp,HCP-000027,salesforce,SA_9416db321f016f,SYN_61f42d39773d3e16
hcp,HCP-000028,iqvia,IQ_39a96fcf75a9a5,SYN_64c9377198edf88d
hcp,HCP-000028,veeva,VE_ec5e23b049025d,SYN_64c9377198edf88d
hcp,HCP-000028,salesforce,SA_dfbc47a7b5aefb,SYN_64c9377198edf88d
hcp,HCP-000029,iqvia,IQ_a6d0c3c9f640d2,SYN_4acb94eafabce9af
hcp,HCP-000029,veeva,VE_e1f7a3fa04897e,SYN_4acb94eafabce9af
hcp,HCP-000029,salesforce,SA_a41d3514aebb18,SYN_4acb94eafabce9af
hcp,HCP-000030,iqvia,IQ_98b4c8755fecdb,SYN_f64f47f69b8b0eb5
hcp,HCP-000030,veeva,VE_6c50a25ebbfdb7,SYN_f64f47f69b8b0eb5
hcp,HCP-000030,salesforce,SA_e348dea9270abe,SYN_f64f47f69b8b0eb5
hcp,HCP-000031,iqvia,IQ_d2fdc3f4fb6963,SYN_3c5e4db96f348bcb
hcp,HCP-000031,veeva,VE_a458a83ce0f04b,SYN_3c5e4db96f348bcb
hcp,HCP-000031,salesforce,SA_031547434aa228,SYN_3c5e4db96f348bcb
hcp,HCP-000032,iqvia,IQ_63e125117381f1,SYN_eaecb6c9bbfbbfbe
hcp,HCP-000032,veeva,VE_55aba8abe027dc,SYN_eaecb6c9bbfbbfbe
hcp,HCP-000032,salesforce,SA_edfd7cbf7058af,SYN_eaecb6c9bbfbbfbe
hcp,HCP-000033,iqvia,IQ_90eb0591b897d4,SYN_de8030e1387c25ed
hcp,HCP-000033,veeva,VE_18dc7b377bf025,SYN_de8030e1387c25ed
hcp,HCP-000033,salesforce,SA_7afd02c57f3e04,SYN_de8030e1387c25ed
hcp,HCP-000034,iqvia,IQ_9fb9d375951c9f,SYN_e6ab169b2c94957d
hcp,HCP-000034,veeva,VE_52b1894abf11ea,SYN_e6ab169b2c94957d
hcp,HCP-000034,salesforce,SA_bbf2ee84a7b6b0,SYN_e6ab169b2c94957d
hcp,HCP-000035,iqvia,IQ_43970e05028a71,SYN_2fb277e101c17426
hcp,HCP-000035,veeva,VE_ac8319da259995,SYN_2fb277e101c17426
hcp,HCP-000035,salesforce,SA_0304fbce0dcbc5,SYN_2fb277e101c17426
hcp,HCP-000036,iqvia,IQ_d7ec2fb9c64928,SYN_4def9600d7968d52
hcp,HCP-000036,veeva,VE_ecb874ff3e1b04,SYN_4def9600d7968d52
hcp,HCP-000036,salesforce,SA_649b503b243711,SYN_4def9600d7968d52
hcp,HCP-000037,iqvia,IQ_9360e3fed994a8,SYN_0f8f61bfb1115063
hcp,HCP-000037,veeva,VE_75c6827cd263b2,SYN_0f8f61bfb1115063
hcp,HCP-000037,salesforce,SA_412af5acef0178,SYN_0f8f61bfb1115063
hcp,HCP-000038,iqvia,IQ_abdd6f3d6ea2f9,SYN_16358ebefcf0a3a7
hcp,HCP-000038,veeva,VE_68cbed40f85d0c,SYN_16358ebefcf0a3a7
hcp,HCP-000038,salesforce,SA_59dcff15fa0dfc,SYN_16358ebefcf0a3a7
hcp,HCP-000039,iqvia,IQ_cd3263114f74aa,SYN_05b3cb4a4a42ffaa
hcp,HCP-000039,veeva,VE_5d713f468b86c0,SYN_05b3cb4a4a42ffaa
hcp,HCP-000039,salesforce,SA_760ec0fbeaf3fc,SYN_05b3cb4a4a42ffaa
hcp,HCP-000040,iqvia,IQ_421f576734aa70,SYN_437f0756284d2f54
hcp,HCP-000040,veeva,VE_c9e6b9f6791e33,SYN_437f0756284d2f54
hcp,HCP-000040,salesforce,SA_1b8419a8f284c9,SYN_437f0756284d2f54
hcp,HCP-000041,iqvia,IQ_36ada5c15a6636,SYN_4196f2f0bb95a2e9
hcp,HCP-000041,veeva,VE_0de10f49034d81,SYN_4196f2f0bb95a2e9
hcp,HCP-000041,salesforce,SA_6e49dfe2c14252,SYN_4196f2f0bb95a2e9
hcp,HCP-000042,iqvia,IQ_73a7e08f759536,SYN_0c8d29e2590e1701
hcp,HCP-000042,veeva,VE_f7b572b359e4e3,SYN_0c8d29e2590e1701
hcp,HCP-000042,salesforce,SA_4349f162458661,SYN_0c8d29e2590e1701
hcp,HCP-000043,iqvia,IQ_dc42615e10696d,SYN_347589795323228f
hcp,HCP-000043,veeva,VE_3f04d25ee860f8,SYN_347589795323228f
hcp,HCP-000043,salesforce,SA_00f7b378b43d19,SYN_347589795323228f
hcp,HCP-000044,iqvia,IQ_d18d2fb59cfe6e,SYN_abdad37ca639abfc
hcp,HCP-000044,veeva,VE_100f0e81f859d7,SYN_abdad37ca639abfc
hcp,HCP-000044,salesforce,SA_1ec48773ba8f01,SYN_abdad37ca639abfc
hcp,HCP-000045,iqvia,IQ_3adc52fba19d98,SYN_e7c65e8582602e77
hcp,HCP-000045,veeva,VE_0642a2000cd8ac,SYN_e7c65e8582602e77
hcp,HCP-000045,salesforce,SA_84e3b2dfb3e47f,SYN_e7c65e8582602e77
hcp,HCP-000046,iqvia,IQ_5e8494388814b7,SYN_4b34193b5ef3dd52
hcp,HCP-000046,veeva,VE_f6aa1bee7ea532,SYN_4b34193b5ef3dd52
hcp,HCP-000046,salesforce,SA_fd4c89f2c059e4,SYN_4b34193b5ef3dd52
hcp,HCP-000047,iqvia,IQ_f412bc7dfa9020,SYN_01e82d09a4faa8bf
hcp,HCP-000047,veeva,VE_33050ef927a762,SYN_01e82d09a4faa8bf
hcp,HCP-000047,salesforce,SA_d197634c3a5a4c,SYN_01e82d09a4faa8bf
hcp,HCP-000048,iqvia,IQ_f8f7bb250ca8f2,SYN_43e912cc3b2c2d46
hcp,HCP-000048,veeva,VE_3286b39eada443,SYN_43e912cc3b2c2d46
hcp,HCP-000048,salesforce,SA_54ad4ac736f4a8,SYN_43e912cc3b2c2d46
hcp,HCP-000049,iqvia,IQ_141a77be55dbba,SYN_27dd183e5926902d
hcp,HCP-000049,veeva,VE_00200d85af3a5e,SYN_27dd183e5926902d
hcp,HCP-000049,salesforce,SA_fcbeda68ae14d9,SYN_27dd183e5926902d
hcp,HCP-000050,iqvia,IQ_0deeb3f895714d,SYN_44271fc193353d5d
hcp,HCP-000050,veeva,VE_e287c0f35813a6,SYN_44271fc193353d5d
hcp,HCP-000050,salesforce,SA_4cdf41b41875af,SYN_44271fc193353d5d
hcp,HCP-000051,iqvia,IQ_13e21692d46c20,SYN_33a1a799263cb548
hcp,HCP-000051,veeva,VE_795919f196307c,SYN_33a1a799263cb548
hcp,HCP-000051,salesforce,SA_0bfdc11dcfb844,SYN_33a1a799263cb548
hcp,HCP-000052,iqvia,IQ_5f616459dc55d5,SYN_9be1a3c3f4563474
hcp,HCP-000052,veeva,VE_65d53058353f53,SYN_9be1a3c3f4563474
hcp,HCP-000052,salesforce,SA_c8039aef942ce5,SYN_9be1a3c3f4563474
hcp,HCP-000053,iqvia,IQ_a6543230d73012,SYN_433ddd1561233d5d
hcp,HCP-000053,veeva,VE_d0c66dff2154e0,SYN_433ddd1561233d5d
hcp,HCP-000053,salesforce,SA_88b38fb4cb78fa,SYN_433ddd1561233d5d
hcp,HCP-000054,iqvia,IQ_18003b85127893,SYN_49d66d91d11fec99
hcp,HCP-000054,veeva,VE_5242a39c00d8d1,SYN_49d66d91d11fec99
hcp,HCP-000054,salesforce,SA_e3f7e527efa085,SYN_49d66d91d11fec99
hcp,HCP-000055,iqvia,IQ_1ad8fd972ecd6a,SYN_9301d6722fa5331d
hcp,HCP-000055,veeva,VE_d1df39975dc133,SYN_9301d6722fa5331d
hcp,HCP-000055,salesforce,SA_a96d14b7328a09,SYN_9301d6722fa5331d
hcp,HCP-000056,iqvia,IQ_4848d214fab929,SYN_1f13b32627a23ddb
hcp,HCP-000056,veeva,VE_c741402a6c12a6,SYN_1f13b32627a23ddb
hcp,HCP-000056,salesforce,SA_d6da4188cdd518,SYN_1f13b32627a23ddb
hcp,HCP-000057,iqvia,IQ_d70ceade00121a,SYN_ae627b08b70385c6
hcp,HCP-000057,veeva,VE_6884d78be1e27f,SYN_ae627b08b70385c6
hcp,HCP-000057,salesforce,SA_bea4679cb8b105,SYN_ae627b08b70385c6
hcp,HCP-000058,iqvia,IQ_26088422e4cdf9,SYN_8acd0961d0c48507
hcp,HCP-000058,veeva,VE_adc8ea3fefbc67,SYN_8acd0961d0c48507
hcp,HCP-000058,salesforce,SA_7d5c6516cf0c7e,SYN_8acd0961d0c48507
hcp,HCP-000059,iqvia,IQ_0a017a0ac7f565,SYN_4a9425fe7f1bc34b
hcp,HCP-000059,veeva,VE_15d3c0fa902ddf,SYN_4a9425fe7f1bc34b
hcp,HCP-000059,salesforce,SA_4ec9e5aad22a62,SYN_4a9425fe7f1bc34b
hcp,HCP-000060,iqvia,IQ_786571a47515e2,SYN_fd290ad0e2b16e53
hcp,HCP-000060,veeva,VE_816a43cfa4bbba,SYN_fd290ad0e2b16e53
hcp,HCP-000060,salesforce,SA_6ad0beea0d23c9,SYN_fd290ad0e2b16e53
hcp,HCP-000061,iqvia,IQ_978447cff2fdd5,SYN_2e7f519027ff9288
hcp,HCP-000061,veeva,VE_ff74cf7f1992a8,SYN_2e7f519027ff9288
hcp,HCP-000061,salesforce,SA_2a3e0e978ab18c,SYN_2e7f519027ff9288
hcp,HCP-000062,iqvia,IQ_6b3bf7706ff616,SYN_1e5e53d5684af466
hcp,HCP-000062,veeva,VE_220839ebc4b310,SYN_1e5e53d5684af466
hcp,HCP-000062,salesforce,SA_97d2318c850618,SYN_1e5e53d5684af466
hcp,HCP-000063,iqvia,IQ_3dfa318285836d,SYN_1b780bb7dedf9396
hcp,HCP-000063,veeva,VE_019d423b5431cd,SYN_1b780bb7dedf9396
hcp,HCP-000063,salesforce,SA_be537b1f42d59c,SYN_1b780bb7dedf9396
hcp,HCP-000064,iqvia,IQ_416297cb8e2ce2,SYN_4b2884a640e68ed1
hcp,HCP-000064,veeva,VE_71c6f2cbc212be,SYN_4b2884a640e68ed1
hcp,HCP-000064,salesforce,SA_6cf5ec3a58830e,SYN_4b2884a640e68ed1
hcp,HCP-000065,iqvia,IQ_cebb1fc978b824,SYN_e9ddf0d245ecf671
hcp,HCP-000065,veeva,VE_d2f60a2db02aef,SYN_e9ddf0d245ecf671
hcp,HCP-000065,salesforce,SA_57eebf80605499,SYN_e9ddf0d245ecf671
hcp,HCP-000066,iqvia,IQ_69fdea3e549ac6,SYN_ac3d4c3ef350e2e5
hcp,HCP-000066,veeva,VE_b30bbcd0283192,SYN_ac3d4c3ef350e2e5
hcp,HCP-000066,salesforce,SA_693beaf33de779,SYN_ac3d4c3ef350e2e5
hcp,HCP-000067,iqvia,IQ_bbf16dea36ebe6,SYN_f520fb97187b3271
hcp,HCP-000067,veeva,VE_a3b69a88749cb3,SYN_f520fb97187b3271
hcp,HCP-000067,salesforce,SA_337c994125a861,SYN_f520fb97187b3271
hcp,HCP-000068,iqvia,IQ_68ae4cb00ee2a3,SYN_96f1d188f03a33cf
hcp,HCP-000068,veeva,VE_71533239b71955,SYN_96f1d188f03a33cf
hcp,HCP-000068,salesforce,SA_98aec15b508988,SYN_96f1d188f03a33cf
hcp,HCP-000069,iqvia,IQ_7a7aed33c59471,SYN_a9290674a0d0f097
hcp,HCP-000069,veeva,VE_648e26eb72a912,SYN_a9290674a0d0f097
hcp,HCP-000069,salesforce,SA_bcb6c6fcb37d28,SYN_a9290674a0d0f097
hcp,HCP-000070,iqvia,IQ_12cb9c4a95124c,SYN_588217cfe781eda5
hcp,HCP-000070,veeva,VE_ff1e01ba239fb4,SYN_588217cfe781eda5
hcp,HCP-000070,salesforce,SA_aa72ab05209a9e,SYN_588217cfe781eda5
hcp,HCP-000071,iqvia,IQ_a0a629b3034557,SYN_4ea627d3de35a150
hcp,HCP-000071,veeva,VE_4fa2295cdf1979,SYN_4ea627d3de35a150
hcp,HCP-000071,salesforce,SA_560693c1074d95,SYN_4ea627d3de35a150
hcp,HCP-000072,iqvia,IQ_5d364b761e11b5,SYN_6e7ab083cd50878f
hcp,HCP-000072,veeva,VE_0f62242676d406,SYN_6e7ab083cd50878f
hcp,HCP-000072,salesforce,SA_457356d015ce5d,SYN_6e7ab083cd50878f
hcp,HCP-000073,iqvia,IQ_ad9b4b88d3a85e,SYN_c5bd288cab00f20d
hcp,HCP-000073,veeva,VE_5b9bf1816d8032,SYN_c5bd288cab00f20d
hcp,HCP-000073,salesforce,SA_e524ffe653d45b,SYN_c5bd288cab00f20d
hcp,HCP-000074,iqvia,IQ_7456b6114ee921,SYN_fb7edbf8a96500ca
hcp,HCP-000074,veeva,VE_88d7ba522fc46c,SYN_fb7edbf8a96500ca
hcp,HCP-000074,salesforce,SA_6651e6f633a403,SYN_fb7edbf8a96500ca
hcp,HCP-000075,iqvia,IQ_08580b228e97d8,SYN_98f9e5387e9025d5
hcp,HCP-000075,veeva,VE_a8c0b118f70e90,SYN_98f9e5387e9025d5
hcp,HCP-000075,salesforce,SA_51917e3a0652fa,SYN_98f9e5387e9025d5
hcp,HCP-000076,iqvia,IQ_b999195dfbc669,SYN_1f80f0d1dee3ce83
hcp,HCP-000076,veeva,VE_866e2cf66246a5,SYN_1f80f0d1dee3ce83
hcp,HCP-000076,salesforce,SA_ea1d946754a779,SYN_1f80f0d1dee3ce83
hcp,HCP-000077,iqvia,IQ_cf446d2ff0e298,SYN_592b44315529cc8b
hcp,HCP-000077,veeva,VE_e046679fa7995d,SYN_592b44315529cc8b
hcp,HCP-000077,salesforce,SA_3fefe970e001a2,SYN_592b44315529cc8b
hcp,HCP-000078,iqvia,IQ_094a9ccef25ce4,SYN_1edbe91858f0de60
hcp,HCP-000078,veeva,VE_a462cf78c4602e,SYN_1edbe91858f0de60
hcp,HCP-000078,salesforce,SA_b9613cd1c9494c,SYN_1edbe91858f0de60
hcp,HCP-000079,iqvia,IQ_5e1000fc0be969,SYN_dd45efe7de6514fd
hcp,HCP-000079,veeva,VE_c5029abcf98cbb,SYN_dd45efe7de6514fd
hcp,HCP-000079,salesforce,SA_bf8e6e7643551a,SYN_dd45efe7de6514fd
hcp,HCP-000080,iqvia,IQ_7aac0aa23092b3,SYN_1629b6942cb164e7
hcp,HCP-000080,veeva,VE_e69f3c0c6bfa74,SYN_1629b6942cb164e7
hcp,HCP-000080,salesforce,SA_364fd1c1537816,SYN_1629b6942cb164e7
hcp,HCP-000081,iqvia,IQ_2bf809008f4101,SYN_8424ca9a7c5f4262
hcp,HCP-000081,veeva,VE_55b3a4a96dcd4b,SYN_8424ca9a7c5f4262
hcp,HCP-000081,salesforce,SA_284f795a8fb512,SYN_8424ca9a7c5f4262
hcp,HCP-000082,iqvia,IQ_04fbe99519f267,SYN_7dc19f1ec5994d9b
hcp,HCP-000082,veeva,VE_5f0143593aa9a7,SYN_7dc19f1ec5994d9b
hcp,HCP-000082,salesforce,SA_aaa581c285fdd8,SYN_7dc19f1ec5994d9b
hcp,HCP-000083,iqvia,IQ_7552d7924c315f,SYN_ca614d892ad730b3
hcp,HCP-000083,veeva,VE_7d706a6b6b20ba,SYN_ca614d892ad730b3
hcp,HCP-000083,salesforce,SA_afb6e29f752b5c,SYN_ca614d892ad730b3
hcp,HCP-000084,iqvia,IQ_b6c2a3cd950815,SYN_a6768d863dbc18f2
hcp,HCP-000084,veeva,VE_36e6cf63d8128b,SYN_a6768d863dbc18f2
hcp,HCP-000084,salesforce,SA_547dd4b263d599,SYN_a6768d863dbc18f2
hcp,HCP-000085,iqvia,IQ_0dd2b8fa221f25,SYN_421a1b15acf3751d
hcp,HCP-000085,veeva,VE_13b9277a8de654,SYN_421a1b15acf3751d
hcp,HCP-000085,salesforce,SA_4984d885a63b5a,SYN_421a1b15acf3751d
hcp,HCP-000086,iqvia,IQ_8020ee5b2ab3b4,SYN_68fd9abcd14cfd0d
hcp,HCP-000086,veeva,VE_b66c5c0e5ee149,SYN_68fd9abcd14cfd0d
hcp,HCP-000086,salesforce,SA_a585d8d85dce2b,SYN_68fd9abcd14cfd0d
hcp,HCP-000087,iqvia,IQ_3716885bdeac28,SYN_cf0b535b0a3482fa
hcp,HCP-000087,veeva,VE_5b53424a8fb530,SYN_cf0b535b0a3482fa
hcp,HCP-000087,salesforce,SA_aa7d262cb0249d,SYN_cf0b535b0a3482fa
hcp,HCP-000088,iqvia,IQ_4ecb0bfc8dd1b1,SYN_ed1211e65a735ea4
hcp,HCP-000088,veeva,VE_42b7e02b086268,SYN_ed1211e65a735ea4
hcp,HCP-000088,salesforce,SA_e6e07bdf482667,SYN_ed1211e65a735ea4
hcp,HCP-000089,iqvia,IQ_4d5f03fbf84998,SYN_898e49b5715e609c
hcp,HCP-000089,veeva,VE_c3d97a4cba0334,SYN_898e49b5715e609c
hcp,HCP-000089,salesforce,SA_a1c3925277ca65,SYN_898e49b5715e609c
hcp,HCP-000090,iqvia,IQ_548359ef6f100c,SYN_e63a077bc29e9cec
hcp,HCP-000090,veeva,VE_10178ff56ce0e0,SYN_e63a077bc29e9cec
hcp,HCP-000090,salesforce,SA_ef74b61732767b,SYN_e63a077bc29e9cec
hcp,HCP-000091,iqvia,IQ_d8d4e5a826c8f9,SYN_1b129cb6842420a8
hcp,HCP-000091,veeva,VE_c21dfac4ce6526,SYN_1b129cb6842420a8
hcp,HCP-000091,salesforce,SA_a1779671cb66b2,SYN_1b129cb6842420a8
hcp,HCP-000092,iqvia,IQ_3d4ddf185a627c,SYN_ac5f39ed701780cc
hcp,HCP-000092,veeva,VE_2ab76b6dc62d3f,SYN_ac5f39ed701780cc
hcp,HCP-000092,salesforce,SA_4bc76193999ef6,SYN_ac5f39ed701780cc
hcp,HCP-000093,iqvia,IQ_2f4b5d63410742,SYN_c7dd642194168546
hcp,HCP-000093,veeva,VE_19aac240e21c2a,SYN_c7dd642194168546
hcp,HCP-000093,salesforce,SA_1b7bb47932589c,SYN_c7dd642194168546
hcp,HCP-000094,iqvia,IQ_769ac94cb87c37,SYN_565692187b8cf585
hcp,HCP-000094,veeva,VE_2b4a021b059e8d,SYN_565692187b8cf585
hcp,HCP-000094,salesforce,SA_250a6c38617716,SYN_565692187b8cf585
hcp,HCP-000095,iqvia,IQ_98280845a4c8b5,SYN_4e1ac7e87e852895
hcp,HCP-000095,veeva,VE_f0aa05b5453c81,SYN_4e1ac7e87e852895
hcp,HCP-000095,salesforce,SA_45d6cd8afc262b,SYN_4e1ac7e87e852895
hcp,HCP-000096,iqvia,IQ_509a5e82c33b0a,SYN_c17251ea3a3c3253
hcp,HCP-000096,veeva,VE_d2f50255fa2ba4,SYN_c17251ea3a3c3253
hcp,HCP-000096,salesforce,SA_178c16824d579b,SYN_c17251ea3a3c3253
hcp,HCP-000097,iqvia,IQ_4b65363d50b23e,SYN_c385c4e0bca4772e
hcp,HCP-000097,veeva,VE_c666897cc2aab7,SYN_c385c4e0bca4772e
hcp,HCP-000097,salesforce,SA_d8c9aaaddd7ef6,SYN_c385c4e0bca4772e
hcp,HCP-000098,iqvia,IQ_f4cb6e0d00a708,SYN_a6a37ecd7b8f5262
hcp,HCP-000098,veeva,VE_fa7b71df3f49fe,SYN_a6a37ecd7b8f5262
hcp,HCP-000098,salesforce,SA_54bafc77a7d18b,SYN_a6a37ecd7b8f5262
hcp,HCP-000099,iqvia,IQ_f51d4eb89f4680,SYN_e07245a874f50dd9
hcp,HCP-000099,veeva,VE_2a83df57539c57,SYN_e07245a874f50dd9
hcp,HCP-000099,salesforce,SA_28778d527a559d,SYN_e07245a874f50dd9
hcp,HCP-000100,iqvia,IQ_fd04c61fa99408,SYN_a34f8faebb4947d5
hcp,HCP-000100,veeva,VE_5224307aa49566,SYN_a34f8faebb4947d5
hcp,HCP-000100,salesforce,SA_7bd2ae8d4b0459,SYN_a34f8faebb4947d5
hco,HCO-000001,iqvia,IQ_3cd7d4076079ab,SYN_c8a2c650503e3d7b
hco,HCO-000002,iqvia,IQ_f6cacb7e934952,SYN_84d8993a96760214
hco,HCO-000003,iqvia,IQ_75c4467372fc37,SYN_04b08ef42abb2d5a
hco,HCO-000004,iqvia,IQ_569d6b5bd515f1,SYN_c0012df4de31f6d8
hco,HCO-000005,iqvia,IQ_6bebe7fbfea968,SYN_b048ef329b09c97c
hco,HCO-000006,iqvia,IQ_57f9de8d76490a,SYN_067c9d28852a9066
hco,HCO-000007,iqvia,IQ_5646a65a595eb9,SYN_2ab9df88bcdfddfe
hco,HCO-000008,iqvia,IQ_77ae0cc08e8ca8,SYN_b7b0d5b3070c04b3
hco,HCO-000009,iqvia,IQ_dc4bffa1d68c99,SYN_c646d0522370d4b8
hco,HCO-000010,iqvia,IQ_0eae1946d45ad7,SYN_267776a5945df558
hco,HCO-000011,iqvia,IQ_9ac3f69d3ed0be,SYN_2654a485465f9052
hco,HCO-000012,iqvia,IQ_7e12619e59e725,SYN_d5ed52cdddc41eb0
product,PRODUCT-000001,iqvia,IQ_135d4a97820502,SYN_6fddf187257e5bd1
product,PRODUCT-000002,iqvia,IQ_20c20d0e8b3a1d,SYN_843788b871598f95
product,PRODUCT-000003,iqvia,IQ_54291f6d98eec1,SYN_4143726ff3ce0beb
product,PRODUCT-000004,iqvia,IQ_942e78f7757950,SYN_5a06e1b60e623acc
territory,TERRITORY-000001,veeva,VE_d829b56821b8f4,SYN_f525f9a63b0542fe
territory,TERRITORY-000002,veeva,VE_cfa94d395f483d,SYN_53e33432ccdf7980
territory,TERRITORY-000003,veeva,VE_536fc406bce8a3,SYN_76b66fdf54584251
territory,TERRITORY-000004,veeva,VE_a8f8ffcb3ecc54,SYN_46c227e88183a64b
representative,REPRESENTATIVE-000001,veeva,VE_e5f238788b8d4f,SYN_589c833a7f386dae
representative,REPRESENTATIVE-000002,veeva,VE_bd347660c02488,SYN_1d9b1c23221b4e0b
representative,REPRESENTATIVE-000003,veeva,VE_a7d64d4b06aef3,SYN_9f02f4c8258fd29f
representative,REPRESENTATIVE-000004,veeva,VE_d8ce93e1401020,SYN_61e786e0d73dc743
representative,REPRESENTATIVE-000005,veeva,VE_c0f0228a02528b,SYN_e4b439487ba3c15a
representative,REPRESENTATIVE-000006,veeva,VE_6b9dd3d425b6f6,SYN_869bf70680f054aa
representative,REPRESENTATIVE-000007,veeva,VE_5bdb3c5559b9b2,SYN_a212f64a1842b91e
representative,REPRESENTATIVE-000008,veeva,VE_dfb9c2a7f96b2e,SYN_2711639c93f3bc4a
interaction,INTERACTION-000001,veeva,VE_59d962ee6cc906,SYN_50a660574d93e239
interaction,INTERACTION-000002,veeva,VE_5521131385deb3,SYN_72c2de6be9a50b59
interaction,INTERACTION-000003,veeva,VE_e0263e17c5780d,SYN_45deebd57d29d415
interaction,INTERACTION-000004,veeva,VE_a7c95e4c9d287e,SYN_fe6ca1c9055a5451
interaction,INTERACTION-000005,veeva,VE_d0fbb19bbfe612,SYN_a5ff2270e2a3ddc9
interaction,INTERACTION-000006,veeva,VE_4e3a335df4d61e,SYN_8f49d727c3d58fbb
interaction,INTERACTION-000007,veeva,VE_ec54aa1e4301d1,SYN_3a3e575ba6d12d01
interaction,INTERACTION-000008,veeva,VE_f6a6b76dbd3092,SYN_ace4f8afbb2cc36f
interaction,INTERACTION-000009,veeva,VE_6c564a9e076311,SYN_a448bf8cc8d3380b
interaction,INTERACTION-000010,veeva,VE_d78c9e5e81dae1,SYN_dfd8d586f6779552
interaction,INTERACTION-000011,veeva,VE_489a372d683723,SYN_140b7c37431dd694
interaction,INTERACTION-000012,veeva,VE_d7e873a42febc5,SYN_28093dff60aa7b51
interaction,INTERACTION-000013,veeva,VE_bacad12efc9111,SYN_6ce81b8466fa9a7c
interaction,INTERACTION-000014,veeva,VE_fe68d57cd384ac,SYN_be2e3e5aab24784b
interaction,INTERACTION-000015,veeva,VE_899a98b8246a80,SYN_4d2ebf5c2e653e8f
interaction,INTERACTION-000016,veeva,VE_7c759a8ad68f88,SYN_7156acfb14fdb2b7
interaction,INTERACTION-000017,veeva,VE_bdfa37a8468c07,SYN_81e0d21fa87f0cf5
interaction,INTERACTION-000018,veeva,VE_e00146d8d4e284,SYN_86556bcba44c8b39
interaction,INTERACTION-000019,veeva,VE_939525eba8765a,SYN_c32339777985f8b1
interaction,INTERACTION-000020,veeva,VE_b2643f45a200a4,SYN_eed3554ac88aa9ed
interaction,INTERACTION-000021,veeva,VE_3c3f39bf1c6de8,SYN_8743bf972a793b53
interaction,INTERACTION-000022,veeva,VE_2695728bf08f5d,SYN_b62877478eda2b11
interaction,INTERACTION-000023,veeva,VE_144121b0a200dd,SYN_ff730ba82e13dde2
interaction,INTERACTION-000024,veeva,VE_94952fb4eda654,SYN_9d46ec6f342fcdaf
interaction,INTERACTION-000025,veeva,VE_114535a8a81eea,SYN_ce38e27f3a5b00fd
interaction,INTERACTION-000026,veeva,VE_84af00081f1aef,SYN_2d70b83388909298
interaction,INTERACTION-000027,veeva,VE_f2693ad5174331,SYN_1a53fbb5f00a5f41
interaction,INTERACTION-000028,veeva,VE_69f5768e905cd2,SYN_f8f99f62e0e4e8dd
interaction,INTERACTION-000029,veeva,VE_a3c8f02276e595,SYN_b230ab6aec7ad40d
interaction,INTERACTION-000030,veeva,VE_6e4a006d729cec,SYN_2c61f1d11f6981e4
interaction,INTERACTION-000031,veeva,VE_ba8e10588bf6aa,SYN_f8da947a4a1153a6
interaction,INTERACTION-000032,veeva,VE_70857273a3e5d6,SYN_914832bde33447a3
interaction,INTERACTION-000033,veeva,VE_adaa01c4fa93ca,SYN_f8998d8a9e473f8c
interaction,INTERACTION-000034,veeva,VE_b5c6e9f3a8a4ae,SYN_4b371cd691190158
interaction,INTERACTION-000035,veeva,VE_d14206ff92d59d,SYN_ccbd47b892245a5f
interaction,INTERACTION-000036,veeva,VE_6de19f6928474f,SYN_d3468bc2d5966aeb
interaction,INTERACTION-000037,veeva,VE_cca52ee60277b5,SYN_e6fa7abe08d23c39
interaction,INTERACTION-000038,veeva,VE_d94684006d5d96,SYN_c722f4ae865f5bcf
interaction,INTERACTION-000039,veeva,VE_ef211f242bd121,SYN_dd5594f7a003768e
interaction,INTERACTION-000040,veeva,VE_2ac7890fa4c172,SYN_464f79ca6dba802f
interaction,INTERACTION-000041,veeva,VE_479a254ad85160,SYN_c3041e006f756b45
interaction,INTERACTION-000042,veeva,VE_dea5f03c76687e,SYN_b165489b72e0f49b
interaction,INTERACTION-000043,veeva,VE_2cfe522afe83f4,SYN_8abc96993ed82f10
interaction,INTERACTION-000044,veeva,VE_e784cf6a8329b2,SYN_4f9d2db5b6f3eb38
interaction,INTERACTION-000045,veeva,VE_3d574f86f983d8,SYN_dc19ef43600b06bf
interaction,INTERACTION-000046,veeva,VE_4fa90090127366,SYN_f554f03a1193e39f
interaction,INTERACTION-000047,veeva,VE_1743d349eba26c,SYN_55145a227281a8c2
interaction,INTERACTION-000048,veeva,VE_6184151ea37929,SYN_6dd59da47974b8c1
interaction,INTERACTION-000049,veeva,VE_7a3d627bcde4b9,SYN_88c00f535c68ac86
interaction,INTERACTION-000050,veeva,VE_59e69b3bd97a4a,SYN_4c2af78fd4dce1b5
interaction,INTERACTION-000051,veeva,VE_8d7b6e6470cb0b,SYN_0c71e84a3838c212
interaction,INTERACTION-000052,veeva,VE_b2cad8727f5e04,SYN_a98e86e4db7d0ca1
interaction,INTERACTION-000053,veeva,VE_260d5066e1328d,SYN_6432d16ee81d34b4
interaction,INTERACTION-000054,veeva,VE_1ed96e47f5e456,SYN_16a0ad941e90f58d
interaction,INTERACTION-000055,veeva,VE_0e598c1760ea5b,SYN_2f04543c8578a3ee
interaction,INTERACTION-000056,veeva,VE_318e2e4ac904e1,SYN_7ed02ab54bce3509
interaction,INTERACTION-000057,veeva,VE_f9423a1445a4ca,SYN_608f774032226703
interaction,INTERACTION-000058,veeva,VE_85b388eb0dd600,SYN_09f83ed89896726e
interaction,INTERACTION-000059,veeva,VE_938d25ef3b8d4d,SYN_6df929aba7196ed2
interaction,INTERACTION-000060,veeva,VE_f9a34dcf000564,SYN_90d8a9795e3aaab4
interaction,INTERACTION-000061,veeva,VE_3d8dc7aca2cbd9,SYN_219ea554870451d6
interaction,INTERACTION-000062,veeva,VE_b207125b6da1c7,SYN_d3db707adbd38518
interaction,INTERACTION-000063,veeva,VE_a7a634cf742e75,SYN_a6e10d9226e24708
interaction,INTERACTION-000064,veeva,VE_71957d803e155f,SYN_40e43bf582b6dd48
interaction,INTERACTION-000065,veeva,VE_5fcc5306282e95,SYN_64bbbc279a9ce86d
interaction,INTERACTION-000066,veeva,VE_1ebcdea3a5c001,SYN_6b579655d5bc020f
interaction,INTERACTION-000067,veeva,VE_591f65baa8a075,SYN_f31f90d6ebde02b7
interaction,INTERACTION-000068,veeva,VE_b2693df54d2356,SYN_5a3052dd111c37d7
interaction,INTERACTION-000069,veeva,VE_9dff0c14b87d2d,SYN_c3adc5f82f0b6bf0
interaction,INTERACTION-000070,veeva,VE_0c67589ed09b15,SYN_0a0b96ba7d7002f7
interaction,INTERACTION-000071,veeva,VE_11be9f3971b456,SYN_3041fca3bd513404
interaction,INTERACTION-000072,veeva,VE_d297757a3471cd,SYN_60190d296832a910
interaction,INTERACTION-000073,veeva,VE_85653470b63f44,SYN_7f7217008d4b042d
interaction,INTERACTION-000074,veeva,VE_d57277ec4a3ac1,SYN_bd4e1de6a86fe9b3
interaction,INTERACTION-000075,veeva,VE_3aa897020b73b9,SYN_51eeb79fd53f3753
interaction,INTERACTION-000076,veeva,VE_f8216d9afc8d3d,SYN_be439e51df9a7739
interaction,INTERACTION-000077,veeva,VE_6e9329a8900897,SYN_a216de58597342f5
interaction,INTERACTION-000078,veeva,VE_5eb6dc812f2f2b,SYN_28a6accfea6edf3b
interaction,INTERACTION-000079,veeva,VE_d84573424b6435,SYN_a7fa4fa384d3ab98
interaction,INTERACTION-000080,veeva,VE_53fbf3a6b1852c,SYN_5d47d6a5a1dc87ca
interaction,INTERACTION-000081,veeva,VE_64fe4607f87c22,SYN_81b9a882d0b180f5
interaction,INTERACTION-000082,veeva,VE_832933458b3f8d,SYN_6d73dc74deade2b2
interaction,INTERACTION-000083,veeva,VE_cbebdbdf74cdac,SYN_9368f0ace683433d
interaction,INTERACTION-000084,veeva,VE_ef34b52acc7e08,SYN_444085121a8fe46f
interaction,INTERACTION-000085,veeva,VE_0e2cd4dd94827c,SYN_d06b359a1b2739e0
interaction,INTERACTION-000086,veeva,VE_9b53e307f77281,SYN_6c561d391c97a8f9
interaction,INTERACTION-000087,veeva,VE_cf21e89516e878,SYN_3f57add886af144d
interaction,INTERACTION-000088,veeva,VE_7d262ec8db3129,SYN_f359f8d6f00f723d
interaction,INTERACTION-000089,veeva,VE_5d9711d11ccab6,SYN_4d14c1be33a123d6
interaction,INTERACTION-000090,veeva,VE_f23276624b62dc,SYN_84081a00a6a3a61d
interaction,INTERACTION-000091,veeva,VE_50c474068ebcb6,SYN_8353fed301cb1679
interaction,INTERACTION-000092,veeva,VE_eaafe6a27e4bd1,SYN_91671f7a19d08c5e
interaction,INTERACTION-000093,veeva,VE_91456762635e05,SYN_1c086dde54ac39e8
interaction,INTERACTION-000094,veeva,VE_fe362201597c92,SYN_511e11597158db29
interaction,INTERACTION-000095,veeva,VE_1cd193f4a71650,SYN_a2ae3f8587bedecd
interaction,INTERACTION-000096,veeva,VE_cc2f3d4830277e,SYN_53e78eedc767c814
interaction,INTERACTION-000097,veeva,VE_d58a711f91c403,SYN_290edf7ff5facea2
interaction,INTERACTION-000098,veeva,VE_8ae454d2240c41,SYN_964c9a2dd484fef3
interaction,INTERACTION-000099,veeva,VE_bb1ff332b7848d,SYN_6072d65ab3e90698
interaction,INTERACTION-000100,veeva,VE_ce2e1ea01b3ad2,SYN_72ff78b77215f566
interaction,INTERACTION-000101,veeva,VE_3bfe6d7b510aa0,SYN_c6a7cd5ba364f8d1
interaction,INTERACTION-000102,veeva,VE_908d2db37325e7,SYN_f51947a6bb0fc6ef
interaction,INTERACTION-000103,veeva,VE_487d71008bca17,SYN_062ff4cd8527d313
interaction,INTERACTION-000104,veeva,VE_2ad2268499ba65,SYN_cb793c79c262d5c9
interaction,INTERACTION-000105,veeva,VE_0af5ae1d79c0c8,SYN_5e21a0017b4b561f
interaction,INTERACTION-000106,veeva,VE_cbe49a4b6dab06,SYN_c6c9cbcf26a9627a
interaction,INTERACTION-000107,veeva,VE_00483fc45bc547,SYN_8a865d999ddabfb5
interaction,INTERACTION-000108,veeva,VE_e077c4076bb683,SYN_71e2ab05c2527bf6
interaction,INTERACTION-000109,veeva,VE_6bf4e082a7a9da,SYN_145373bf7ac17626
interaction,INTERACTION-000110,veeva,VE_9b2009896ebfb8,SYN_e9d3fed7685dfcc7
interaction,INTERACTION-000111,veeva,VE_debf4d535d74ea,SYN_93e8f292f61015ac
interaction,INTERACTION-000112,veeva,VE_fb091cdfb5f687,SYN_539a3119ea6cd996
interaction,INTERACTION-000113,veeva,VE_d9b3fdf30e43a6,SYN_41007937a1d6af3d
interaction,INTERACTION-000114,veeva,VE_0ff21e1c322871,SYN_9abb2699a933e093
interaction,INTERACTION-000115,veeva,VE_8d7ae35e3a0a3a,SYN_c6cd3768e3b52ddd
interaction,INTERACTION-000116,veeva,VE_d235ff52251133,SYN_173710585f9f2a06
interaction,INTERACTION-000117,veeva,VE_2563ed752f0d28,SYN_d7ccb8bb19b50592
interaction,INTERACTION-000118,veeva,VE_d960d4c828b380,SYN_15af00689f3e7c4c
interaction,INTERACTION-000119,veeva,VE_1d312c2732eb4d,SYN_4d0388f39e0011af
interaction,INTERACTION-000120,veeva,VE_2629e34d328f5b,SYN_25135a4b241776bd
interaction,INTERACTION-000121,veeva,VE_99ad215d2019a4,SYN_59653ac59fd1710c
interaction,INTERACTION-000122,veeva,VE_90a34ff1364403,SYN_6219d61e5c75a7f7
interaction,INTERACTION-000123,veeva,VE_42b9b5a17cc18a,SYN_93752d3591c3820f
interaction,INTERACTION-000124,veeva,VE_1c5d99e9a76288,SYN_147e4542ed597dcb
interaction,INTERACTION-000125,veeva,VE_18c11ba8855836,SYN_9bbd9fa87caa850b
interaction,INTERACTION-000126,veeva,VE_62a0f3035fa17c,SYN_9c31ec4f0c27a4a6
interaction,INTERACTION-000127,veeva,VE_771d939e712bf2,SYN_2cf567b15ae93a47
interaction,INTERACTION-000128,veeva,VE_8d927e5577d3ed,SYN_665a72b567ac6ae5
interaction,INTERACTION-000129,veeva,VE_a7457ef6a8e7be,SYN_9b1f8afcaa34fec8
interaction,INTERACTION-000130,veeva,VE_4470f28c183858,SYN_c63406667abd26c8
interaction,INTERACTION-000131,veeva,VE_b330c7e29aa6a4,SYN_1f9ec76a3b116eeb
interaction,INTERACTION-000132,veeva,VE_d0474b181b0355,SYN_02ec6012cb25d7bd
interaction,INTERACTION-000133,veeva,VE_fe14331afef635,SYN_03cd0c1aa7116fcc
interaction,INTERACTION-000134,veeva,VE_382db139ddfda8,SYN_da43ca29f7c6321b
interaction,INTERACTION-000135,veeva,VE_8863aaf8e231a1,SYN_06da1b07bf4d61af
interaction,INTERACTION-000136,veeva,VE_4b07855f4fd991,SYN_867de4ba8afaed32
interaction,INTERACTION-000137,veeva,VE_86fb46277cae8f,SYN_1024ece9786860b4
interaction,INTERACTION-000138,veeva,VE_ecc1dfd118edf0,SYN_67de88d9cfa197a1
interaction,INTERACTION-000139,veeva,VE_451ce17aa468a4,SYN_88461c802828f5b9
interaction,INTERACTION-000140,veeva,VE_a8252b8ce119a6,SYN_812cf13c2ad6079c
interaction,INTERACTION-000141,veeva,VE_0d467c168fc79f,SYN_7d7b997d11516998
interaction,INTERACTION-000142,veeva,VE_9151b6f24e42b8,SYN_6c126204e567cca7
interaction,INTERACTION-000143,veeva,VE_6863e9302522b9,SYN_c4d72a41cf0c4476
interaction,INTERACTION-000144,veeva,VE_16b7b50e5097e8,SYN_aee05daf946a9aef
interaction,INTERACTION-000145,veeva,VE_a347b8135401fd,SYN_9cdb337ed49b7c87
interaction,INTERACTION-000146,veeva,VE_22af7ee81eab2d,SYN_2343e5cdbfd07ccc
interaction,INTERACTION-000147,veeva,VE_7524c08289b2fe,SYN_2ba053f6bf15b24d
interaction,INTERACTION-000148,veeva,VE_f116acda9cbc42,SYN_90e3e34c7deb3e65
interaction,INTERACTION-000149,veeva,VE_9b2426171b4101,SYN_f09b307a0d1d0faa
interaction,INTERACTION-000150,veeva,VE_aed19b5c7ba91b,SYN_213c12f07c52647d
interaction,INTERACTION-000151,veeva,VE_5c116b3bace348,SYN_a639dd314d3cf081
interaction,INTERACTION-000152,veeva,VE_0da34275a7e6e2,SYN_9754e591aad04b68
interaction,INTERACTION-000153,veeva,VE_dcb94d6bc1bcdb,SYN_6a264df403070eff
interaction,INTERACTION-000154,veeva,VE_a28c0280430218,SYN_6ecca8fac7ef59a3
interaction,INTERACTION-000155,veeva,VE_7c73d4dd993d2b,SYN_54b01a9c73eed3cd
interaction,INTERACTION-000156,veeva,VE_b9d9599452f674,SYN_6d60272a36c7ead9
interaction,INTERACTION-000157,veeva,VE_4ab4795ddee3d5,SYN_b6cc22f5abdbe141
interaction,INTERACTION-000158,veeva,VE_e7f618b13f68d6,SYN_59c903c9f7286506
interaction,INTERACTION-000159,veeva,VE_39f6cc8152811d,SYN_9916da512c466dcd
interaction,INTERACTION-000160,veeva,VE_9e189037a00c10,SYN_894a53a265ee2073
interaction,INTERACTION-000161,veeva,VE_736aa452d027c2,SYN_3065945e3f40678a
interaction,INTERACTION-000162,veeva,VE_08f3a0f3e066e9,SYN_3b49b974450f9ae1
interaction,INTERACTION-000163,veeva,VE_1970db55eb516e,SYN_3c9a8c577bb0e8d4
interaction,INTERACTION-000164,veeva,VE_a08200b6e15ac5,SYN_37bce835bbcbc72f
interaction,INTERACTION-000165,veeva,VE_21d43a2664cc21,SYN_b2dda9e1a7b26cf7
interaction,INTERACTION-000166,veeva,VE_409a814d917d3a,SYN_596c8ec46ff7eaef
interaction,INTERACTION-000167,veeva,VE_851f91a3fb69d7,SYN_eed880fb272ccae1
interaction,INTERACTION-000168,veeva,VE_a4271e321ad6b6,SYN_a97048e87eea5ee6
interaction,INTERACTION-000169,veeva,VE_985a0ec2b935e0,SYN_cb724877e76c2b06
interaction,INTERACTION-000170,veeva,VE_326f98ed1975e3,SYN_7219d3dbeca9a1dd
interaction,INTERACTION-000171,veeva,VE_72fd7c8d8c61a1,SYN_8eb6949a164ec676
interaction,INTERACTION-000172,veeva,VE_772d4c866d8a1a,SYN_24367715b0316020
interaction,INTERACTION-000173,veeva,VE_83becbc71da0d9,SYN_398cacebc6071993
interaction,INTERACTION-000174,veeva,VE_0b2eb6efc42776,SYN_3a5ccc3bd8803880
interaction,INTERACTION-000175,veeva,VE_49510fcdfcdffc,SYN_ec81517624d78a3e
interaction,INTERACTION-000176,veeva,VE_5176780135b757,SYN_4ced66b4c81bbcb1
interaction,INTERACTION-000177,veeva,VE_df67768e6f018e,SYN_5120077acbb8ebd2
interaction,INTERACTION-000178,veeva,VE_d9cbb6b0b2be61,SYN_8c5e31ae8d86564e
interaction,INTERACTION-000179,veeva,VE_e4bcdaf7bdf834,SYN_e92c22d108467732
interaction,INTERACTION-000180,veeva,VE_79a7fd7f62a063,SYN_d2a87207228c5ce0
interaction,INTERACTION-000181,veeva,VE_1f1181dc6535f5,SYN_24ec8891d11c6731
interaction,INTERACTION-000182,veeva,VE_b7abdb5cf3a4a3,SYN_7c4105906f4d93b7
interaction,INTERACTION-000183,veeva,VE_ae24de7069360c,SYN_5edf4d4d9a6b109b
interaction,INTERACTION-000184,veeva,VE_8213a165069701,SYN_326c932ce6ae35ad
interaction,INTERACTION-000185,veeva,VE_35c8b95070fa5f,SYN_d9ba6c74ba6813fb
interaction,INTERACTION-000186,veeva,VE_541a2f80cfa84d,SYN_858dbb7e8530a4ef
interaction,INTERACTION-000187,veeva,VE_8a429aa57e6287,SYN_1f47f655f9edc5bb
interaction,INTERACTION-000188,veeva,VE_afd1d17bd5887b,SYN_859001f11c4143d4
interaction,INTERACTION-000189,veeva,VE_8c24e4107d3637,SYN_1c756ceebe94a944
interaction,INTERACTION-000190,veeva,VE_aeb423a47b34f0,SYN_2c7d320594a69384
interaction,INTERACTION-000191,veeva,VE_e59588fb8ef3ee,SYN_23c2de43b23b4eee
interaction,INTERACTION-000192,veeva,VE_54bdd501b17f6d,SYN_ffe9a40464093754
interaction,INTERACTION-000193,veeva,VE_eba35dd2ed070e,SYN_30f2f8d1b04617d8
interaction,INTERACTION-000194,veeva,VE_d7e50bd41b46b1,SYN_18f2d5c890f99c54
interaction,INTERACTION-000195,veeva,VE_223eb96ecb611e,SYN_f34a100b09d58578
interaction,INTERACTION-000196,veeva,VE_4fe57c4674c296,SYN_5d2a014989c6734d
interaction,INTERACTION-000197,veeva,VE_aacca5eaa0aa35,SYN_b4a91151484b8375
interaction,INTERACTION-000198,veeva,VE_ab209422e618fd,SYN_d6b6fff1e896f42d
interaction,INTERACTION-000199,veeva,VE_3a726f9aa2c119,SYN_4a6d552578faa40b
interaction,INTERACTION-000200,veeva,VE_377136686311cb,SYN_99f9b1d52cec513f
interaction,INTERACTION-000201,veeva,VE_93dcd5049f45c1,SYN_e51c3c8ee53e0e04
interaction,INTERACTION-000202,veeva,VE_803d41e9ec543a,SYN_5b1c52c6e8abb2a0
interaction,INTERACTION-000203,veeva,VE_f5444cb2f41a15,SYN_29c175d8dbc0e776
interaction,INTERACTION-000204,veeva,VE_13df25ad76afa8,SYN_381b032750f82830
interaction,INTERACTION-000205,veeva,VE_8f2ea92978ae72,SYN_7f6670592c0fb4d2
interaction,INTERACTION-000206,veeva,VE_6b6a225ec3d8b0,SYN_91ccf4625d2a7b20
interaction,INTERACTION-000207,veeva,VE_ad406b5deece66,SYN_9e568eac8cc4808c
interaction,INTERACTION-000208,veeva,VE_f453c9781a689c,SYN_0bae5c0372f4651b
interaction,INTERACTION-000209,veeva,VE_6c7fce45b04001,SYN_7aa67d17ad22382d
interaction,INTERACTION-000210,veeva,VE_a850f4e80818df,SYN_98f875c5cb586f73
interaction,INTERACTION-000211,veeva,VE_0990e9838ab293,SYN_521a526ae2a74951
interaction,INTERACTION-000212,veeva,VE_00c935c1dc0fe6,SYN_c5a7d706da1d376f
interaction,INTERACTION-000213,veeva,VE_a137de40d04863,SYN_14710e4ddf8da1de
interaction,INTERACTION-000214,veeva,VE_35ff345fb2c075,SYN_03c53be638c4c6ca
interaction,INTERACTION-000215,veeva,VE_02915c184a5441,SYN_bf2a62a41349de8d
interaction,INTERACTION-000216,veeva,VE_beacc266722c16,SYN_4e3ee24261c90406
interaction,INTERACTION-000217,veeva,VE_89d55d27bba581,SYN_b5eff0dbe6983de3
interaction,INTERACTION-000218,veeva,VE_18cf0fb28c8208,SYN_fe94084bb2b56f91
interaction,INTERACTION-000219,veeva,VE_6d1ed4116d56fe,SYN_e896fa1152573cc2
interaction,INTERACTION-000220,veeva,VE_6149186411ceca,SYN_bb0ff77c4dfceed4
interaction,INTERACTION-000221,veeva,VE_360964c736dbd1,SYN_cb35e1d2ab820f54
interaction,INTERACTION-000222,veeva,VE_c5e67c5c6e1460,SYN_f590e432d3c3669c
interaction,INTERACTION-000223,veeva,VE_a253d16e23843e,SYN_9de6674b0047b085
interaction,INTERACTION-000224,veeva,VE_a5e92d5315a189,SYN_90392a45018712d4
interaction,INTERACTION-000225,veeva,VE_15a6ae24813a4f,SYN_00ba2ce84077f2a5
interaction,INTERACTION-000226,veeva,VE_a3f6e9d321857b,SYN_7f22554b158eed0c
interaction,INTERACTION-000227,veeva,VE_863d8056531d0d,SYN_cbf63f2a76af851d
interaction,INTERACTION-000228,veeva,VE_2757c6f572237d,SYN_6a2505ef0fd4e671
interaction,INTERACTION-000229,veeva,VE_76fb5e19dd2341,SYN_e9621ce61af276c6
interaction,INTERACTION-000230,veeva,VE_39b4d7e7e75b26,SYN_43a5ce0b754def2f
interaction,INTERACTION-000231,veeva,VE_341799e4991f7b,SYN_0f58f872dfd06b16
interaction,INTERACTION-000232,veeva,VE_d9a03947e51df7,SYN_8090552e0000661f
interaction,INTERACTION-000233,veeva,VE_0070fb970e50d9,SYN_59a62a2555eb7aba
interaction,INTERACTION-000234,veeva,VE_4bd2e54c146ef0,SYN_40dbbb80b1f0d930
interaction,INTERACTION-000235,veeva,VE_0273b3b97d01af,SYN_3d76a82d9177e9b2
interaction,INTERACTION-000236,veeva,VE_fa706e512ef123,SYN_e781e3b5fec1c258
interaction,INTERACTION-000237,veeva,VE_42e293ca36b8ed,SYN_c723435342309118
interaction,INTERACTION-000238,veeva,VE_86e929ce68561f,SYN_9e1b35d61f91fc8d
interaction,INTERACTION-000239,veeva,VE_463fa922dbf03a,SYN_952016a910b4808d
interaction,INTERACTION-000240,veeva,VE_c6919632279ccb,SYN_8fc87ab1d725b399
interaction,INTERACTION-000241,veeva,VE_25f31f4781d208,SYN_8e3c030bbdb0fc51
interaction,INTERACTION-000242,veeva,VE_1bb447e1c66f29,SYN_a101e57019a6669c
interaction,INTERACTION-000243,veeva,VE_a622e05a67b1d2,SYN_001dfb737c39e53a
interaction,INTERACTION-000244,veeva,VE_d1dbb41eb70049,SYN_e4b9ba2947d41c10
interaction,INTERACTION-000245,veeva,VE_c451d23fbc3b5a,SYN_986685868831da59
interaction,INTERACTION-000246,veeva,VE_f255ad7183bc54,SYN_ad15842ba07f7dc9
interaction,INTERACTION-000247,veeva,VE_71501191be342c,SYN_bf3004e20d1f9e79
interaction,INTERACTION-000248,veeva,VE_6c865d760da2dd,SYN_755aec636a0b07d7
interaction,INTERACTION-000249,veeva,VE_c1d64f461a4500,SYN_89afa772ccd678f4
interaction,INTERACTION-000250,veeva,VE_6aa9a23c400bb2,SYN_1315f4bd04dba9fa
interaction,INTERACTION-000251,veeva,VE_38b1989d5174f4,SYN_597c522637967205
interaction,INTERACTION-000252,veeva,VE_3be166b86438fc,SYN_27265f91d3f6021a
interaction,INTERACTION-000253,veeva,VE_0d094a6e89ea99,SYN_441349db0ee2cf8f
interaction,INTERACTION-000254,veeva,VE_2da93a98c95d01,SYN_cf311ee0dc63a1ff
interaction,INTERACTION-000255,veeva,VE_d3d6b1443b10a7,SYN_fe2b70a8ee22caed
interaction,INTERACTION-000256,veeva,VE_f61c41287be618,SYN_b3a86b133b8988bb
interaction,INTERACTION-000257,veeva,VE_14f024d8773581,SYN_a728e4ae5750fcad
interaction,INTERACTION-000258,veeva,VE_8a6e42ea226174,SYN_c4a2652a3bc91a7e
interaction,INTERACTION-000259,veeva,VE_286366c88375ab,SYN_1033df74869753f7
interaction,INTERACTION-000260,veeva,VE_d1092f1a24cc46,SYN_66770d58096dec58
interaction,INTERACTION-000261,veeva,VE_716d39412384d9,SYN_ab60c58d2c6477c1
interaction,INTERACTION-000262,veeva,VE_030c68a357afd4,SYN_6086bf6dbbd740af
interaction,INTERACTION-000263,veeva,VE_2f4a257078d850,SYN_ff7bd1d00c882c79
interaction,INTERACTION-000264,veeva,VE_269cf5cd886ed1,SYN_81123101165db6ce
interaction,INTERACTION-000265,veeva,VE_d77239b795f814,SYN_6a89fa3984870eeb
interaction,INTERACTION-000266,veeva,VE_3ab903cb86c781,SYN_80c82fcfeca9e399
interaction,INTERACTION-000267,veeva,VE_d1a044095591d5,SYN_b5976d4d5f4a22df
interaction,INTERACTION-000268,veeva,VE_dc447cf520c951,SYN_30de8a69b8cfa42f
interaction,INTERACTION-000269,veeva,VE_d8e917be941c25,SYN_7e00248a807650d9
interaction,INTERACTION-000270,veeva,VE_aec39cd9685e53,SYN_d0927d9fab55cc0a
interaction,INTERACTION-000271,veeva,VE_a33c6859b51658,SYN_68e7afd98b8720e5
interaction,INTERACTION-000272,veeva,VE_9903fa458ab76e,SYN_a584df9af905e25f
interaction,INTERACTION-000273,veeva,VE_d6fb0db899fb58,SYN_f35a0fd8acc62925
interaction,INTERACTION-000274,veeva,VE_d6f3f1eda54745,SYN_106f67fd19ec7f8c
interaction,INTERACTION-000275,veeva,VE_0df20f7f881c60,SYN_cdedbf38618a9400
interaction,INTERACTION-000276,veeva,VE_05a9e04e68a29a,SYN_6016ee922a014957
interaction,INTERACTION-000277,veeva,VE_fc102f512ad92d,SYN_a0a6766bbd402484
interaction,INTERACTION-000278,veeva,VE_9497d2af32d8fd,SYN_877910489493e7c3
interaction,INTERACTION-000279,veeva,VE_dc594f5907ab74,SYN_7cd9c3c82188bf87
interaction,INTERACTION-000280,veeva,VE_3c9920cdd106a6,SYN_935831d0ef1a5796
interaction,INTERACTION-000281,veeva,VE_745f2d4f894353,SYN_ea8daefb948f8b14
interaction,INTERACTION-000282,veeva,VE_e562d0fb95d95b,SYN_c2e04a66bd97cd74
interaction,INTERACTION-000283,veeva,VE_e89c39abde6035,SYN_1bbb35116bfafd53
interaction,INTERACTION-000284,veeva,VE_8682eebef199b3,SYN_2e93a22ceaeec41f
interaction,INTERACTION-000285,veeva,VE_b795cb43bd245f,SYN_c156790efe4c19cf
interaction,INTERACTION-000286,veeva,VE_9a91fc04afd295,SYN_dd517a0797943bd4
interaction,INTERACTION-000287,veeva,VE_621c192cdea03b,SYN_1cc1bec84516a313
interaction,INTERACTION-000288,veeva,VE_10a1623fca7a91,SYN_552d2a8c5eaaa7a0
interaction,INTERACTION-000289,veeva,VE_b0cf279cfe2cc8,SYN_698362e594719c8b
interaction,INTERACTION-000290,veeva,VE_645392e2eb2b58,SYN_70d9adeef5f2d863
interaction,INTERACTION-000291,veeva,VE_0debbf35662046,SYN_9b0fe4b560c653b6
interaction,INTERACTION-000292,veeva,VE_71979d3e17c02c,SYN_624352e5cf7c73a9
interaction,INTERACTION-000293,veeva,VE_ac7e1cbf74ac1a,SYN_c9850c56c26eb9ee
interaction,INTERACTION-000294,veeva,VE_1f953fbc073bc3,SYN_8a3752421b22db1e
interaction,INTERACTION-000295,veeva,VE_2e9ad91a136bde,SYN_7a2470e9c8387d5a
interaction,INTERACTION-000296,veeva,VE_344b61eccc5621,SYN_b9293c4c6bb79264
interaction,INTERACTION-000297,veeva,VE_f32475d038116b,SYN_58cbb095ffd11ded
interaction,INTERACTION-000298,veeva,VE_8de07c1e46bbbc,SYN_07355b519472c3ac
interaction,INTERACTION-000299,veeva,VE_14731e568af354,SYN_59c376032d3e84f0
interaction,INTERACTION-000300,veeva,VE_281da229faad54,SYN_0fca8f6936c0ff79
interaction,INTERACTION-000301,veeva,VE_bce726e264beb6,SYN_5c2009fd9d270241
interaction,INTERACTION-000302,veeva,VE_4a9ba63b0a800b,SYN_64abf312a04f1170
interaction,INTERACTION-000303,veeva,VE_0095062fe46dc2,SYN_cbbd46be0fe5ad3a
interaction,INTERACTION-000304,veeva,VE_92c80e8ca4d2df,SYN_31245e33a00d5a68
campaign,CAMPAIGN-000001,salesforce,SA_d351b0c1f7862f,SYN_c9672e06c9b8a406
campaign,CAMPAIGN-000002,salesforce,SA_dc2c943c2b2559,SYN_105fa98dcd1ed9c5
campaign,CAMPAIGN-000003,salesforce,SA_09fe5acf0ff223,SYN_ceacc4fd82c1c6d9
campaign,CAMPAIGN-000004,salesforce,SA_78a714ac9531a7,SYN_1d03e02f997ab144
campaign,CAMPAIGN-000005,salesforce,SA_811ce35864b24c,SYN_8a58a2fd66b32d2f
interaction,INTERACTION-000305,veeva,VE_76f28c45d07cdb,SYN_3cb5323d0cfeacea
interaction,INTERACTION-000306,veeva,VE_2e3b186ac7b810,SYN_2a776c5d05ee6f3d
interaction,INTERACTION-000307,veeva,VE_21cd201c0f78a3,SYN_6f6bc8e7a3d99596
interaction,INTERACTION-000308,veeva,VE_f23d53dcb12a8f,SYN_2a014ca0db82933f
interaction,INTERACTION-000309,veeva,VE_62a60c1b1aefb7,SYN_6acbf40a7c365701
interaction,INTERACTION-000310,veeva,VE_ee2d5e66966585,SYN_43cde6c17861c5f2
interaction,INTERACTION-000311,veeva,VE_fc48c948d245e7,SYN_4737b91a9474f3f5
interaction,INTERACTION-000312,veeva,VE_7e205bf965004b,SYN_85f7416ddacd7131
interaction,INTERACTION-000313,veeva,VE_cd07aaf7d25fa5,SYN_bba5881ae21f2acc
interaction,INTERACTION-000314,veeva,VE_9a3dac72ff921a,SYN_8659eb707f6c2c3e
interaction,INTERACTION-000315,veeva,VE_7685478102f165,SYN_14dd376eca073fad
interaction,INTERACTION-000316,veeva,VE_37d65d455464b0,SYN_29022d78bddd0b23
interaction,INTERACTION-000317,veeva,VE_4d304fb2c4b9e4,SYN_23727e6393ad2ff5
interaction,INTERACTION-000318,veeva,VE_160bd5126bbc38,SYN_d8b5ac24d679f613
interaction,INTERACTION-000319,veeva,VE_2232b861ab3266,SYN_10cf52108195b485
interaction,INTERACTION-000320,veeva,VE_d2b7d475155bfd,SYN_ae3f9b48a88889b0
interaction,INTERACTION-000321,veeva,VE_98bfe90305d57f,SYN_c9e88ae80b8d5bac
interaction,INTERACTION-000322,veeva,VE_481496e4a83812,SYN_11bc0ff4d1f2352f
interaction,INTERACTION-000323,veeva,VE_88d379777ca986,SYN_8e2c9aacc4d9f46f
interaction,INTERACTION-000324,veeva,VE_3ad8e65bba032b,SYN_9b4ba7069e4e179f
interaction,INTERACTION-000325,veeva,VE_2332c86e370f79,SYN_0fa26988dcfdca6a
interaction,INTERACTION-000326,veeva,VE_4174d9fedc1abb,SYN_67d9b047ac140122
interaction,INTERACTION-000327,veeva,VE_b88650efb9b608,SYN_dfe3861ec26d6451
interaction,INTERACTION-000328,veeva,VE_15e021df20dbd2,SYN_cf81cada554b038e
interaction,INTERACTION-000329,veeva,VE_f16049f6f6981e,SYN_92779bd8a34fc616
interaction,INTERACTION-000330,veeva,VE_710a8219f8eff6,SYN_ad30adc5a679d7c6
interaction,INTERACTION-000331,veeva,VE_35765da96ff062,SYN_7390cf7870de46d8
interaction,INTERACTION-000332,veeva,VE_0f27f6db9beabb,SYN_26e248e16a9fa443
interaction,INTERACTION-000333,veeva,VE_5e6f0be52d8294,SYN_76de77d9daebbf26
interaction,INTERACTION-000334,veeva,VE_4a53de95f6ff98,SYN_ce593f43d8ad42e2
interaction,INTERACTION-000335,veeva,VE_9837bc49520882,SYN_52838b92eca3ed16
interaction,INTERACTION-000336,veeva,VE_c4bbe607510679,SYN_8f5bf2720d1e35b1
interaction,INTERACTION-000337,veeva,VE_c9b876a71d5f26,SYN_04f6d26eb3b6c944
interaction,INTERACTION-000338,veeva,VE_44711b2fb816de,SYN_12417eabc9b3cb8e
interaction,INTERACTION-000339,veeva,VE_6a2835be337a37,SYN_c9d96537ef5612c4
interaction,INTERACTION-000340,veeva,VE_ce3688462c16b9,SYN_22a9c0acdad7cddc
interaction,INTERACTION-000341,veeva,VE_8ff311227821a1,SYN_a814489fd67ca19d
interaction,INTERACTION-000342,veeva,VE_6353b3d2e5d04b,SYN_b8e10bc8777e04a3
interaction,INTERACTION-000343,veeva,VE_6f63bd92b6c3b7,SYN_2bcfc039f1d1729a
interaction,INTERACTION-000344,veeva,VE_8a8243d1f70169,SYN_6a8f0201496ce0e1
interaction,INTERACTION-000345,veeva,VE_fde435794cd0d7,SYN_078d26f53225c774
interaction,INTERACTION-000346,veeva,VE_daba6c8c2a9baf,SYN_1500a762d0908cb5
interaction,INTERACTION-000347,veeva,VE_7acb425fd45ade,SYN_3ac8f86da004905f
interaction,INTERACTION-000348,veeva,VE_5567a28208fb8a,SYN_c654e5e77b8b0df2
interaction,INTERACTION-000349,veeva,VE_47334a3302e46b,SYN_14b59fe0152a4a6c
interaction,INTERACTION-000350,veeva,VE_bfbe85b905dd99,SYN_6e133324e799806b
interaction,INTERACTION-000351,veeva,VE_67862224fde4fd,SYN_25b32502f8b955c7
interaction,INTERACTION-000352,veeva,VE_ab80f970fdd562,SYN_1e89a088925bb5de
interaction,INTERACTION-000353,veeva,VE_9244433751938f,SYN_09060da164c79c6f
interaction,INTERACTION-000354,veeva,VE_1674e45bbcfcf4,SYN_bce98dd9735688ce
interaction,INTERACTION-000355,veeva,VE_d8a8e39ff58643,SYN_c1f32aee73beb80e
interaction,INTERACTION-000356,veeva,VE_407db569cb23fc,SYN_c14cbd3d9b96e2ca
interaction,INTERACTION-000357,veeva,VE_73112d7dacc47d,SYN_1dd541c9b492aac5
interaction,INTERACTION-000358,veeva,VE_3121094928fc69,SYN_d0c06f14a598f3a3
interaction,INTERACTION-000359,veeva,VE_571d0b709dacd9,SYN_97ead38f419d673c
interaction,INTERACTION-000360,veeva,VE_52c4c46f8eb95a,SYN_aa24b0be3f1b7295
interaction,INTERACTION-000361,veeva,VE_2cfaa7d3c9e974,SYN_359e497d0d6713d4
interaction,INTERACTION-000362,veeva,VE_923102ea29460a,SYN_7f21abc3fae957ed
interaction,INTERACTION-000363,veeva,VE_7ebdaa8ef8d282,SYN_6831c3fecd742a17
interaction,INTERACTION-000364,veeva,VE_02478bf71ca12e,SYN_e19f762092d2356f
interaction,INTERACTION-000365,veeva,VE_2f4eae9b8fb25a,SYN_e5cabad5f45c6e8f
interaction,INTERACTION-000366,veeva,VE_ca79ae63f89ad9,SYN_7bbb41578a343323
interaction,INTERACTION-000367,veeva,VE_876c7857ffd23c,SYN_eaf8aab57ea68f26
interaction,INTERACTION-000368,veeva,VE_ffb576d34b2a25,SYN_171df3ccca4e3d56
interaction,INTERACTION-000369,veeva,VE_e1d5d3dddba04f,SYN_9d2bcdfa68581e28
interaction,INTERACTION-000370,veeva,VE_0fe971de2dc68f,SYN_046f67e183f1513a
interaction,INTERACTION-000371,veeva,VE_23982f095b65b2,SYN_c2ab1621c4f9eb6c
interaction,INTERACTION-000372,veeva,VE_3d1bdf5cc9129e,SYN_ed9e9a24dcec7738
interaction,INTERACTION-000373,veeva,VE_d79a43230c33f3,SYN_4316f5b04bb0d9e2
interaction,INTERACTION-000374,veeva,VE_b3e22e05d48562,SYN_921905120ead32e0
interaction,INTERACTION-000375,veeva,VE_4efc9d92370139,SYN_9d0e67b70f0a9023
interaction,INTERACTION-000376,veeva,VE_ad332844b9384b,SYN_4b25fde52948ff9a
interaction,INTERACTION-000377,veeva,VE_8dabd8ce6934c9,SYN_3ca7071eca254fa3
interaction,INTERACTION-000378,veeva,VE_ec8d75659315eb,SYN_91c2a19dd1afa7df
interaction,INTERACTION-000379,veeva,VE_ba114150ad0b36,SYN_d1d5b3cd1f1528f0
interaction,INTERACTION-000380,veeva,VE_db24582e2552b1,SYN_0439536d91f4831f
interaction,INTERACTION-000381,veeva,VE_db064cab5dc06a,SYN_d2e6245106ae1501
interaction,INTERACTION-000382,veeva,VE_1b8995d9fc9743,SYN_2b8262f62841babc
interaction,INTERACTION-000383,veeva,VE_63653455eafacd,SYN_6e17b2dfcbaef22c
interaction,INTERACTION-000384,veeva,VE_004e2f680a07b0,SYN_ef56c1bb29f10797
interaction,INTERACTION-000385,veeva,VE_a6442e3b448b4f,SYN_6274f6ac4886b2a1
interaction,INTERACTION-000386,veeva,VE_4823d326c7ca30,SYN_4f84aa19489805b9
interaction,INTERACTION-000387,veeva,VE_15de10017dddec,SYN_4c199c66e1c2abfc
interaction,INTERACTION-000388,veeva,VE_5d84bfa56554ec,SYN_458cf216c61dc761
interaction,INTERACTION-000389,veeva,VE_1fc518c4ef1e2e,SYN_c2e859a28d3648b3
interaction,INTERACTION-000390,veeva,VE_9fe9bc9d553df3,SYN_4f1acafd61c9ab3f
interaction,INTERACTION-000391,veeva,VE_1112617e7d79d2,SYN_a3aa41a07774e8b4
interaction,INTERACTION-000392,veeva,VE_cada00495992bb,SYN_c0db3dae137ac716
interaction,INTERACTION-000393,veeva,VE_2f48ddc257c089,SYN_4950f3bb7e8e6243
interaction,INTERACTION-000394,veeva,VE_21ad5fb4f1bd99,SYN_1c4d972508c044b0
interaction,INTERACTION-000395,veeva,VE_eab0d56f71edbe,SYN_c82fd961bb57acd7
interaction,INTERACTION-000396,veeva,VE_33d29fafa876fe,SYN_97cb2eab5b13583b
interaction,INTERACTION-000397,veeva,VE_60f8d949708a53,SYN_f410736d6eac9bd8
interaction,INTERACTION-000398,veeva,VE_9c90933b48dfe3,SYN_fb97ffed5b989ac5
interaction,INTERACTION-000399,veeva,VE_a077bc0da413f0,SYN_3a8a7cb76d4836f0
interaction,INTERACTION-000400,veeva,VE_a1f86e3371ec70,SYN_9f957274d0452937
interaction,INTERACTION-000401,veeva,VE_96cf2cb31a1c02,SYN_d0881cc26ecfdae6
interaction,INTERACTION-000402,veeva,VE_298583a339fdfe,SYN_e1bb6e268bca3951
interaction,INTERACTION-000403,veeva,VE_6208512a4dd9d0,SYN_f69d4558c490c952
interaction,INTERACTION-000404,veeva,VE_3f2f42f19d7c03,SYN_ba01c1ba02bf5748
interaction,INTERACTION-000405,veeva,VE_5cb76964a20361,SYN_67265ab20389f47d
interaction,INTERACTION-000406,veeva,VE_34dc4e3af86166,SYN_23d9c4331d854de8
interaction,INTERACTION-000407,veeva,VE_78842d8bf709df,SYN_abad1dd626c5fdbf
interaction,INTERACTION-000408,veeva,VE_2d4bc7747d33f7,SYN_0081b3556dc3d081
interaction,INTERACTION-000409,veeva,VE_808f5cdaa3887e,SYN_de66366081c6ebd2
interaction,INTERACTION-000410,veeva,VE_2a731c1aa2e24a,SYN_a167bfeecac2bec9
interaction,INTERACTION-000411,veeva,VE_0792a6fc961a18,SYN_4cc626abecc18340
interaction,INTERACTION-000412,veeva,VE_ed47ece53b1d06,SYN_e883642076a11e53
interaction,INTERACTION-000413,veeva,VE_8fad16f0522f39,SYN_ac631bd9f7883c61
interaction,INTERACTION-000414,veeva,VE_12fea680693639,SYN_e75842eac03a1bdf
interaction,INTERACTION-000415,veeva,VE_e11be91567e2e5,SYN_575ee2e27edfaa05
interaction,INTERACTION-000416,veeva,VE_a0acc0c1226a4c,SYN_893b09a7a11cfcee
interaction,INTERACTION-000417,veeva,VE_ea9d72498e9939,SYN_feb5359a34d8db2e
interaction,INTERACTION-000418,veeva,VE_23e6a798eccd72,SYN_56eac2c0fd164c60
interaction,INTERACTION-000419,veeva,VE_5a08c5f0b6d3e3,SYN_61508fb4a80da1d6
interaction,INTERACTION-000420,veeva,VE_7f837b4508c19b,SYN_505e5ed28f9562a1
interaction,INTERACTION-000421,veeva,VE_ffda4cd70af62c,SYN_4ba6efc30cf73751
interaction,INTERACTION-000422,veeva,VE_348d40c845ee68,SYN_ec21bf08bcbccccb
interaction,INTERACTION-000423,veeva,VE_05d3f23a56eae4,SYN_6d5250c2222202b2
interaction,INTERACTION-000424,veeva,VE_45d86101351940,SYN_0ef9e535726b80e2
interaction,INTERACTION-000425,veeva,VE_e11edf0a090122,SYN_6c38363201decad9
interaction,INTERACTION-000426,veeva,VE_df3a79db2cf34d,SYN_ff1b8a788b0a9bc5
interaction,INTERACTION-000427,veeva,VE_b5fe9976978931,SYN_5c781c3317d2c902
interaction,INTERACTION-000428,veeva,VE_a795104c22b404,SYN_37cea2786d83745d
interaction,INTERACTION-000429,veeva,VE_fe96c9cdd617c1,SYN_4d9df946c338bbf7
interaction,INTERACTION-000430,veeva,VE_4644d58ef28cb9,SYN_e6a473514d3b7ec7
interaction,INTERACTION-000431,veeva,VE_e38d8f16a34e15,SYN_aaf52fc70e53710f
interaction,INTERACTION-000432,veeva,VE_024ce65de5833f,SYN_2fd5c25488b6efed
interaction,INTERACTION-000433,veeva,VE_f8dc1f7f9ffd3a,SYN_7a80d1834b9f0f20
interaction,INTERACTION-000434,veeva,VE_06524d98102d1c,SYN_b956f387c2301fc9
interaction,INTERACTION-000435,veeva,VE_5dc57cc847ca8e,SYN_3c34f69f6daec629
interaction,INTERACTION-000436,veeva,VE_29f0f920f5f4dc,SYN_242fad4b31f62896
interaction,INTERACTION-000437,veeva,VE_f179073917144a,SYN_fac7edfacaf87d33
interaction,INTERACTION-000438,veeva,VE_3d1740bd6c58c0,SYN_57b68968079894bd
interaction,INTERACTION-000439,veeva,VE_85fc8e7d961bed,SYN_465806042e53792a
interaction,INTERACTION-000440,veeva,VE_d842385e6a00cd,SYN_acf9ac2363c61f82
interaction,INTERACTION-000441,veeva,VE_1d8b0094520013,SYN_bcd85df4fd679835
interaction,INTERACTION-000442,veeva,VE_789e81cd33f4e1,SYN_8178dfd530f948ed
interaction,INTERACTION-000443,veeva,VE_01f7caf9637df6,SYN_7bae08657b6b19be
interaction,INTERACTION-000444,veeva,VE_02dcef88017a3c,SYN_cf3b89585af49dec
interaction,INTERACTION-000445,veeva,VE_36774b4b5441b3,SYN_77d7b662194c3cda
interaction,INTERACTION-000446,veeva,VE_800906453789ad,SYN_0e272045134ef0e5
interaction,INTERACTION-000447,veeva,VE_f30d72d9947f58,SYN_d04c87b0fdea3254
interaction,INTERACTION-000448,veeva,VE_26848802bb5097,SYN_953aedc197bee331
interaction,INTERACTION-000449,veeva,VE_3306d97e08f085,SYN_5928cf8c301ffe8c
interaction,INTERACTION-000450,veeva,VE_1b5ce990b3ca19,SYN_99beae094008dab7
interaction,INTERACTION-000451,veeva,VE_58f7e612ec692d,SYN_b290544f003966b6
interaction,INTERACTION-000452,veeva,VE_02da382611e980,SYN_68d81761a185c72f
interaction,INTERACTION-000453,veeva,VE_f342000f62e685,SYN_7dd0bc48c19e9935
interaction,INTERACTION-000454,veeva,VE_c9437999622868,SYN_bb565de5d23370ef
interaction,INTERACTION-000455,veeva,VE_d93e46556d338e,SYN_592e560319b07394
interaction,INTERACTION-000456,veeva,VE_59ac564b80b7be,SYN_b0e882b6a1d05da6
interaction,INTERACTION-000457,veeva,VE_26c3a78f30f5c4,SYN_9e0db8f36fef0fc5
interaction,INTERACTION-000458,veeva,VE_3d8257c48e8762,SYN_751974d833df0d96
interaction,INTERACTION-000459,veeva,VE_3dd6db24f7ef13,SYN_5b482379508a3f3d
interaction,INTERACTION-000460,veeva,VE_abbd18ce761089,SYN_ec0d9049ad523601
interaction,INTERACTION-000461,veeva,VE_cec5a70ed73a18,SYN_9012db2fd3a8a94e
interaction,INTERACTION-000462,veeva,VE_cc12d417c7d379,SYN_285bb1b70981928c
interaction,INTERACTION-000463,veeva,VE_68826f46c09493,SYN_890c19fa1785d539
interaction,INTERACTION-000464,veeva,VE_0c8b1c8e333998,SYN_da3c362cb7cc1549
interaction,INTERACTION-000465,veeva,VE_43ac1ca8880b00,SYN_8b3f30ec1d15242e
interaction,INTERACTION-000466,veeva,VE_3a28bc6f89591b,SYN_e0cc35ffd43bb1e1
interaction,INTERACTION-000467,veeva,VE_20bd2eafae9c8d,SYN_4c9db1f5966d98c2
interaction,INTERACTION-000468,veeva,VE_ffbb577fcb3d84,SYN_34e758db6e254f28
interaction,INTERACTION-000469,veeva,VE_52943aeaca452a,SYN_fc8dd473035579d6
interaction,INTERACTION-000470,veeva,VE_a6cc169487b75b,SYN_dd76d47465e85467
interaction,INTERACTION-000471,veeva,VE_2efe96409a1e13,SYN_68918fa0816c7a3e
interaction,INTERACTION-000472,veeva,VE_942ae9040c88df,SYN_d801b6b8da510afe
interaction,INTERACTION-000473,veeva,VE_a3d5c87f24f79d,SYN_72646d755ace1eff
interaction,INTERACTION-000474,veeva,VE_f5f818b2709380,SYN_a3436f6ae0894331
interaction,INTERACTION-000475,veeva,VE_ca420225bcb72f,SYN_2206ea0ec0bab774
interaction,INTERACTION-000476,veeva,VE_e9324211f2e4ce,SYN_378cabdf9d00c368
interaction,INTERACTION-000477,veeva,VE_dac09bfafa041a,SYN_af6e18120d405b07
interaction,INTERACTION-000478,veeva,VE_8fe8b8d176ac9d,SYN_4a3a81877ab16eca
interaction,INTERACTION-000479,veeva,VE_8628d586544aed,SYN_b9a7c43e8939c804
interaction,INTERACTION-000480,veeva,VE_acc401215e6ecc,SYN_3b97d9dfb4a4b765
interaction,INTERACTION-000481,veeva,VE_b2c9a18bbc7b57,SYN_312a5af8cfdfb039
interaction,INTERACTION-000482,veeva,VE_f7bb271137090b,SYN_2eda35ab75133a59
interaction,INTERACTION-000483,veeva,VE_1675b4479d5395,SYN_91cacd77e01679dd
interaction,INTERACTION-000484,veeva,VE_ed2c5ccec3c27a,SYN_5d461656278c2da7
interaction,INTERACTION-000485,veeva,VE_d7edf851727829,SYN_aac221c16d2c12b8
interaction,INTERACTION-000486,veeva,VE_b3f026ed704bbd,SYN_386267805ae51098
interaction,INTERACTION-000487,veeva,VE_27d6e4818b86c3,SYN_c44b271fd70350a1
interaction,INTERACTION-000488,veeva,VE_aaef114e84ffe2,SYN_da957d39c6432eb8
interaction,INTERACTION-000489,veeva,VE_4bf0d7dff21fb5,SYN_7a176d0c59354b5d
interaction,INTERACTION-000490,veeva,VE_5631c671e0425d,SYN_a37bf51369be9809
interaction,INTERACTION-000491,veeva,VE_5ee5b7d2a166ac,SYN_9f8bfd2a1c5adf12
interaction,INTERACTION-000492,veeva,VE_320d609563c601,SYN_b40f81754422b252
interaction,INTERACTION-000493,veeva,VE_6460e2e9d793e8,SYN_ab103571ae87dca9
interaction,INTERACTION-000494,veeva,VE_80a8e7b3ef388c,SYN_10f09f4ac85122d6
interaction,INTERACTION-000495,veeva,VE_9135fd2f206592,SYN_e0ae8821289e7df2
interaction,INTERACTION-000496,veeva,VE_2da2cbb4afd7c4,SYN_0a855c82d6c396f4
interaction,INTERACTION-000497,veeva,VE_654ffcedd1849e,SYN_e8120e129f3136a9
interaction,INTERACTION-000498,veeva,VE_3c61d151bd1fbb,SYN_7a28ef7ceefa6b02
interaction,INTERACTION-000499,veeva,VE_612257924e9478,SYN_50eaecc72136ff8c
interaction,INTERACTION-000500,veeva,VE_9c8beb35885ee1,SYN_ef2509053d2b6175
interaction,INTERACTION-000501,veeva,VE_3450c0805b94cc,SYN_cf5b40f7e3314b4c
interaction,INTERACTION-000502,veeva,VE_59baf3317dd984,SYN_6376323b99b26269
interaction,INTERACTION-000503,veeva,VE_e4e9f6cd63d21a,SYN_6d346de84d4bd4b0
interaction,INTERACTION-000504,veeva,VE_510beebbb5d222,SYN_a389c72d9b32accb
interaction,INTERACTION-000505,veeva,VE_88cf5f1a8d0b27,SYN_01c8fdfbfe7e081b
interaction,INTERACTION-000506,veeva,VE_c0fbc1f5b18762,SYN_a0dfb50082e18281
interaction,INTERACTION-000507,veeva,VE_09f8e0ed69e8c9,SYN_dc5018366772229d
interaction,INTERACTION-000508,veeva,VE_2278d2bde55a0e,SYN_c696d75bcf02f7d2
interaction,INTERACTION-000509,veeva,VE_9aa66c6a35030f,SYN_2e99ffd3a6af7550
interaction,INTERACTION-000510,veeva,VE_4571b856b4b788,SYN_8a30effa60712ebc
interaction,INTERACTION-000511,veeva,VE_8ff508afd7aaa3,SYN_4dc2dc3576fc42d0
interaction,INTERACTION-000512,veeva,VE_8445b39877df04,SYN_aabc5faaf9b2a30f
interaction,INTERACTION-000513,veeva,VE_52f9a4cf717186,SYN_028c860550bf8d10
interaction,INTERACTION-000514,veeva,VE_cb7a3ca007dc93,SYN_db1d8cb048557c6d
interaction,INTERACTION-000515,veeva,VE_c849527b7f94a8,SYN_0ace12d0d3b3c38f
interaction,INTERACTION-000516,veeva,VE_e3989150837669,SYN_1a148b909ffa86ed
interaction,INTERACTION-000517,veeva,VE_90af68cc071e5b,SYN_9c1bd6001c406a67
interaction,INTERACTION-000518,veeva,VE_ac3997b5950fb4,SYN_5a96c4883711068b
interaction,INTERACTION-000519,veeva,VE_0e7e5a3f30fd1d,SYN_e5633823d1cd0c77
interaction,INTERACTION-000520,veeva,VE_aae09e56e9cac5,SYN_b15d79fa1db3f002
interaction,INTERACTION-000521,veeva,VE_5a90d1f0179dbc,SYN_6362aad0905e7593
interaction,INTERACTION-000522,veeva,VE_942effc7f5fd5a,SYN_4d9d296d6e4c8d8c
interaction,INTERACTION-000523,veeva,VE_8e7e9307a4a859,SYN_01641d55e1fa939b
interaction,INTERACTION-000524,veeva,VE_de6429a446d8af,SYN_b3dada1248d0087d
interaction,INTERACTION-000525,veeva,VE_d31ae077dd3ae2,SYN_4d5219a29300fc80
interaction,INTERACTION-000526,veeva,VE_0205a09178c238,SYN_94d36660630f8a3f
interaction,INTERACTION-000527,veeva,VE_1a0a10e0d373b0,SYN_ce75615e404b6703
interaction,INTERACTION-000528,veeva,VE_e9d7563773a57b,SYN_d7b77a8c99715200
interaction,INTERACTION-000529,veeva,VE_a560face4f0e91,SYN_86f44fea8efaa2f0
interaction,INTERACTION-000530,veeva,VE_d44310ea4362ee,SYN_e960651bfca6033a
interaction,INTERACTION-000531,veeva,VE_b1128d8c920eb9,SYN_cf25dac442901eef
interaction,INTERACTION-000532,veeva,VE_72890392d3025f,SYN_385ba43564292cdb
interaction,INTERACTION-000533,veeva,VE_8bbcb428c1c78d,SYN_bbf5612c3fb7b659
interaction,INTERACTION-000534,veeva,VE_153d1ffdcab55c,SYN_9bd66f48d8fa2e72
interaction,INTERACTION-000535,veeva,VE_0dcc5fde576480,SYN_22f4a722f197b0f4
interaction,INTERACTION-000536,veeva,VE_06289fd2c88fe6,SYN_2411514336a9bcda
interaction,INTERACTION-000537,veeva,VE_996cff4d2cf8ba,SYN_3387360f6646ad81
interaction,INTERACTION-000538,veeva,VE_6c9e00b9fdbe4c,SYN_399d789b6d3576aa
interaction,INTERACTION-000539,veeva,VE_c92cfac657f3f1,SYN_cd42e432cf367957
interaction,INTERACTION-000540,veeva,VE_4919998abadb1d,SYN_188298b342e37df1
interaction,INTERACTION-000541,veeva,VE_a704582411a54e,SYN_7274bf5a9494078b
interaction,INTERACTION-000542,veeva,VE_9001b2095a8df4,SYN_d251f51a44f6cb5f
interaction,INTERACTION-000543,veeva,VE_67e335fd38c79b,SYN_c4327dddb627a67f
interaction,INTERACTION-000544,veeva,VE_ee1431db68c79c,SYN_06b9188ba90a8ce2
interaction,INTERACTION-000545,veeva,VE_a42408ecf32424,SYN_599ac8dbc8f03d55
interaction,INTERACTION-000546,veeva,VE_3c08c783da8c63,SYN_86d60536ead71726
interaction,INTERACTION-000547,veeva,VE_3bab56ec665594,SYN_adf89dcc8f67131e
interaction,INTERACTION-000548,veeva,VE_d1877ca0086f7c,SYN_dc7a55c20f5d8959
interaction,INTERACTION-000549,veeva,VE_849bfbb6e66e20,SYN_a50ccecacba00d0e
interaction,INTERACTION-000550,veeva,VE_02f7ca9a492815,SYN_3ccf28f3bb7fc94b
interaction,INTERACTION-000551,veeva,VE_01bb38d5c834a2,SYN_3e4a72e6e60be962
interaction,INTERACTION-000552,veeva,VE_f802269ab95b06,SYN_14f332c42a348b95
interaction,INTERACTION-000553,veeva,VE_5475628825929a,SYN_8296740921970513
interaction,INTERACTION-000554,veeva,VE_ec8db64741eb61,SYN_fdc83a442c36bff8
interaction,INTERACTION-000555,veeva,VE_11468fd7ee3a54,SYN_22afbd5cec2c0a98
interaction,INTERACTION-000556,veeva,VE_0ebfaed296b074,SYN_00a13582c1f6d73b
interaction,INTERACTION-000557,veeva,VE_503f6f86753b9e,SYN_52d1c2b2b4112f9b
interaction,INTERACTION-000558,veeva,VE_085f445a6e4601,SYN_555fd1b31340ed2f
interaction,INTERACTION-000559,veeva,VE_0e3663755bea3a,SYN_cf7f260b12e79ae3
interaction,INTERACTION-000560,veeva,VE_0de6b1df078498,SYN_3e78b212904d3d1c
interaction,INTERACTION-000561,veeva,VE_98fe0dd3bf3ba6,SYN_c694a5d32a55b8f0
interaction,INTERACTION-000562,veeva,VE_90e2996bc5039e,SYN_a6e01b1ef2b22465
interaction,INTERACTION-000563,veeva,VE_1e3b8af4174e8a,SYN_4ce3a13166c8c190
interaction,INTERACTION-000564,veeva,VE_338985ee5a0759,SYN_d81696ea216d4b78
interaction,INTERACTION-000565,veeva,VE_d7ed2131b476d0,SYN_d74cfd621f9931f9
interaction,INTERACTION-000566,veeva,VE_31c22ccaa0d435,SYN_af6971d4cb0ec9af
interaction,INTERACTION-000567,veeva,VE_4797be69c35482,SYN_6f9c9f7013908776
interaction,INTERACTION-000568,veeva,VE_4a2598a5c0924d,SYN_28aebf0c6d9da59c
interaction,INTERACTION-000569,veeva,VE_9c4bbe35798548,SYN_9229adc60d1e7e2d
interaction,INTERACTION-000570,veeva,VE_82e02c28b709c6,SYN_1caf1dca8eaef7fd
interaction,INTERACTION-000571,veeva,VE_17260575491e93,SYN_0a19106463d65ac8
interaction,INTERACTION-000572,veeva,VE_dcdc418c09e38a,SYN_38f3b84e66a1670e
interaction,INTERACTION-000573,veeva,VE_b42068ccb708ce,SYN_469d18a4f75bc0e2
interaction,INTERACTION-000574,veeva,VE_075e3dbb0aa166,SYN_c79410d00bc68913
interaction,INTERACTION-000575,veeva,VE_9608b9d9ddeb7f,SYN_efa15b045b076874
interaction,INTERACTION-000576,veeva,VE_111d87b9a6a37f,SYN_8eeb9831289e84e5
interaction,INTERACTION-000577,veeva,VE_cb3d006346befc,SYN_d99bcc4d3a4c0221
interaction,INTERACTION-000578,veeva,VE_d4915fa57acd6c,SYN_ba902d53635febef
interaction,INTERACTION-000579,veeva,VE_db73b39244e08f,SYN_ab9519dfb47418ae
interaction,INTERACTION-000580,veeva,VE_e81537871d0b11,SYN_a0e703f1bf0f0d0c
interaction,INTERACTION-000581,veeva,VE_160a658b2d6154,SYN_bf8f47d291a7770b
interaction,INTERACTION-000582,veeva,VE_a22f59d418ded1,SYN_82c29a38f2c92276
interaction,INTERACTION-000583,veeva,VE_ef5858fae150e4,SYN_e2c41166e88066f8
interaction,INTERACTION-000584,veeva,VE_b51e477efa9c4b,SYN_7855719f9ab0b499
interaction,INTERACTION-000585,veeva,VE_970fb9aa90fca8,SYN_1b7831e6f740f96e
interaction,INTERACTION-000586,veeva,VE_1aff7780944e5c,SYN_9742176ef45141dd
interaction,INTERACTION-000587,veeva,VE_c31f9105fa995f,SYN_b3a8d02780582d2b
interaction,INTERACTION-000588,veeva,VE_953d75e08d364a,SYN_7d8f06d0eb367af5
interaction,INTERACTION-000589,veeva,VE_f3ab643b665219,SYN_714284670dc72bf9
interaction,INTERACTION-000590,veeva,VE_f72030fd5438d0,SYN_27f4b2762dbac88e
interaction,INTERACTION-000591,veeva,VE_876dbda6752392,SYN_a9e6ae6bf795c5a6
interaction,INTERACTION-000592,veeva,VE_efca227e332df3,SYN_bcb68d8f42b58b26
interaction,INTERACTION-000593,veeva,VE_46c429cde5d753,SYN_97df7a0cf008127a
interaction,INTERACTION-000594,veeva,VE_1cd2ff71c3c61e,SYN_b05241ce42c0213d
interaction,INTERACTION-000595,veeva,VE_018c7f3876931e,SYN_6bb72cd009ddd9ff
