customer_key,match_token,display_name,active
VE_8424de3c920d5a,SYN_879f0ccae5c2f09c,SYNTHETIC PROFESSIONAL 0001,true
VE_c2e7fbe2a923c5,SYN_7f5961528c032d25,SYNTHETIC PROFESSIONAL 0002,true
VE_02fcb1978f6c90,SYN_d745f5436d402a40,SYNTHETIC PROFESSIONAL 0003,true
VE_9f26ead04e3578,SYN_50265379c53d6581,SYNTHETIC PROFESSIONAL 0004,true
VE_ef15b7e7974b5e,SYN_f226902f1f327737,SYNTHETIC PROFESSIONAL 0005,true
VE_4ae72a089dd8cb,SYN_85cbfbc52a3acafb,SYNTHETIC PROFESSIONAL 0006,true
VE_c22fd8263ec79a,SYN_4d84bc70d6e9867c,SYNTHETIC PROFESSIONAL 0007,true
VE_b1422f3824524b,SYN_558567563994d0d9,SYNTHETIC PROFESSIONAL 0008,true
VE_4dd886b7fab240,SYN_c2df79a40dca3027,SYNTHETIC PROFESSIONAL 0009,true
VE_f37614d88a5207,SYN_540d46d98623da0b,SYNTHETIC PROFESSIONAL 0010,true
VE_3db35dc532eeaa,SYN_cf72d06a78bee634,SYNTHETIC PROFESSIONAL 0011,true
VE_ba46ef34c727f4,SYN_22b36e95c6f4a909,SYNTHETIC PROFESSIONAL 0012,true
VE_81bb42b4d03067,SYN_54554ea6caefca2c,SYNTHETIC PROFESSIONAL 0013,true
VE_265f423ad0ae7e,SYN_c5a14d5fcad75699,SYNTHETIC PROFESSIONAL 0014,true
VE_09a95a08cec401,SYN_70b62d5aa1f0ad24,SYNTHETIC PROFESSIONAL 0015,true
VE_3c1f574e00e61d,SYN_bfd04e65bab8d9d2,SYNTHETIC PROFESSIONAL 0016,true
VE_762f6137cedac0,SYN_0b1fcdbfcf86f28d,SYNTHETIC PROFESSIONAL 0017,true
VE_c4ed0f0cc1df2c,SYN_a93a4a133ab1f1c4,SYNTHETIC PROFESSIONAL 0018,true
VE_efc5c572b933a0,SYN_b7bdebb90a9e1b7f,SYNTHETIC PROFESSIONAL 0019,true
VE_461597a2f31e56,SYN_25d4030fa2fa69eb,SYNTHETIC PROFESSIONAL 0020,true
VE_d0c264607dea04,SYN_44acf019b2d5bd1d,SYNTHETIC PROFESSIONAL 0021,true
VE_a2c3a87dcd2ea9,SYN_308e13b838c20dbf,SYNTHETIC PROFESSIONAL 0022,true
VE_983800ac45775c,SYN_4a3b93766cf635a8,SYNTHETIC PROFESSIONAL 0023,true
VE_c7ffe93286345e,SYN_beb6994b20fd59ff,SYNTHETIC PROFESSIONAL 0024,true
VE_fd4df5f794dcc5,SYN_c29819f7907ee5a0,SYNTHETIC PROFESSIONAL 0025,true
VE_48d952748ec6b5,SYN_202ad262a45fd611,SYNTHETIC PROFESSIONAL 0026,true
VE_c259796efa90aa,SYN_61f42d39773d3e16,SYNTHETIC PROFESSIONAL 0027,true
VE_ec5e23b049025d,SYN_64c9377198edf88d,SYNTHETIC PROFESSIONAL 0028,true
VE_e1f7a3fa04897e,SYN_4acb94eafabce9af,SYNTHETIC PROFESSIONAL 0029,true
VE_6c50a25ebbfdb7,SYN_f64f47f69b8b0eb5,SYNTHETIC PROFESSIONAL 0030,true
VE_a458a83ce0f04b,SYN_3c5e4db96f348bcb,SYNTHETIC PROFESSIONAL 0031,true
VE_55aba8abe027dc,SYN_eaecb6c9bbfbbfbe,SYNTHETIC PROFESSIONAL 0032,true
VE_18dc7b377bf025,SYN_de8030e1387c25ed,SYNTHETIC PROFESSIONAL 0033,true
VE_52b1894abf11ea,SYN_e6ab169b2c94957d,SYNTHETIC PROFESSIONAL 0034,true
VE_ac8319da259995,SYN_2fb277e101c17426,SYNTHETIC PROFESSIONAL 0035,true
VE_ecb874ff3e1b04,SYN_4def9600d7968d52,SYNTHETIC PROFESSIONAL 0036,true
VE_75c6827cd263b2,SYN_0f8f61bfb1115063,SYNTHETIC PROFESSIONAL 0037,true
VE_68cbed40f85d0c,SYN_16358ebefcf0a3a7,SYNTHETIC PROFESSIONAL 0038,true
VE_5d713f468b86c0,SYN_05b3cb4a4a42ffaa,SYNTHETIC PROFESSIONAL 0039,true
VE_c9e6b9f6791e33,SYN_437f0756284d2f54,SYNTHETIC PROFESSIONAL 0040,true
VE_0de10f49034d81,SYN_4196f2f0bb95a2e9,SYNTHETIC PROFESSIONAL 0041,true
VE_f7b572b359e4e3,SYN_0c8d29e2590e1701,SYNTHETIC PROFESSIONAL 0042,true
VE_3f04d25ee860f8,SYN_347589795323228f,SYNTHETIC PROFESSIONAL 0043,true
VE_100f0e81f859d7,SYN_abdad37ca639abfc,SYNTHETIC PROFESSIONAL 0044,true
VE_0642a2000cd8ac,SYN_e7c65e8582602e77,SYNTHETIC PROFESSIONAL 0045,true
VE_f6aa1bee7ea532,SYN_4b34193b5ef3dd52,SYNTHETIC PROFESSIONAL 0046,true
VE_33050ef927a762,SYN_01e82d09a4faa8bf,SYNTHETIC PROFESSIONAL 0047,true
VE_3286b39eada443,SYN_43e912cc3b2c2d46,SYNTHETIC PROFESSIONAL 0048,true
VE_00200d85af3a5e,SYN_27dd183e5926902d,SYNTHETIC PROFESSIONAL 0049,true
VE_e287c0f35813a6,SYN_44271fc193353d5d,SYNTHETIC PROFESSIONAL 0050,true
VE_795919f196307c,SYN_33a1a799263cb548,SYNTHETIC PROFESSIONAL 0051,true
VE_65d53058353f53,SYN_9be1a3c3f4563474,SYNTHETIC PROFESSIONAL 0052,true
VE_d0c66dff2154e0,SYN_433ddd1561233d5d,SYNTHETIC PROFESSIONAL 0053,true
VE_5242a39c00d8d1,SYN_49d66d91d11fec99,SYNTHETIC PROFESSIONAL 0054,true
VE_d1df39975dc133,SYN_9301d6722fa5331d,SYNTHETIC PROFESSIONAL 0055,true
VE_c741402a6c12a6,SYN_1f13b32627a23ddb,SYNTHETIC PROFESSIONAL 0056,true
VE_6884d78be1e27f,SYN_ae627b08b70385c6,SYNTHETIC PROFESSIONAL 0057,true
VE_adc8ea3fefbc67,SYN_8acd0961d0c48507,SYNTHETIC PROFESSIONAL 0058,true
VE_15d3c0fa902ddf,SYN_4a9425fe7f1bc34b,SYNTHETIC PROFESSIONAL 0059,true
VE_816a43cfa4bbba,SYN_fd290ad0e2b16e53,SYNTHETIC PROFESSIONAL 0060,true
VE_ff74cf7f1992a8,SYN_2e7f519027ff9288,SYNTHETIC PROFESSIONAL 0061,true
VE_220839ebc4b310,SYN_1e5e53d5684af466,SYNTHETIC PROFESSIONAL 0062,true
VE_019d423b5431cd,SYN_1b780bb7dedf9396,SYNTHETIC PROFESSIONAL 0063,true
VE_71c6f2cbc212be,SYN_4b2884a640e68ed1,SYNTHETIC PROFESSIONAL 0064,true
VE_d2f60a2db02aef,SYN_e9ddf0d245ecf671,SYNTHETIC PROFESSIONAL 0065,true
VE_b30bbcd0283192,SYN_ac3d4c3ef350e2e5,SYNTHETIC PROFESSIONAL 0066,true
VE_a3b69a88749cb3,SYN_f520fb97187b3271,SYNTHETIC PROFESSIONAL 0067,true
VE_71533239b71955,SYN_96f1d188f03a33cf,SYNTHETIC PROFESSIONAL 0068,true
VE_648e26eb72a912,SYN_a9290674a0d0f097,SYNTHETIC PROFESSIONAL 0069,true
VE_ff1e01ba239fb4,SYN_588217cfe781eda5,SYNTHETIC PROFESSIONAL 0070,true
VE_4fa2295cdf1979,SYN_4ea627d3de35a150,SYNTHETIC PROFESSIONAL 0071,true
VE_0f62242676d406,SYN_6e7ab083cd50878f,SYNTHETIC PROFESSIONAL 0072,true
VE_5b9bf1816d8032,SYN_c5bd288cab00f20d,SYNTHETIC PROFESSIONAL 0073,true
VE_88d7ba522fc46c,SYN_fb7edbf8a96500ca,SYNTHETIC PROFESSIONAL 0074,true
VE_a8c0b118f70e90,SYN_98f9e5387e9025d5,SYNTHETIC PROFESSIONAL 0075,true
VE_866e2cf66246a5,SYN_1f80f0d1dee3ce83,SYNTHETIC PROFESSIONAL 0076,true
VE_e046679fa7995d,SYN_592b44315529cc8b,SYNTHETIC PROFESSIONAL 0077,true
VE_a462cf78c4602e,SYN_1edbe91858f0de60,SYNTHETIC PROFESSIONAL 0078,true
VE_c5029abcf98cbb,SYN_dd45efe7de6514fd,SYNTHETIC PROFESSIONAL 0079,true
VE_e69f3c0c6bfa74,SYN_1629b6942cb164e7,SYNTHETIC PROFESSIONAL 0080,true
VE_55b3a4a96dcd4b,SYN_8424ca9a7c5f4262,SYNTHETIC PROFESSIONAL 0081,true
VE_5f0143593aa9a7,SYN_7dc19f1ec5994d9b,SYNTHETIC PROFESSIONAL 0082,true
VE_7d706a6b6b20ba,SYN_ca614d892ad730b3,SYNTHETIC PROFESSIONAL 0083,true
VE_36e6cf63d8128b,SYN_a6768d863dbc18f2,SYNTHETIC PROFESSIONAL 0084,true
VE_13b9277a8de654,SYN_421a1b15acf3751d,SYNTHETIC PROFESSIONAL 0085,true
VE_b66c5c0e5ee149,SYN_68fd9abcd14cfd0d,SYNTHETIC PROFESSIONAL 0086,true
VE_5b53424a8fb530,SYN_cf0b535b0a3482fa,SYNTHETIC PROFESSIONAL 0087,true
VE_42b7e02b086268,SYN_ed1211e65a735ea4,SYNTHETIC PROFESSIONAL 0088,true
VE_c3d97a4cba0334,SYN_898e49b5715e609c,SYNTHETIC PROFESSIONAL 0089,true
VE_10178ff56ce0e0,SYN_e63a077bc29e9cec,SYNTHETIC PROFESSIONAL 0090,true
VE_c21dfac4ce6526,SYN_1b129cb6842420a8,SYNTHETIC PROFESSIONAL 0091,true
VE_2ab76b6dc62d3f,SYN_ac5f39ed701780cc,SYNTHETIC PROFESSIONAL 0092,true
VE_19aac240e21c2a,SYN_c7dd642194168546,SYNTHETIC PROFESSIONAL 0093,true
VE_2b4a021b059e8d,SYN_565692187b8cf585,SYNTHETIC PROFESSIONAL 0094,true
VE_f0aa05b5453c81,SYN_4e1ac7e87e852895,SYNTHETIC PROFESSIONAL 0095,true
VE_d2f50255fa2ba4,SYN_c17251ea3a3c3253,SYNTHETIC PROFESSIONAL 0096,true
VE_c666897cc2aab7,SYN_c385c4e0bca4772e,SYNTHETIC PROFESSIONAL 0097,false
VE_fa7b71df3f49fe,SYN_a6a37ecd7b8f5262,SYNTHETIC PROFESSIONAL 0098,true
VE_2a83df57539c57,,SYNTHETIC PROFESSIONAL 0099,true
VE_5224307aa49566,,SYNTHETIC PROFESSIONAL 0100,true
