activity_key,customer_key,primary_product_code,occurred_at,channel,duration_minutes,source_version
VE_00483fc45bc547,VE_c22fd8263ec79a,IQ_54291f6d98eec1,2026-07-30T12:00:00Z,EMAIL,12,1
VE_004e2f680a07b0,VE_ec5e23b049025d,IQ_135d4a97820502,2026-10-05T12:00:00Z,EMAIL,14,1
VE_0070fb970e50d9,VE_18dc7b377bf025,IQ_135d4a97820502,2026-08-31T12:00:00Z,EMAIL,12,1
VE_00c935c1dc0fe6,VE_ba46ef34c727f4,IQ_942e78f7757950,2026-09-24T12:00:00Z,EMAIL,12,1
VE_01f7caf9637df6,VE_5b53424a8fb530,IQ_20c20d0e8b3a1d,2026-10-07T12:00:00Z,EMAIL,13,1
VE_0205a09178c238,VE_a3b69a88749cb3,IQ_20c20d0e8b3a1d,2026-10-11T12:00:00Z,EMAIL,16,1
VE_02478bf71ca12e,VE_b1422f3824524b,IQ_942e78f7757950,2026-10-04T12:00:00Z,EMAIL,14,1
VE_024ce65de5833f,VE_866e2cf66246a5,IQ_54291f6d98eec1,2026-10-07T12:00:00Z,EMAIL,22,1
VE_0273b3b97d01af,VE_ac8319da259995,IQ_54291f6d98eec1,2026-08-22T12:00:00Z,EMAIL,14,1
VE_02915c184a5441,VE_09a95a08cec401,IQ_54291f6d98eec1,2026-08-29T12:00:00Z,EMAIL,15,1
VE_02da382611e980,VE_d2f50255fa2ba4,IQ_942e78f7757950,2026-10-08T12:00:00Z,EMAIL,22,1
VE_02dcef88017a3c,VE_42b7e02b086268,IQ_54291f6d98eec1,2026-10-07T12:00:00Z,EMAIL,14,1
VE_030c68a357afd4,VE_220839ebc4b310,IQ_20c20d0e8b3a1d,2026-08-09T12:00:00Z,EMAIL,20,1
VE_05a9e04e68a29a,VE_866e2cf66246a5,IQ_942e78f7757950,2026-09-01T12:00:00Z,EMAIL,13,1
VE_05d3f23a56eae4,VE_a3b69a88749cb3,IQ_135d4a97820502,2026-10-06T12:00:00Z,EMAIL,13,1
VE_06289fd2c88fe6,VE_e046679fa7995d,IQ_942e78f7757950,2026-10-11T12:00:00Z,EMAIL,26,1
VE_06524d98102d1c,VE_a462cf78c4602e,IQ_135d4a97820502,2026-10-07T12:00:00Z,EMAIL,24,1
VE_0792a6fc961a18,VE_d1df39975dc133,IQ_135d4a97820502,2026-10-06T12:00:00Z,EMAIL,21,1
VE_08f3a0f3e066e9,VE_220839ebc4b310,IQ_20c20d0e8b3a1d,2026-09-09T12:00:00Z,EMAIL,25,1
VE_0990e9838ab293,VE_3db35dc532eeaa,IQ_54291f6d98eec1,2026-09-24T12:00:00Z,EMAIL,11,1
VE_09f8e0ed69e8c9,VE_3286b39eada443,IQ_20c20d0e8b3a1d,2026-10-10T12:00:00Z,EMAIL,17,1
VE_0af5ae1d79c0c8,VE_ef15b7e7974b5e,IQ_135d4a97820502,2026-07-22T12:00:00Z,EMAIL,10,1
VE_0b2eb6efc42776,VE_88d7ba522fc46c,IQ_20c20d0e8b3a1d,2026-09-06T12:00:00Z,EMAIL,16,1
VE_0c67589ed09b15,VE_ff1e01ba239fb4,IQ_20c20d0e8b3a1d,2026-09-11T12:00:00Z,EMAIL,17,1
VE_0c8b1c8e333998,VE_b1422f3824524b,IQ_942e78f7757950,2026-10-08T12:00:00Z,EMAIL,14,1
VE_0d094a6e89ea99,VE_d0c66dff2154e0,IQ_135d4a97820502,2026-07-23T12:00:00Z,EMAIL,11,1
VE_0d467c168fc79f,VE_0de10f49034d81,IQ_135d4a97820502,2026-09-13T12:00:00Z,EMAIL,25,1
VE_0da34275a7e6e2,VE_65d53058353f53,IQ_942e78f7757950,2026-08-08T12:00:00Z,EMAIL,15,1
VE_0dcc5fde576480,VE_866e2cf66246a5,IQ_54291f6d98eec1,2026-10-11T12:00:00Z,EMAIL,25,1
VE_0debbf35662046,VE_c21dfac4ce6526,IQ_54291f6d98eec1,2026-09-14T12:00:00Z,EMAIL,28,1
VE_0df20f7f881c60,VE_a8c0b118f70e90,IQ_54291f6d98eec1,2026-08-23T12:00:00Z,EMAIL,12,1
VE_0e2cd4dd94827c,VE_13b9277a8de654,IQ_135d4a97820502,2026-07-20T12:00:00Z,EMAIL,11,1
VE_0e598c1760ea5b,VE_d1df39975dc133,IQ_54291f6d98eec1,2026-07-31T12:00:00Z,EMAIL,23,1
VE_0e7e5a3f30fd1d,VE_816a43cfa4bbba,IQ_20c20d0e8b3a1d,2026-10-10T12:00:00Z,EMAIL,29,1
VE_0f27f6db9beabb,VE_866e2cf66246a5,IQ_54291f6d98eec1,2026-10-03T12:00:00Z,EMAIL,22,1
VE_0fe971de2dc68f,VE_265f423ad0ae7e,IQ_20c20d0e8b3a1d,2026-10-04T12:00:00Z,EMAIL,20,1
VE_0ff21e1c322871,VE_265f423ad0ae7e,IQ_20c20d0e8b3a1d,2026-09-03T12:00:00Z,EMAIL,19,1
VE_10a1623fca7a91,VE_42b7e02b086268,IQ_942e78f7757950,2026-09-10T12:00:00Z,EMAIL,25,1
VE_1112617e7d79d2,VE_ac8319da259995,IQ_942e78f7757950,2026-10-05T12:00:00Z,EMAIL,21,1
VE_114535a8a81eea,VE_fd4df5f794dcc5,IQ_135d4a97820502,2026-09-26T12:00:00Z,EMAIL,14,1
VE_11be9f3971b456,VE_4fa2295cdf1979,IQ_54291f6d98eec1,2026-07-27T12:00:00Z,EMAIL,18,1
VE_12fea680693639,VE_adc8ea3fefbc67,IQ_942e78f7757950,2026-10-06T12:00:00Z,EMAIL,24,1
VE_13df25ad76afa8,VE_9f26ead04e3578,IQ_942e78f7757950,2026-09-14T12:00:00Z,EMAIL,25,1
VE_144121b0a200dd,VE_983800ac45775c,IQ_54291f6d98eec1,2026-08-11T12:00:00Z,EMAIL,12,1
VE_14731e568af354,VE_2a83df57539c57,SYN_UNKNOWN_PRODUCT,2026-07-25T12:00:00Z,EMAIL,15,1
VE_14f024d8773581,VE_6884d78be1e27f,IQ_135d4a97820502,2026-09-17T12:00:00Z,EMAIL,15,1
VE_153d1ffdcab55c,VE_a8c0b118f70e90,IQ_20c20d0e8b3a1d,2026-10-11T12:00:00Z,EMAIL,24,1
VE_15a6ae24813a4f,VE_fd4df5f794dcc5,IQ_135d4a97820502,2026-08-28T12:00:00Z,EMAIL,25,1
VE_15de10017dddec,VE_a458a83ce0f04b,IQ_942e78f7757950,2026-10-05T12:00:00Z,EMAIL,17,1
VE_15e021df20dbd2,VE_0f62242676d406,IQ_20c20d0e8b3a1d,2026-10-02T12:00:00Z,EMAIL,18,1
VE_160bd5126bbc38,VE_220839ebc4b310,IQ_942e78f7757950,2026-10-02T12:00:00Z,EMAIL,28,1
VE_1674e45bbcfcf4,VE_fa7b71df3f49fe,IQ_20c20d0e8b3a1d,2026-10-04T12:00:00Z,EMAIL,24,1
VE_1675b4479d5395,VE_48d952748ec6b5,IQ_54291f6d98eec1,2026-10-09T12:00:00Z,EMAIL,13,1
VE_16b7b50e5097e8,VE_100f0e81f859d7,IQ_942e78f7757950,2026-09-29T12:00:00Z,EMAIL,28,1
VE_1743d349eba26c,VE_33050ef927a762,IQ_54291f6d98eec1,2026-08-24T12:00:00Z,EMAIL,15,1
VE_18c11ba8855836,VE_fd4df5f794dcc5,IQ_135d4a97820502,2026-07-24T12:00:00Z,EMAIL,30,1
VE_18cf0fb28c8208,VE_c4ed0f0cc1df2c,IQ_20c20d0e8b3a1d,2026-09-28T12:00:00Z,EMAIL,18,1
VE_1970db55eb516e,VE_019d423b5431cd,IQ_54291f6d98eec1,2026-09-16T12:00:00Z,EMAIL,26,1
VE_1a0a10e0d373b0,VE_71533239b71955,IQ_54291f6d98eec1,2026-10-11T12:00:00Z,EMAIL,17,1
VE_1b5ce990b3ca19,VE_2b4a021b059e8d,IQ_20c20d0e8b3a1d,2026-10-08T12:00:00Z,EMAIL,20,1
VE_1b8995d9fc9743,VE_48d952748ec6b5,IQ_54291f6d98eec1,2026-10-05T12:00:00Z,EMAIL,12,1
VE_1bb447e1c66f29,VE_f7b572b359e4e3,IQ_20c20d0e8b3a1d,2026-08-07T12:00:00Z,EMAIL,21,1
VE_1c5d99e9a76288,VE_c7ffe93286345e,IQ_942e78f7757950,2026-09-21T12:00:00Z,EMAIL,29,1
VE_1cd193f4a71650,VE_f0aa05b5453c81,IQ_54291f6d98eec1,2026-08-29T12:00:00Z,EMAIL,21,1
VE_1d312c2732eb4d,VE_efc5c572b933a0,IQ_54291f6d98eec1,2026-09-08T12:00:00Z,EMAIL,24,1
VE_1d8b0094520013,VE_13b9277a8de654,IQ_942e78f7757950,2026-10-07T12:00:00Z,EMAIL,11,1
VE_1ebcdea3a5c001,VE_b30bbcd0283192,IQ_20c20d0e8b3a1d,2026-09-11T12:00:00Z,EMAIL,13,1
VE_1ed96e47f5e456,VE_5242a39c00d8d1,IQ_20c20d0e8b3a1d,2026-08-11T12:00:00Z,EMAIL,22,1
VE_1f1181dc6535f5,VE_55b3a4a96dcd4b,IQ_135d4a97820502,2026-07-29T12:00:00Z,EMAIL,23,1
VE_1f953fbc073bc3,VE_2b4a021b059e8d,IQ_20c20d0e8b3a1d,2026-07-30T12:00:00Z,EMAIL,10,1
VE_1fc518c4ef1e2e,VE_18dc7b377bf025,IQ_20c20d0e8b3a1d,2026-10-05T12:00:00Z,EMAIL,19,1
VE_20bd2eafae9c8d,VE_3db35dc532eeaa,IQ_54291f6d98eec1,2026-10-08T12:00:00Z,EMAIL,17,1
VE_21ad5fb4f1bd99,VE_68cbed40f85d0c,IQ_54291f6d98eec1,2026-10-05T12:00:00Z,EMAIL,24,1
VE_21cd201c0f78a3,VE_795919f196307c,IQ_135d4a97820502,2026-10-02T12:00:00Z,EMAIL,17,1
VE_21d43a2664cc21,VE_d2f60a2db02aef,IQ_135d4a97820502,2026-09-18T12:00:00Z,EMAIL,28,1
VE_2232b861ab3266,VE_019d423b5431cd,IQ_135d4a97820502,2026-10-02T12:00:00Z,EMAIL,29,1
VE_223eb96ecb611e,VE_f0aa05b5453c81,IQ_54291f6d98eec1,2026-08-09T12:00:00Z,EMAIL,16,1
VE_2278d2bde55a0e,VE_00200d85af3a5e,IQ_54291f6d98eec1,2026-10-10T12:00:00Z,EMAIL,18,1
VE_22af7ee81eab2d,VE_f6aa1bee7ea532,IQ_20c20d0e8b3a1d,2026-08-21T12:00:00Z,EMAIL,30,1
VE_2332c86e370f79,VE_648e26eb72a912,IQ_54291f6d98eec1,2026-10-02T12:00:00Z,EMAIL,15,1
VE_23982f095b65b2,VE_09a95a08cec401,IQ_54291f6d98eec1,2026-10-04T12:00:00Z,EMAIL,21,1
VE_23e6a798eccd72,VE_220839ebc4b310,IQ_942e78f7757950,2026-10-06T12:00:00Z,EMAIL,28,1
VE_2563ed752f0d28,VE_762f6137cedac0,IQ_135d4a97820502,2026-08-13T12:00:00Z,EMAIL,22,1
VE_25f31f4781d208,VE_0de10f49034d81,IQ_135d4a97820502,2026-09-07T12:00:00Z,EMAIL,20,1
VE_260d5066e1328d,VE_d0c66dff2154e0,IQ_135d4a97820502,2026-07-18T12:00:00Z,EMAIL,21,1
VE_2629e34d328f5b,VE_461597a2f31e56,IQ_942e78f7757950,2026-09-08T12:00:00Z,EMAIL,25,1
VE_26848802bb5097,VE_2ab76b6dc62d3f,IQ_54291f6d98eec1,2026-10-07T12:00:00Z,EMAIL,18,1
VE_2695728bf08f5d,VE_a2c3a87dcd2ea9,IQ_20c20d0e8b3a1d,2026-07-25T12:00:00Z,EMAIL,11,1
VE_269cf5cd886ed1,VE_71c6f2cbc212be,IQ_942e78f7757950,2026-07-26T12:00:00Z,EMAIL,22,1
VE_26c3a78f30f5c4,VE_8424de3c920d5a,IQ_135d4a97820502,2026-10-08T12:00:00Z,EMAIL,27,1
VE_2757c6f572237d,VE_ec5e23b049025d,IQ_942e78f7757950,2026-07-23T12:00:00Z,EMAIL,28,1
VE_27d6e4818b86c3,VE_6c50a25ebbfdb7,IQ_54291f6d98eec1,2026-10-09T12:00:00Z,EMAIL,17,1
VE_281da229faad54,VE_5224307aa49566,SYN_UNKNOWN_PRODUCT,2026-08-20T12:00:00Z,EMAIL,16,1
VE_286366c88375ab,VE_15d3c0fa902ddf,IQ_54291f6d98eec1,2026-07-26T12:00:00Z,EMAIL,17,1
VE_298583a339fdfe,VE_f6aa1bee7ea532,IQ_942e78f7757950,2026-10-06T12:00:00Z,EMAIL,12,1
VE_29f0f920f5f4dc,VE_e69f3c0c6bfa74,IQ_54291f6d98eec1,2026-10-07T12:00:00Z,EMAIL,26,1
VE_2a731c1aa2e24a,VE_5242a39c00d8d1,IQ_942e78f7757950,2026-10-06T12:00:00Z,EMAIL,20,1
VE_2ac7890fa4c172,VE_c9e6b9f6791e33,IQ_942e78f7757950,2026-07-26T12:00:00Z,EMAIL,29,1
VE_2ad2268499ba65,VE_9f26ead04e3578,IQ_942e78f7757950,2026-07-26T12:00:00Z,EMAIL,30,1
VE_2cfaa7d3c9e974,VE_ef15b7e7974b5e,IQ_135d4a97820502,2026-10-04T12:00:00Z,EMAIL,11,1
VE_2cfe522afe83f4,VE_3f04d25ee860f8,IQ_54291f6d98eec1,2026-08-31T12:00:00Z,EMAIL,11,1
VE_2d4bc7747d33f7,VE_65d53058353f53,IQ_20c20d0e8b3a1d,2026-10-06T12:00:00Z,EMAIL,18,1
VE_2da2cbb4afd7c4,VE_5d713f468b86c0,IQ_942e78f7757950,2026-10-09T12:00:00Z,EMAIL,26,1
VE_2da93a98c95d01,VE_5242a39c00d8d1,IQ_20c20d0e8b3a1d,2026-07-30T12:00:00Z,EMAIL,12,1
VE_2e3b186ac7b810,VE_e287c0f35813a6,IQ_942e78f7757950,2026-10-02T12:00:00Z,EMAIL,16,1
VE_2e9ad91a136bde,VE_f0aa05b5453c81,IQ_54291f6d98eec1,2026-08-16T12:00:00Z,EMAIL,11,1
VE_2efe96409a1e13,VE_09a95a08cec401,IQ_54291f6d98eec1,2026-10-08T12:00:00Z,EMAIL,21,1
VE_2f48ddc257c089,VE_75c6827cd263b2,IQ_20c20d0e8b3a1d,2026-10-05T12:00:00Z,EMAIL,23,1
VE_2f4a257078d850,VE_019d423b5431cd,IQ_54291f6d98eec1,2026-08-06T12:00:00Z,EMAIL,21,1
VE_2f4eae9b8fb25a,VE_4dd886b7fab240,IQ_135d4a97820502,2026-10-04T12:00:00Z,EMAIL,15,1
VE_3121094928fc69,VE_c2e7fbe2a923c5,IQ_20c20d0e8b3a1d,2026-10-04T12:00:00Z,EMAIL,28,1
VE_318e2e4ac904e1,VE_c741402a6c12a6,IQ_942e78f7757950,2026-07-20T12:00:00Z,EMAIL,24,1
VE_320d609563c601,VE_ac8319da259995,IQ_942e78f7757950,2026-10-09T12:00:00Z,EMAIL,22,1
VE_326f98ed1975e3,VE_ff1e01ba239fb4,IQ_20c20d0e8b3a1d,2026-08-05T12:00:00Z,EMAIL,12,1
VE_3306d97e08f085,VE_19aac240e21c2a,IQ_20c20d0e8b3a1d,2026-10-08T12:00:00Z,EMAIL,19,2
VE_33d29fafa876fe,VE_c9e6b9f6791e33,IQ_135d4a97820502,2026-10-05T12:00:00Z,EMAIL,26,1
VE_341799e4991f7b,VE_a458a83ce0f04b,IQ_54291f6d98eec1,2026-08-13T12:00:00Z,EMAIL,10,1
VE_344b61eccc5621,VE_d2f50255fa2ba4,IQ_942e78f7757950,2026-09-06T12:00:00Z,EMAIL,12,1
VE_3450c0805b94cc,VE_f7b572b359e4e3,IQ_942e78f7757950,2026-10-10T12:00:00Z,EMAIL,11,1
VE_348d40c845ee68,VE_b30bbcd0283192,IQ_942e78f7757950,2026-10-06T12:00:00Z,EMAIL,12,1
VE_34dc4e3af86166,VE_e287c0f35813a6,IQ_942e78f7757950,2026-10-06T12:00:00Z,EMAIL,16,1
VE_35765da96ff062,VE_a8c0b118f70e90,IQ_20c20d0e8b3a1d,2026-10-03T12:00:00Z,EMAIL,21,1
VE_35c8b95070fa5f,VE_13b9277a8de654,IQ_135d4a97820502,2026-09-26T12:00:00Z,EMAIL,27,1
VE_35ff345fb2c075,VE_265f423ad0ae7e,IQ_20c20d0e8b3a1d,2026-09-27T12:00:00Z,EMAIL,14,1
VE_360964c736dbd1,VE_d0c264607dea04,IQ_135d4a97820502,2026-08-02T12:00:00Z,EMAIL,21,1
VE_36774b4b5441b3,VE_c3d97a4cba0334,IQ_942e78f7757950,2026-10-07T12:00:00Z,EMAIL,15,1
VE_377136686311cb,VE_5224307aa49566,IQ_942e78f7757950,2026-08-07T12:00:00Z,EMAIL,21,1
VE_37d65d455464b0,VE_816a43cfa4bbba,IQ_20c20d0e8b3a1d,2026-10-02T12:00:00Z,EMAIL,26,1
VE_382db139ddfda8,VE_52b1894abf11ea,IQ_20c20d0e8b3a1d,2026-07-23T12:00:00Z,EMAIL,18,1
VE_38b1989d5174f4,VE_795919f196307c,IQ_54291f6d98eec1,2026-08-28T12:00:00Z,EMAIL,30,1
VE_39b4d7e7e75b26,VE_6c50a25ebbfdb7,IQ_20c20d0e8b3a1d,2026-07-23T12:00:00Z,EMAIL,30,1
VE_39f6cc8152811d,VE_15d3c0fa902ddf,IQ_54291f6d98eec1,2026-09-16T12:00:00Z,EMAIL,22,1
VE_3a28bc6f89591b,VE_f37614d88a5207,IQ_20c20d0e8b3a1d,2026-10-08T12:00:00Z,EMAIL,16,1
VE_3a726f9aa2c119,VE_2a83df57539c57,IQ_54291f6d98eec1,2026-08-01T12:00:00Z,EMAIL,20,1
VE_3aa897020b73b9,VE_a8c0b118f70e90,IQ_54291f6d98eec1,2026-08-01T12:00:00Z,EMAIL,22,1
VE_3ab903cb86c781,VE_b30bbcd0283192,IQ_20c20d0e8b3a1d,2026-09-11T12:00:00Z,EMAIL,24,1
VE_3ad8e65bba032b,VE_71533239b71955,IQ_20c20d0e8b3a1d,2026-10-02T12:00:00Z,EMAIL,14,1
VE_3bab56ec665594,VE_42b7e02b086268,IQ_54291f6d98eec1,2026-10-11T12:00:00Z,EMAIL,17,1
VE_3be166b86438fc,VE_65d53058353f53,IQ_942e78f7757950,2026-07-31T12:00:00Z,EMAIL,10,1
VE_3bfe6d7b510aa0,VE_8424de3c920d5a,IQ_135d4a97820502,2026-08-23T12:00:00Z,EMAIL,27,1
VE_3c08c783da8c63,VE_5b53424a8fb530,IQ_20c20d0e8b3a1d,2026-10-11T12:00:00Z,EMAIL,16,1
VE_3c3f39bf1c6de8,VE_d0c264607dea04,IQ_135d4a97820502,2026-09-13T12:00:00Z,EMAIL,10,1
VE_3c9920cdd106a6,VE_e69f3c0c6bfa74,IQ_942e78f7757950,2026-09-20T12:00:00Z,EMAIL,17,1
VE_3d1740bd6c58c0,VE_5f0143593aa9a7,IQ_135d4a97820502,2026-10-07T12:00:00Z,EMAIL,28,1
VE_3d1bdf5cc9129e,VE_3c1f574e00e61d,IQ_942e78f7757950,2026-10-04T12:00:00Z,EMAIL,22,1
VE_3d574f86f983d8,VE_0642a2000cd8ac,IQ_135d4a97820502,2026-07-28T12:00:00Z,EMAIL,13,1
VE_3d8257c48e8762,VE_c2e7fbe2a923c5,IQ_20c20d0e8b3a1d,2026-10-08T12:00:00Z,EMAIL,28,1
VE_3d8dc7aca2cbd9,VE_ff74cf7f1992a8,IQ_135d4a97820502,2026-09-22T12:00:00Z,EMAIL,29,1
VE_3dd6db24f7ef13,VE_02fcb1978f6c90,IQ_54291f6d98eec1,2026-10-08T12:00:00Z,EMAIL,29,1
VE_3f2f42f19d7c03,VE_3286b39eada443,IQ_20c20d0e8b3a1d,2026-10-06T12:00:00Z,EMAIL,14,1
VE_407db569cb23fc,VE_5224307aa49566,IQ_942e78f7757950,2026-10-04T12:00:00Z,EMAIL,26,1
VE_409a814d917d3a,VE_b30bbcd0283192,IQ_20c20d0e8b3a1d,2026-09-15T12:00:00Z,EMAIL,29,1
VE_4174d9fedc1abb,VE_ff1e01ba239fb4,IQ_942e78f7757950,2026-10-02T12:00:00Z,EMAIL,16,1
VE_42b9b5a17cc18a,VE_983800ac45775c,IQ_54291f6d98eec1,2026-08-26T12:00:00Z,EMAIL,28,1
VE_42e293ca36b8ed,VE_75c6827cd263b2,IQ_135d4a97820502,2026-09-22T12:00:00Z,EMAIL,16,1
VE_43ac1ca8880b00,VE_4dd886b7fab240,IQ_135d4a97820502,2026-10-08T12:00:00Z,EMAIL,15,1
VE_4470f28c183858,VE_6c50a25ebbfdb7,IQ_20c20d0e8b3a1d,2026-09-02T12:00:00Z,EMAIL,14,1
VE_44711b2fb816de,VE_5f0143593aa9a7,IQ_135d4a97820502,2026-10-03T12:00:00Z,EMAIL,28,1
VE_451ce17aa468a4,VE_5d713f468b86c0,IQ_54291f6d98eec1,2026-07-26T12:00:00Z,EMAIL,23,1
VE_4571b856b4b788,VE_795919f196307c,IQ_135d4a97820502,2026-10-10T12:00:00Z,EMAIL,20,1
VE_45d86101351940,VE_71533239b71955,IQ_20c20d0e8b3a1d,2026-10-06T12:00:00Z,EMAIL,14,1
VE_463fa922dbf03a,VE_5d713f468b86c0,IQ_54291f6d98eec1,2026-08-11T12:00:00Z,EMAIL,18,1
VE_4644d58ef28cb9,VE_88d7ba522fc46c,IQ_135d4a97820502,2026-10-07T12:00:00Z,EMAIL,20,1
VE_47334a3302e46b,VE_19aac240e21c2a,IQ_942e78f7757950,2026-10-03T12:00:00Z,EMAIL,19,1
VE_479a254ad85160,VE_0de10f49034d81,IQ_135d4a97820502,2026-08-27T12:00:00Z,EMAIL,30,1
VE_481496e4a83812,VE_b30bbcd0283192,IQ_942e78f7757950,2026-10-02T12:00:00Z,EMAIL,12,1
VE_4823d326c7ca30,VE_6c50a25ebbfdb7,IQ_54291f6d98eec1,2026-10-05T12:00:00Z,EMAIL,16,1
VE_487d71008bca17,VE_02fcb1978f6c90,IQ_54291f6d98eec1,2026-09-21T12:00:00Z,EMAIL,29,1
VE_489a372d683723,VE_3db35dc532eeaa,IQ_54291f6d98eec1,2026-09-08T12:00:00Z,EMAIL,21,1
VE_4919998abadb1d,VE_55b3a4a96dcd4b,IQ_942e78f7757950,2026-10-11T12:00:00Z,EMAIL,10,1
VE_49510fcdfcdffc,VE_a8c0b118f70e90,IQ_54291f6d98eec1,2026-08-30T12:00:00Z,EMAIL,17,1
VE_4a53de95f6ff98,VE_a462cf78c4602e,IQ_135d4a97820502,2026-10-03T12:00:00Z,EMAIL,24,1
VE_4ab4795ddee3d5,VE_6884d78be1e27f,IQ_135d4a97820502,2026-08-21T12:00:00Z,EMAIL,20,1
VE_4b07855f4fd991,VE_ecb874ff3e1b04,IQ_942e78f7757950,2026-08-24T12:00:00Z,EMAIL,20,1
VE_4bd2e54c146ef0,VE_52b1894abf11ea,IQ_20c20d0e8b3a1d,2026-08-25T12:00:00Z,EMAIL,13,1
VE_4bf0d7dff21fb5,VE_55aba8abe027dc,IQ_135d4a97820502,2026-10-09T12:00:00Z,EMAIL,19,1
VE_4d304fb2c4b9e4,VE_ff74cf7f1992a8,IQ_54291f6d98eec1,2026-10-02T12:00:00Z,EMAIL,27,1
VE_4e3a335df4d61e,VE_4ae72a089dd8cb,IQ_20c20d0e8b3a1d,2026-09-18T00:00:00Z,EMAIL,16,1
VE_4efc9d92370139,VE_efc5c572b933a0,IQ_54291f6d98eec1,2026-10-04T12:00:00Z,EMAIL,25,1
VE_4fa90090127366,VE_f6aa1bee7ea532,IQ_20c20d0e8b3a1d,2026-08-02T12:00:00Z,EMAIL,14,1
VE_4fe57c4674c296,VE_d2f50255fa2ba4,IQ_942e78f7757950,2026-08-20T12:00:00Z,EMAIL,17,1
VE_50c474068ebcb6,VE_c21dfac4ce6526,IQ_54291f6d98eec1,2026-09-15T12:00:00Z,EMAIL,17,1
VE_510beebbb5d222,VE_0642a2000cd8ac,IQ_54291f6d98eec1,2026-10-10T12:00:00Z,EMAIL,14,1
VE_5176780135b757,VE_866e2cf66246a5,IQ_942e78f7757950,2026-08-26T12:00:00Z,EMAIL,18,1
VE_52943aeaca452a,VE_81bb42b4d03067,IQ_135d4a97820502,2026-10-08T12:00:00Z,EMAIL,19,1
VE_52c4c46f8eb95a,VE_9f26ead04e3578,IQ_942e78f7757950,2026-10-04T12:00:00Z,EMAIL,10,1
VE_52f9a4cf717186,VE_5242a39c00d8d1,IQ_942e78f7757950,2026-10-10T12:00:00Z,EMAIL,23,1
VE_53fbf3a6b1852c,VE_e69f3c0c6bfa74,IQ_942e78f7757950,2026-08-11T12:00:00Z,EMAIL,27,1
VE_541a2f80cfa84d,VE_b66c5c0e5ee149,IQ_20c20d0e8b3a1d,2026-08-01T12:00:00Z,EMAIL,28,1
VE_54bdd501b17f6d,VE_2ab76b6dc62d3f,IQ_942e78f7757950,2026-08-22T12:00:00Z,EMAIL,13,1
VE_5567a28208fb8a,VE_2ab76b6dc62d3f,IQ_54291f6d98eec1,2026-10-03T12:00:00Z,EMAIL,18,1
VE_5631c671e0425d,VE_18dc7b377bf025,IQ_20c20d0e8b3a1d,2026-10-09T12:00:00Z,EMAIL,20,1
VE_571d0b709dacd9,VE_02fcb1978f6c90,IQ_54291f6d98eec1,2026-10-04T12:00:00Z,EMAIL,29,1
VE_58f7e612ec692d,VE_f0aa05b5453c81,IQ_54291f6d98eec1,2026-10-08T12:00:00Z,EMAIL,21,1
VE_591f65baa8a075,VE_a3b69a88749cb3,IQ_54291f6d98eec1,2026-08-05T12:00:00Z,EMAIL,14,1
VE_59ac564b80b7be,VE_5224307aa49566,IQ_942e78f7757950,2026-10-08T12:00:00Z,EMAIL,26,1
VE_59baf3317dd984,VE_3f04d25ee860f8,IQ_135d4a97820502,2026-10-10T12:00:00Z,EMAIL,12,1
VE_59d962ee6cc906,VE_8424de3c920d5a,IQ_20c20d0e8b3a1d,2026-08-24T12:00:00Z,EMAIL,11,2
VE_59e69b3bd97a4a,VE_e287c0f35813a6,IQ_20c20d0e8b3a1d,2026-08-08T12:00:00Z,EMAIL,18,1
VE_5a08c5f0b6d3e3,VE_019d423b5431cd,IQ_135d4a97820502,2026-10-06T12:00:00Z,EMAIL,29,1
VE_5a90d1f0179dbc,VE_220839ebc4b310,IQ_942e78f7757950,2026-10-10T12:00:00Z,EMAIL,11,1
VE_5c116b3bace348,VE_795919f196307c,IQ_54291f6d98eec1,2026-08-18T12:00:00Z,EMAIL,14,1
VE_5cb76964a20361,VE_00200d85af3a5e,IQ_54291f6d98eec1,2026-10-06T12:00:00Z,EMAIL,15,1
VE_5d84bfa56554ec,VE_55aba8abe027dc,IQ_135d4a97820502,2026-10-05T12:00:00Z,EMAIL,18,1
VE_5d9711d11ccab6,VE_c3d97a4cba0334,IQ_135d4a97820502,2026-08-21T12:00:00Z,EMAIL,15,1
VE_5dc57cc847ca8e,VE_c5029abcf98cbb,IQ_20c20d0e8b3a1d,2026-10-07T12:00:00Z,EMAIL,25,1
VE_5e6f0be52d8294,VE_e046679fa7995d,IQ_942e78f7757950,2026-10-03T12:00:00Z,EMAIL,23,1
VE_5eb6dc812f2f2b,VE_a462cf78c4602e,IQ_20c20d0e8b3a1d,2026-07-23T12:00:00Z,EMAIL,25,1
VE_5ee5b7d2a166ac,VE_52b1894abf11ea,IQ_54291f6d98eec1,2026-10-09T12:00:00Z,EMAIL,21,1
VE_5fcc5306282e95,VE_d2f60a2db02aef,IQ_135d4a97820502,2026-07-23T12:00:00Z,EMAIL,12,1
VE_60f8d949708a53,VE_0de10f49034d81,IQ_20c20d0e8b3a1d,2026-10-05T12:00:00Z,EMAIL,27,1
VE_6149186411ceca,VE_461597a2f31e56,IQ_942e78f7757950,2026-09-06T12:00:00Z,EMAIL,20,1
VE_6184151ea37929,VE_3286b39eada443,IQ_942e78f7757950,2026-08-12T12:00:00Z,EMAIL,16,1
VE_6208512a4dd9d0,VE_33050ef927a762,IQ_135d4a97820502,2026-10-06T12:00:00Z,EMAIL,13,1
VE_621c192cdea03b,VE_5b53424a8fb530,IQ_54291f6d98eec1,2026-09-25T12:00:00Z,EMAIL,24,1
VE_62a0f3035fa17c,VE_48d952748ec6b5,IQ_20c20d0e8b3a1d,2026-08-04T12:00:00Z,EMAIL,10,1
VE_62a60c1b1aefb7,VE_d0c66dff2154e0,IQ_54291f6d98eec1,2026-10-02T12:00:00Z,EMAIL,19,1
VE_6353b3d2e5d04b,VE_b66c5c0e5ee149,IQ_135d4a97820502,2026-10-03T12:00:00Z,EMAIL,12,1
VE_63653455eafacd,VE_c259796efa90aa,IQ_942e78f7757950,2026-10-05T12:00:00Z,EMAIL,13,1
VE_645392e2eb2b58,VE_10178ff56ce0e0,IQ_20c20d0e8b3a1d,2026-09-29T12:00:00Z,EMAIL,27,1
VE_6460e2e9d793e8,VE_ecb874ff3e1b04,IQ_135d4a97820502,2026-10-09T12:00:00Z,EMAIL,23,1
VE_64fe4607f87c22,VE_55b3a4a96dcd4b,IQ_135d4a97820502,2026-09-15T12:00:00Z,EMAIL,28,1
VE_654ffcedd1849e,VE_c9e6b9f6791e33,IQ_135d4a97820502,2026-10-09T12:00:00Z,EMAIL,27,1
VE_67862224fde4fd,VE_f0aa05b5453c81,IQ_20c20d0e8b3a1d,2026-10-03T12:00:00Z,EMAIL,21,1
VE_67e335fd38c79b,VE_36e6cf63d8128b,IQ_54291f6d98eec1,2026-10-11T12:00:00Z,EMAIL,13,1
VE_6863e9302522b9,VE_3f04d25ee860f8,IQ_54291f6d98eec1,2026-08-17T12:00:00Z,EMAIL,27,1
VE_68826f46c09493,VE_c22fd8263ec79a,IQ_54291f6d98eec1,2026-10-08T12:00:00Z,EMAIL,13,1
VE_69f5768e905cd2,VE_ec5e23b049025d,IQ_942e78f7757950,2026-09-19T12:00:00Z,EMAIL,17,1
VE_6a2835be337a37,VE_7d706a6b6b20ba,IQ_20c20d0e8b3a1d,2026-10-03T12:00:00Z,EMAIL,29,1
VE_6aa9a23c400bb2,VE_e287c0f35813a6,IQ_20c20d0e8b3a1d,2026-09-15T12:00:00Z,EMAIL,29,1
VE_6b6a225ec3d8b0,VE_4ae72a089dd8cb,IQ_20c20d0e8b3a1d,2026-07-27T12:00:00Z,EMAIL,27,1
VE_6bf4e082a7a9da,VE_4dd886b7fab240,IQ_135d4a97820502,2026-09-12T12:00:00Z,EMAIL,14,1
VE_6c564a9e076311,VE_4dd886b7fab240,IQ_135d4a97820502,2026-08-26T12:00:00Z,EMAIL,19,1
VE_6c7fce45b04001,VE_4dd886b7fab240,IQ_135d4a97820502,2026-09-07T12:00:00Z,EMAIL,30,1
VE_6c865d760da2dd,VE_3286b39eada443,IQ_942e78f7757950,2026-08-01T12:00:00Z,EMAIL,27,1
VE_6c9e00b9fdbe4c,VE_c5029abcf98cbb,IQ_20c20d0e8b3a1d,2026-10-11T12:00:00Z,EMAIL,28,1
VE_6d1ed4116d56fe,VE_efc5c572b933a0,IQ_54291f6d98eec1,2026-09-09T12:00:00Z,EMAIL,19,1
VE_6de19f6928474f,VE_ecb874ff3e1b04,IQ_942e78f7757950,2026-07-26T12:00:00Z,EMAIL,25,1
VE_6e4a006d729cec,VE_6c50a25ebbfdb7,IQ_20c20d0e8b3a1d,2026-09-15T12:00:00Z,EMAIL,19,1
VE_6e9329a8900897,VE_e046679fa7995d,IQ_135d4a97820502,2026-09-02T12:00:00Z,EMAIL,24,1
VE_6f63bd92b6c3b7,VE_5b53424a8fb530,IQ_20c20d0e8b3a1d,2026-10-03T12:00:00Z,EMAIL,13,1
VE_70857273a3e5d6,VE_55aba8abe027dc,IQ_942e78f7757950,2026-07-19T12:00:00Z,EMAIL,21,1
VE_710a8219f8eff6,VE_88d7ba522fc46c,IQ_135d4a97820502,2026-10-03T12:00:00Z,EMAIL,20,1
VE_71501191be342c,VE_33050ef927a762,IQ_54291f6d98eec1,2026-08-10T12:00:00Z,EMAIL,26,1
VE_716d39412384d9,VE_ff74cf7f1992a8,IQ_135d4a97820502,2026-07-18T12:00:00Z,EMAIL,19,1
VE_71957d803e155f,VE_71c6f2cbc212be,IQ_942e78f7757950,2026-07-30T12:00:00Z,EMAIL,11,1
VE_71979d3e17c02c,VE_2ab76b6dc62d3f,IQ_942e78f7757950,2026-09-29T12:00:00Z,EMAIL,29,1
VE_72890392d3025f,VE_5b9bf1816d8032,IQ_942e78f7757950,2026-10-11T12:00:00Z,EMAIL,22,1
VE_72fd7c8d8c61a1,VE_4fa2295cdf1979,IQ_54291f6d98eec1,2026-08-17T12:00:00Z,EMAIL,13,1
VE_73112d7dacc47d,VE_8424de3c920d5a,IQ_135d4a97820502,2026-10-04T12:00:00Z,EMAIL,27,1
VE_736aa452d027c2,VE_ff74cf7f1992a8,IQ_135d4a97820502,2026-07-23T12:00:00Z,EMAIL,24,1
VE_745f2d4f894353,VE_55b3a4a96dcd4b,IQ_135d4a97820502,2026-07-24T12:00:00Z,EMAIL,18,1
VE_7524c08289b2fe,VE_33050ef927a762,IQ_54291f6d98eec1,2026-09-15T12:00:00Z,EMAIL,10,1
VE_7685478102f165,VE_15d3c0fa902ddf,IQ_135d4a97820502,2026-10-02T12:00:00Z,EMAIL,25,1
VE_76f28c45d07cdb,VE_00200d85af3a5e,IQ_942e78f7757950,2026-10-02T12:00:00Z,EMAIL,15,2
VE_76fb5e19dd2341,VE_e1f7a3fa04897e,IQ_135d4a97820502,2026-09-26T12:00:00Z,EMAIL,29,1
VE_771d939e712bf2,VE_c259796efa90aa,IQ_54291f6d98eec1,2026-08-12T12:00:00Z,EMAIL,11,1
VE_772d4c866d8a1a,VE_0f62242676d406,IQ_942e78f7757950,2026-08-04T12:00:00Z,EMAIL,14,1
VE_78842d8bf709df,VE_795919f196307c,IQ_135d4a97820502,2026-10-06T12:00:00Z,EMAIL,17,1
VE_789e81cd33f4e1,VE_b66c5c0e5ee149,IQ_135d4a97820502,2026-10-07T12:00:00Z,EMAIL,12,1
VE_79a7fd7f62a063,VE_e69f3c0c6bfa74,IQ_942e78f7757950,2026-09-14T12:00:00Z,EMAIL,22,1
VE_7a3d627bcde4b9,VE_00200d85af3a5e,IQ_135d4a97820502,2026-08-19T12:00:00Z,EMAIL,17,1
VE_7acb425fd45ade,VE_c21dfac4ce6526,IQ_20c20d0e8b3a1d,2026-10-03T12:00:00Z,EMAIL,17,1
VE_7c73d4dd993d2b,VE_d1df39975dc133,IQ_54291f6d98eec1,2026-08-28T12:00:00Z,EMAIL,18,1
VE_7c759a8ad68f88,VE_3c1f574e00e61d,IQ_942e78f7757950,2026-09-07T12:00:00Z,EMAIL,26,1
VE_7d262ec8db3129,VE_42b7e02b086268,IQ_942e78f7757950,2026-07-30T12:00:00Z,EMAIL,14,1
VE_7e205bf965004b,VE_c741402a6c12a6,IQ_20c20d0e8b3a1d,2026-10-02T12:00:00Z,EMAIL,22,1
VE_7ebdaa8ef8d282,VE_c22fd8263ec79a,IQ_54291f6d98eec1,2026-10-04T12:00:00Z,EMAIL,13,1
VE_7f837b4508c19b,VE_71c6f2cbc212be,IQ_20c20d0e8b3a1d,2026-10-06T12:00:00Z,EMAIL,10,1
VE_800906453789ad,VE_10178ff56ce0e0,IQ_135d4a97820502,2026-10-07T12:00:00Z,EMAIL,16,1
VE_803d41e9ec543a,VE_c2e7fbe2a923c5,IQ_20c20d0e8b3a1d,2026-09-09T12:00:00Z,EMAIL,23,1
VE_808f5cdaa3887e,VE_d0c66dff2154e0,IQ_54291f6d98eec1,2026-10-06T12:00:00Z,EMAIL,19,1
VE_80a8e7b3ef388c,VE_75c6827cd263b2,IQ_20c20d0e8b3a1d,2026-10-09T12:00:00Z,EMAIL,24,1
VE_8213a165069701,VE_36e6cf63d8128b,IQ_942e78f7757950,2026-08-11T12:00:00Z,EMAIL,26,1
VE_832933458b3f8d,VE_5f0143593aa9a7,IQ_20c20d0e8b3a1d,2026-08-25T12:00:00Z,EMAIL,29,1
VE_83becbc71da0d9,VE_5b9bf1816d8032,IQ_135d4a97820502,2026-08-07T12:00:00Z,EMAIL,15,1
VE_8445b39877df04,VE_d0c66dff2154e0,IQ_54291f6d98eec1,2026-10-10T12:00:00Z,EMAIL,22,1
VE_84af00081f1aef,VE_48d952748ec6b5,IQ_20c20d0e8b3a1d,2026-08-24T12:00:00Z,EMAIL,15,1
VE_851f91a3fb69d7,VE_a3b69a88749cb3,IQ_54291f6d98eec1,2026-08-13T12:00:00Z,EMAIL,30,1
VE_85653470b63f44,VE_5b9bf1816d8032,IQ_135d4a97820502,2026-08-24T12:00:00Z,EMAIL,20,1
VE_85b388eb0dd600,VE_adc8ea3fefbc67,IQ_20c20d0e8b3a1d,2026-09-10T12:00:00Z,EMAIL,26,1
VE_85fc8e7d961bed,VE_7d706a6b6b20ba,IQ_20c20d0e8b3a1d,2026-10-07T12:00:00Z,EMAIL,29,1
VE_8628d586544aed,VE_a2c3a87dcd2ea9,IQ_54291f6d98eec1,2026-10-09T12:00:00Z,EMAIL,29,1
VE_863d8056531d0d,VE_c259796efa90aa,IQ_54291f6d98eec1,2026-09-21T12:00:00Z,EMAIL,27,1
VE_8682eebef199b3,VE_36e6cf63d8128b,IQ_942e78f7757950,2026-09-20T12:00:00Z,EMAIL,21,1
VE_86e929ce68561f,VE_68cbed40f85d0c,IQ_20c20d0e8b3a1d,2026-07-19T12:00:00Z,EMAIL,17,1
VE_86fb46277cae8f,VE_75c6827cd263b2,IQ_135d4a97820502,2026-08-09T12:00:00Z,EMAIL,21,1
VE_876c7857ffd23c,VE_3db35dc532eeaa,IQ_54291f6d98eec1,2026-10-04T12:00:00Z,EMAIL,17,1
VE_8863aaf8e231a1,VE_ac8319da259995,IQ_54291f6d98eec1,2026-08-22T12:00:00Z,EMAIL,19,1
VE_88cf5f1a8d0b27,VE_f6aa1bee7ea532,IQ_942e78f7757950,2026-10-10T12:00:00Z,EMAIL,15,1
VE_88d379777ca986,VE_a3b69a88749cb3,IQ_135d4a97820502,2026-10-02T12:00:00Z,EMAIL,13,1
VE_899a98b8246a80,VE_09a95a08cec401,IQ_54291f6d98eec1,2026-07-21T12:00:00Z,EMAIL,25,1
VE_89d55d27bba581,VE_762f6137cedac0,IQ_135d4a97820502,2026-09-19T12:00:00Z,EMAIL,17,1
VE_8a429aa57e6287,VE_5b53424a8fb530,IQ_54291f6d98eec1,2026-09-30T12:00:00Z,EMAIL,29,1
VE_8a6e42ea226174,VE_adc8ea3fefbc67,IQ_20c20d0e8b3a1d,2026-07-19T12:00:00Z,EMAIL,16,1
VE_8a8243d1f70169,VE_42b7e02b086268,IQ_54291f6d98eec1,2026-10-03T12:00:00Z,EMAIL,14,1
VE_8ae454d2240c41,VE_fa7b71df3f49fe,IQ_20c20d0e8b3a1d,2026-08-23T12:00:00Z,EMAIL,24,1
VE_8bbcb428c1c78d,VE_88d7ba522fc46c,IQ_135d4a97820502,2026-10-11T12:00:00Z,EMAIL,23,1
VE_8c24e4107d3637,VE_c3d97a4cba0334,IQ_135d4a97820502,2026-09-12T12:00:00Z,EMAIL,10,1
VE_8d7ae35e3a0a3a,VE_09a95a08cec401,IQ_54291f6d98eec1,2026-08-05T12:00:00Z,EMAIL,20,1
VE_8d7b6e6470cb0b,VE_795919f196307c,IQ_54291f6d98eec1,2026-07-28T12:00:00Z,EMAIL,19,1
VE_8d927e5577d3ed,VE_ec5e23b049025d,IQ_942e78f7757950,2026-08-04T12:00:00Z,EMAIL,12,1
VE_8dabd8ce6934c9,VE_d0c264607dea04,IQ_54291f6d98eec1,2026-10-05T12:00:00Z,EMAIL,27,2
VE_8de07c1e46bbbc,VE_fa7b71df3f49fe,IQ_20c20d0e8b3a1d,2026-09-18T12:00:00Z,EMAIL,14,1
VE_8e7e9307a4a859,VE_71c6f2cbc212be,IQ_20c20d0e8b3a1d,2026-10-10T12:00:00Z,EMAIL,13,1
VE_8f2ea92978ae72,VE_ef15b7e7974b5e,IQ_135d4a97820502,2026-09-01T12:00:00Z,EMAIL,26,1
VE_8fad16f0522f39,VE_6884d78be1e27f,IQ_54291f6d98eec1,2026-10-06T12:00:00Z,EMAIL,23,1
VE_8fe8b8d176ac9d,VE_d0c264607dea04,IQ_20c20d0e8b3a1d,2026-10-09T12:00:00Z,EMAIL,28,1
VE_8ff311227821a1,VE_13b9277a8de654,IQ_942e78f7757950,2026-10-03T12:00:00Z,EMAIL,11,1
VE_8ff508afd7aaa3,VE_65d53058353f53,IQ_20c20d0e8b3a1d,2026-10-10T12:00:00Z,EMAIL,21,1
VE_9001b2095a8df4,VE_7d706a6b6b20ba,IQ_20c20d0e8b3a1d,2026-10-11T12:00:00Z,EMAIL,12,1
VE_908d2db37325e7,VE_c2e7fbe2a923c5,IQ_20c20d0e8b3a1d,2026-07-25T12:00:00Z,EMAIL,28,1
VE_90a34ff1364403,VE_a2c3a87dcd2ea9,IQ_20c20d0e8b3a1d,2026-08-13T12:00:00Z,EMAIL,27,1
VE_90af68cc071e5b,VE_adc8ea3fefbc67,IQ_942e78f7757950,2026-10-10T12:00:00Z,EMAIL,27,1
VE_9135fd2f206592,VE_68cbed40f85d0c,IQ_54291f6d98eec1,2026-10-09T12:00:00Z,EMAIL,25,1
VE_91456762635e05,VE_19aac240e21c2a,IQ_135d4a97820502,2026-09-21T12:00:00Z,EMAIL,19,1
VE_9151b6f24e42b8,VE_f7b572b359e4e3,IQ_20c20d0e8b3a1d,2026-07-18T12:00:00Z,EMAIL,26,1
VE_923102ea29460a,VE_4ae72a089dd8cb,IQ_20c20d0e8b3a1d,2026-10-04T12:00:00Z,EMAIL,12,1
VE_9244433751938f,VE_c666897cc2aab7,IQ_20c20d0e8b3a1d,2026-10-04T12:00:00Z,EMAIL,23,2
VE_92c80e8ca4d2df,VE_b1422f3824524b,IQ_942e78f7757950,2026-10-01T12:00:00Z,EMAIL,20,1
VE_938d25ef3b8d4d,VE_15d3c0fa902ddf,IQ_54291f6d98eec1,2026-07-21T12:00:00Z,EMAIL,27,1
VE_939525eba8765a,VE_efc5c572b933a0,IQ_54291f6d98eec1,2026-08-17T12:00:00Z,EMAIL,29,1
VE_93dcd5049f45c1,VE_8424de3c920d5a,IQ_135d4a97820502,2026-09-07T12:00:00Z,EMAIL,22,1
VE_942ae9040c88df,VE_3c1f574e00e61d,IQ_942e78f7757950,2026-10-08T12:00:00Z,EMAIL,22,1
VE_942effc7f5fd5a,VE_019d423b5431cd,IQ_135d4a97820502,2026-10-10T12:00:00Z,EMAIL,12,1
VE_94952fb4eda654,VE_c7ffe93286345e,IQ_942e78f7757950,2026-07-29T12:00:00Z,EMAIL,13,1
VE_9497d2af32d8fd,VE_a462cf78c4602e,IQ_20c20d0e8b3a1d,2026-08-24T12:00:00Z,EMAIL,15,1
VE_96cf2cb31a1c02,VE_0642a2000cd8ac,IQ_942e78f7757950,2026-10-06T12:00:00Z,EMAIL,11,2
VE_9837bc49520882,VE_c5029abcf98cbb,IQ_20c20d0e8b3a1d,2026-10-03T12:00:00Z,EMAIL,25,1
VE_985a0ec2b935e0,VE_648e26eb72a912,IQ_135d4a97820502,2026-08-19T12:00:00Z,EMAIL,11,1
VE_98bfe90305d57f,VE_d2f60a2db02aef,IQ_54291f6d98eec1,2026-10-02T12:00:00Z,EMAIL,11,1
VE_9903fa458ab76e,VE_0f62242676d406,IQ_942e78f7757950,2026-09-04T12:00:00Z,EMAIL,30,1
VE_996cff4d2cf8ba,VE_a462cf78c4602e,IQ_135d4a97820502,2026-10-11T12:00:00Z,EMAIL,27,1
VE_99ad215d2019a4,VE_d0c264607dea04,IQ_135d4a97820502,2026-08-06T12:00:00Z,EMAIL,26,1
VE_9a3dac72ff921a,VE_adc8ea3fefbc67,IQ_942e78f7757950,2026-10-02T12:00:00Z,EMAIL,24,1
VE_9a91fc04afd295,VE_b66c5c0e5ee149,IQ_20c20d0e8b3a1d,2026-09-07T12:00:00Z,EMAIL,23,1
VE_9aa66c6a35030f,VE_e287c0f35813a6,IQ_942e78f7757950,2026-10-10T12:00:00Z,EMAIL,19,1
VE_9b2009896ebfb8,VE_f37614d88a5207,IQ_20c20d0e8b3a1d,2026-07-26T12:00:00Z,EMAIL,15,1
VE_9b2426171b4101,VE_00200d85af3a5e,IQ_135d4a97820502,2026-07-26T12:00:00Z,EMAIL,12,1
VE_9b53e307f77281,VE_b66c5c0e5ee149,IQ_20c20d0e8b3a1d,2026-08-18T12:00:00Z,EMAIL,12,1
VE_9c8beb35885ee1,VE_0de10f49034d81,IQ_942e78f7757950,2026-10-10T12:00:00Z,EMAIL,10,2
VE_9c90933b48dfe3,VE_f7b572b359e4e3,IQ_54291f6d98eec1,2026-10-05T12:00:00Z,EMAIL,28,1
VE_9dff0c14b87d2d,VE_648e26eb72a912,IQ_135d4a97820502,2026-08-28T12:00:00Z,EMAIL,16,1
VE_9e189037a00c10,VE_816a43cfa4bbba,IQ_942e78f7757950,2026-09-15T12:00:00Z,EMAIL,23,1
VE_9fe9bc9d553df3,VE_52b1894abf11ea,IQ_54291f6d98eec1,2026-10-05T12:00:00Z,EMAIL,20,1
VE_a077bc0da413f0,VE_3f04d25ee860f8,IQ_942e78f7757950,2026-10-05T12:00:00Z,EMAIL,29,1
VE_a08200b6e15ac5,VE_71c6f2cbc212be,IQ_942e78f7757950,2026-08-11T12:00:00Z,EMAIL,27,1
VE_a0acc0c1226a4c,VE_816a43cfa4bbba,IQ_20c20d0e8b3a1d,2026-10-06T12:00:00Z,EMAIL,26,1
VE_a137de40d04863,VE_81bb42b4d03067,IQ_135d4a97820502,2026-08-21T12:00:00Z,EMAIL,13,1
VE_a1f86e3371ec70,VE_100f0e81f859d7,IQ_135d4a97820502,2026-10-05T12:00:00Z,EMAIL,10,1
VE_a253d16e23843e,VE_983800ac45775c,IQ_54291f6d98eec1,2026-09-10T12:00:00Z,EMAIL,23,1
VE_a28c0280430218,VE_5242a39c00d8d1,IQ_20c20d0e8b3a1d,2026-09-15T12:00:00Z,EMAIL,17,1
VE_a33c6859b51658,VE_4fa2295cdf1979,IQ_54291f6d98eec1,2026-07-25T12:00:00Z,EMAIL,29,1
VE_a347b8135401fd,VE_0642a2000cd8ac,IQ_135d4a97820502,2026-08-10T12:00:00Z,EMAIL,29,1
VE_a3c8f02276e595,VE_e1f7a3fa04897e,IQ_135d4a97820502,2026-09-15T12:00:00Z,EMAIL,18,1
VE_a3f6e9d321857b,VE_48d952748ec6b5,IQ_20c20d0e8b3a1d,2026-09-11T12:00:00Z,EMAIL,26,1
VE_a42408ecf32424,VE_b66c5c0e5ee149,IQ_135d4a97820502,2026-10-11T12:00:00Z,EMAIL,15,1
VE_a4271e321ad6b6,VE_71533239b71955,IQ_942e78f7757950,2026-08-29T12:00:00Z,EMAIL,10,1
VE_a560face4f0e91,VE_ff1e01ba239fb4,IQ_135d4a97820502,2026-10-11T12:00:00Z,EMAIL,19,1
VE_a5e92d5315a189,VE_c7ffe93286345e,IQ_942e78f7757950,2026-09-10T12:00:00Z,EMAIL,24,1
VE_a622e05a67b1d2,VE_3f04d25ee860f8,IQ_54291f6d98eec1,2026-07-20T12:00:00Z,EMAIL,22,1
VE_a6442e3b448b4f,VE_e1f7a3fa04897e,IQ_20c20d0e8b3a1d,2026-10-05T12:00:00Z,EMAIL,15,1
VE_a6cc169487b75b,VE_265f423ad0ae7e,IQ_20c20d0e8b3a1d,2026-10-08T12:00:00Z,EMAIL,20,1
VE_a704582411a54e,VE_5f0143593aa9a7,IQ_135d4a97820502,2026-10-11T12:00:00Z,EMAIL,11,1
VE_a7457ef6a8e7be,VE_e1f7a3fa04897e,IQ_135d4a97820502,2026-09-14T12:00:00Z,EMAIL,13,1
VE_a795104c22b404,VE_0f62242676d406,IQ_54291f6d98eec1,2026-10-07T12:00:00Z,EMAIL,18,1
VE_a7a634cf742e75,VE_019d423b5431cd,IQ_54291f6d98eec1,2026-09-11T12:00:00Z,EMAIL,10,1
VE_a7c95e4c9d287e,VE_9f26ead04e3578,IQ_942e78f7757950,2026-08-17T12:00:00Z,EMAIL,14,1
VE_a8252b8ce119a6,VE_c9e6b9f6791e33,IQ_942e78f7757950,2026-09-24T12:00:00Z,EMAIL,24,1
VE_a850f4e80818df,VE_f37614d88a5207,IQ_20c20d0e8b3a1d,2026-08-27T12:00:00Z,EMAIL,10,1
VE_aacca5eaa0aa35,VE_c666897cc2aab7,IQ_135d4a97820502,2026-09-04T12:00:00Z,EMAIL,18,1
VE_aae09e56e9cac5,VE_ff74cf7f1992a8,IQ_54291f6d98eec1,2026-10-10T12:00:00Z,EMAIL,10,1
VE_aaef114e84ffe2,VE_a458a83ce0f04b,IQ_942e78f7757950,2026-10-09T12:00:00Z,EMAIL,18,1
VE_ab209422e618fd,VE_fa7b71df3f49fe,IQ_20c20d0e8b3a1d,2026-07-19T12:00:00Z,EMAIL,19,1
VE_ab80f970fdd562,VE_d2f50255fa2ba4,IQ_54291f6d98eec1,2026-10-03T12:00:00Z,EMAIL,22,1
VE_abbd18ce761089,VE_9f26ead04e3578,IQ_942e78f7757950,2026-10-08T12:00:00Z,EMAIL,10,1
VE_ac3997b5950fb4,VE_15d3c0fa902ddf,IQ_135d4a97820502,2026-10-10T12:00:00Z,EMAIL,28,1
VE_ac7e1cbf74ac1a,VE_19aac240e21c2a,IQ_135d4a97820502,2026-08-19T12:00:00Z,EMAIL,30,1
VE_acc401215e6ecc,VE_983800ac45775c,IQ_942e78f7757950,2026-10-09T12:00:00Z,EMAIL,10,1
VE_ad332844b9384b,VE_461597a2f31e56,IQ_942e78f7757950,2026-10-04T12:00:00Z,EMAIL,26,1
VE_ad406b5deece66,VE_c22fd8263ec79a,IQ_54291f6d98eec1,2026-08-20T12:00:00Z,EMAIL,28,1
VE_adaa01c4fa93ca,VE_18dc7b377bf025,IQ_135d4a97820502,2026-09-01T12:00:00Z,EMAIL,22,1
VE_ae24de7069360c,VE_7d706a6b6b20ba,IQ_54291f6d98eec1,2026-08-20T12:00:00Z,EMAIL,25,1
VE_aeb423a47b34f0,VE_10178ff56ce0e0,IQ_20c20d0e8b3a1d,2026-09-12T12:00:00Z,EMAIL,11,1
VE_aec39cd9685e53,VE_ff1e01ba239fb4,IQ_20c20d0e8b3a1d,2026-08-06T12:00:00Z,EMAIL,28,1
VE_aed19b5c7ba91b,VE_e287c0f35813a6,IQ_20c20d0e8b3a1d,2026-08-11T12:00:00Z,EMAIL,13,1
VE_afd1d17bd5887b,VE_42b7e02b086268,IQ_942e78f7757950,2026-08-09T12:00:00Z,EMAIL,30,1
VE_b0cf279cfe2cc8,VE_c3d97a4cba0334,IQ_135d4a97820502,2026-07-24T12:00:00Z,EMAIL,26,1
VE_b1128d8c920eb9,VE_0f62242676d406,IQ_54291f6d98eec1,2026-10-11T12:00:00Z,EMAIL,21,1
VE_b207125b6da1c7,VE_220839ebc4b310,IQ_20c20d0e8b3a1d,2026-07-28T12:00:00Z,EMAIL,30,1
VE_b2643f45a200a4,VE_461597a2f31e56,IQ_942e78f7757950,2026-08-23T12:00:00Z,EMAIL,30,1
VE_b2693df54d2356,VE_71533239b71955,IQ_942e78f7757950,2026-08-10T12:00:00Z,EMAIL,15,1
VE_b2c9a18bbc7b57,VE_c7ffe93286345e,IQ_135d4a97820502,2026-10-09T12:00:00Z,EMAIL,11,1
VE_b2cad8727f5e04,VE_65d53058353f53,IQ_942e78f7757950,2026-08-21T12:00:00Z,EMAIL,20,1
VE_b330c7e29aa6a4,VE_a458a83ce0f04b,IQ_54291f6d98eec1,2026-08-17T12:00:00Z,EMAIL,15,1
VE_b3e22e05d48562,VE_c4ed0f0cc1df2c,IQ_20c20d0e8b3a1d,2026-10-04T12:00:00Z,EMAIL,24,1
VE_b3f026ed704bbd,VE_e1f7a3fa04897e,IQ_20c20d0e8b3a1d,2026-10-09T12:00:00Z,EMAIL,16,1
VE_b5c6e9f3a8a4ae,VE_52b1894abf11ea,IQ_20c20d0e8b3a1d,2026-07-27T12:00:00Z,EMAIL,23,1
VE_b5fe9976978931,VE_4fa2295cdf1979,IQ_20c20d0e8b3a1d,2026-10-07T12:00:00Z,EMAIL,17,1
VE_b795cb43bd245f,VE_13b9277a8de654,IQ_135d4a97820502,2026-09-30T12:00:00Z,EMAIL,22,1
VE_b7abdb5cf3a4a3,VE_5f0143593aa9a7,IQ_20c20d0e8b3a1d,2026-08-14T12:00:00Z,EMAIL,24,1
VE_b88650efb9b608,VE_4fa2295cdf1979,IQ_135d4a97820502,2026-10-02T12:00:00Z,EMAIL,17,1
VE_b9d9599452f674,VE_c741402a6c12a6,IQ_942e78f7757950,2026-09-05T12:00:00Z,EMAIL,19,1
VE_ba114150ad0b36,VE_983800ac45775c,IQ_942e78f7757950,2026-10-05T12:00:00Z,EMAIL,29,1
VE_ba8e10588bf6aa,VE_a458a83ce0f04b,IQ_54291f6d98eec1,2026-07-25T12:00:00Z,EMAIL,20,1
VE_bacad12efc9111,VE_81bb42b4d03067,IQ_135d4a97820502,2026-09-28T12:00:00Z,EMAIL,23,1
VE_bb1ff332b7848d,VE_2a83df57539c57,IQ_54291f6d98eec1,2026-08-26T12:00:00Z,EMAIL,25,1
VE_bce726e264beb6,VE_ef15b7e7974b5e,IQ_135d4a97820502,2026-09-25T12:00:00Z,EMAIL,17,1
VE_bdfa37a8468c07,VE_762f6137cedac0,IQ_135d4a97820502,2026-09-02T12:00:00Z,EMAIL,27,1
VE_beacc266722c16,VE_3c1f574e00e61d,IQ_942e78f7757950,2026-08-27T12:00:00Z,EMAIL,16,1
VE_bfbe85b905dd99,VE_2b4a021b059e8d,IQ_135d4a97820502,2026-10-03T12:00:00Z,EMAIL,20,1
VE_c0fbc1f5b18762,VE_33050ef927a762,IQ_135d4a97820502,2026-10-10T12:00:00Z,EMAIL,16,1
VE_c1d64f461a4500,VE_00200d85af3a5e,IQ_135d4a97820502,2026-09-04T12:00:00Z,EMAIL,28,1
VE_c451d23fbc3b5a,VE_0642a2000cd8ac,IQ_135d4a97820502,2026-08-06T12:00:00Z,EMAIL,24,1
VE_c4bbe607510679,VE_e69f3c0c6bfa74,IQ_54291f6d98eec1,2026-10-03T12:00:00Z,EMAIL,26,1
VE_c5e67c5c6e1460,VE_a2c3a87dcd2ea9,IQ_20c20d0e8b3a1d,2026-08-27T12:00:00Z,EMAIL,22,1
VE_c6919632279ccb,VE_c9e6b9f6791e33,IQ_942e78f7757950,2026-08-07T12:00:00Z,EMAIL,19,1
VE_c849527b7f94a8,VE_c741402a6c12a6,IQ_20c20d0e8b3a1d,2026-10-10T12:00:00Z,EMAIL,25,1
VE_c92cfac657f3f1,VE_e69f3c0c6bfa74,IQ_54291f6d98eec1,2026-10-11T12:00:00Z,EMAIL,29,1
VE_c9437999622868,VE_fa7b71df3f49fe,IQ_20c20d0e8b3a1d,2026-10-08T12:00:00Z,EMAIL,24,1
VE_c9b876a71d5f26,VE_55b3a4a96dcd4b,IQ_942e78f7757950,2026-10-03T12:00:00Z,EMAIL,27,1
VE_ca420225bcb72f,VE_c4ed0f0cc1df2c,IQ_54291f6d98eec1,2026-10-09T12:00:00Z,EMAIL,25,1
VE_ca79ae63f89ad9,VE_f37614d88a5207,IQ_20c20d0e8b3a1d,2026-10-04T12:00:00Z,EMAIL,16,1
VE_cada00495992bb,VE_ecb874ff3e1b04,IQ_135d4a97820502,2026-10-05T12:00:00Z,EMAIL,22,1
VE_cb7a3ca007dc93,VE_d1df39975dc133,IQ_135d4a97820502,2026-10-10T12:00:00Z,EMAIL,24,1
VE_cbe49a4b6dab06,VE_4ae72a089dd8cb,IQ_20c20d0e8b3a1d,2026-08-31T12:00:00Z,EMAIL,11,1
VE_cbebdbdf74cdac,VE_7d706a6b6b20ba,IQ_54291f6d98eec1,2026-08-21T12:00:00Z,EMAIL,30,1
VE_cc12d417c7d379,VE_4ae72a089dd8cb,IQ_20c20d0e8b3a1d,2026-10-08T12:00:00Z,EMAIL,12,1
VE_cc2f3d4830277e,VE_d2f50255fa2ba4,IQ_942e78f7757950,2026-08-02T12:00:00Z,EMAIL,22,1
VE_cca52ee60277b5,VE_75c6827cd263b2,IQ_135d4a97820502,2026-08-29T12:00:00Z,EMAIL,26,1
VE_cd07aaf7d25fa5,VE_6884d78be1e27f,IQ_54291f6d98eec1,2026-10-02T12:00:00Z,EMAIL,23,1
VE_ce2e1ea01b3ad2,VE_5224307aa49566,IQ_942e78f7757950,2026-07-23T12:00:00Z,EMAIL,26,1
VE_ce3688462c16b9,VE_36e6cf63d8128b,IQ_54291f6d98eec1,2026-10-03T12:00:00Z,EMAIL,10,1
VE_cec5a70ed73a18,VE_ef15b7e7974b5e,IQ_135d4a97820502,2026-10-08T12:00:00Z,EMAIL,11,1
VE_cf21e89516e878,VE_5b53424a8fb530,IQ_54291f6d98eec1,2026-09-27T12:00:00Z,EMAIL,13,1
VE_d0474b181b0355,VE_55aba8abe027dc,IQ_942e78f7757950,2026-08-25T12:00:00Z,EMAIL,16,1
VE_d0fbb19bbfe612,VE_ef15b7e7974b5e,IQ_135d4a97820502,2026-08-18T00:00:00Z,EMAIL,15,1
VE_d1092f1a24cc46,VE_816a43cfa4bbba,IQ_942e78f7757950,2026-08-28T12:00:00Z,EMAIL,18,1
VE_d14206ff92d59d,VE_ac8319da259995,IQ_54291f6d98eec1,2026-09-18T12:00:00Z,EMAIL,24,1
VE_d1a044095591d5,VE_a3b69a88749cb3,IQ_54291f6d98eec1,2026-09-12T12:00:00Z,EMAIL,25,1
VE_d1dbb41eb70049,VE_100f0e81f859d7,IQ_942e78f7757950,2026-09-19T12:00:00Z,EMAIL,23,1
VE_d235ff52251133,VE_3c1f574e00e61d,IQ_942e78f7757950,2026-08-19T12:00:00Z,EMAIL,21,1
VE_d297757a3471cd,VE_0f62242676d406,IQ_942e78f7757950,2026-08-25T12:00:00Z,EMAIL,19,1
VE_d2b7d475155bfd,VE_71c6f2cbc212be,IQ_20c20d0e8b3a1d,2026-10-02T12:00:00Z,EMAIL,10,1
VE_d31ae077dd3ae2,VE_b30bbcd0283192,IQ_135d4a97820502,2026-10-11T12:00:00Z,EMAIL,15,1
VE_d3d6b1443b10a7,VE_d1df39975dc133,IQ_54291f6d98eec1,2026-09-05T12:00:00Z,EMAIL,13,1
VE_d44310ea4362ee,VE_4fa2295cdf1979,IQ_20c20d0e8b3a1d,2026-10-11T12:00:00Z,EMAIL,20,1
VE_d57277ec4a3ac1,VE_88d7ba522fc46c,IQ_20c20d0e8b3a1d,2026-09-01T12:00:00Z,EMAIL,21,1
VE_d58a711f91c403,VE_c666897cc2aab7,IQ_135d4a97820502,2026-09-24T12:00:00Z,EMAIL,23,1
VE_d6f3f1eda54745,VE_88d7ba522fc46c,IQ_20c20d0e8b3a1d,2026-08-10T12:00:00Z,EMAIL,11,1
VE_d6fb0db899fb58,VE_5b9bf1816d8032,IQ_135d4a97820502,2026-09-12T12:00:00Z,EMAIL,10,1
VE_d77239b795f814,VE_d2f60a2db02aef,IQ_135d4a97820502,2026-08-19T12:00:00Z,EMAIL,23,1
VE_d78c9e5e81dae1,VE_f37614d88a5207,IQ_20c20d0e8b3a1d,2026-08-14T12:00:00Z,EMAIL,20,1
VE_d79a43230c33f3,VE_762f6137cedac0,IQ_135d4a97820502,2026-10-04T12:00:00Z,EMAIL,23,1
VE_d7e50bd41b46b1,VE_2b4a021b059e8d,IQ_20c20d0e8b3a1d,2026-09-08T12:00:00Z,EMAIL,15,1
VE_d7e873a42febc5,VE_ba46ef34c727f4,IQ_942e78f7757950,2026-08-02T12:00:00Z,EMAIL,22,1
VE_d7edf851727829,VE_ec5e23b049025d,IQ_135d4a97820502,2026-10-09T12:00:00Z,EMAIL,15,1
VE_d842385e6a00cd,VE_36e6cf63d8128b,IQ_54291f6d98eec1,2026-10-07T12:00:00Z,EMAIL,10,1
VE_d84573424b6435,VE_c5029abcf98cbb,IQ_54291f6d98eec1,2026-08-17T12:00:00Z,EMAIL,26,1
VE_d8a8e39ff58643,VE_2a83df57539c57,IQ_54291f6d98eec1,2026-10-04T12:00:00Z,EMAIL,25,1
VE_d8e917be941c25,VE_648e26eb72a912,IQ_135d4a97820502,2026-09-07T12:00:00Z,EMAIL,27,1
VE_d93e46556d338e,VE_2a83df57539c57,IQ_54291f6d98eec1,2026-10-08T12:00:00Z,EMAIL,25,1
VE_d94684006d5d96,VE_68cbed40f85d0c,IQ_20c20d0e8b3a1d,2026-09-30T12:00:00Z,EMAIL,27,1
VE_d960d4c828b380,VE_c4ed0f0cc1df2c,IQ_20c20d0e8b3a1d,2026-08-05T12:00:00Z,EMAIL,23,1
VE_d9a03947e51df7,VE_55aba8abe027dc,IQ_942e78f7757950,2026-08-21T12:00:00Z,EMAIL,11,1
VE_d9b3fdf30e43a6,VE_81bb42b4d03067,IQ_135d4a97820502,2026-08-14T12:00:00Z,EMAIL,18,1
VE_d9cbb6b0b2be61,VE_a462cf78c4602e,IQ_20c20d0e8b3a1d,2026-07-28T12:00:00Z,EMAIL,20,1
VE_daba6c8c2a9baf,VE_10178ff56ce0e0,IQ_135d4a97820502,2026-10-03T12:00:00Z,EMAIL,16,1
VE_dac09bfafa041a,VE_461597a2f31e56,IQ_135d4a97820502,2026-10-09T12:00:00Z,EMAIL,27,1
VE_db064cab5dc06a,VE_fd4df5f794dcc5,IQ_20c20d0e8b3a1d,2026-10-05T12:00:00Z,EMAIL,11,1
VE_db24582e2552b1,VE_c7ffe93286345e,IQ_135d4a97820502,2026-10-05T12:00:00Z,EMAIL,10,1
VE_dc447cf520c951,VE_71533239b71955,IQ_942e78f7757950,2026-07-23T12:00:00Z,EMAIL,26,1
VE_dc594f5907ab74,VE_c5029abcf98cbb,IQ_54291f6d98eec1,2026-07-24T12:00:00Z,EMAIL,16,1
VE_dcb94d6bc1bcdb,VE_d0c66dff2154e0,IQ_135d4a97820502,2026-08-18T12:00:00Z,EMAIL,16,1
VE_de6429a446d8af,VE_d2f60a2db02aef,IQ_942e78f7757950,2026-10-11T12:00:00Z,EMAIL,14,1
VE_dea5f03c76687e,VE_f7b572b359e4e3,IQ_20c20d0e8b3a1d,2026-08-03T12:00:00Z,EMAIL,10,1
VE_debf4d535d74ea,VE_3db35dc532eeaa,IQ_54291f6d98eec1,2026-09-09T12:00:00Z,EMAIL,16,1
VE_df3a79db2cf34d,VE_ff1e01ba239fb4,IQ_135d4a97820502,2026-10-07T12:00:00Z,EMAIL,16,1
VE_df67768e6f018e,VE_e046679fa7995d,IQ_135d4a97820502,2026-08-04T12:00:00Z,EMAIL,19,1
VE_e00146d8d4e284,VE_c4ed0f0cc1df2c,IQ_20c20d0e8b3a1d,2026-08-15T12:00:00Z,EMAIL,28,1
VE_e0263e17c5780d,VE_02fcb1978f6c90,IQ_54291f6d98eec1,2026-09-12T12:00:00Z,EMAIL,13,1
VE_e077c4076bb683,VE_b1422f3824524b,IQ_942e78f7757950,2026-07-19T12:00:00Z,EMAIL,13,1
VE_e11be91567e2e5,VE_15d3c0fa902ddf,IQ_135d4a97820502,2026-10-06T12:00:00Z,EMAIL,25,1
VE_e1d5d3dddba04f,VE_81bb42b4d03067,IQ_135d4a97820502,2026-10-04T12:00:00Z,EMAIL,19,1
VE_e38d8f16a34e15,VE_a8c0b118f70e90,IQ_20c20d0e8b3a1d,2026-10-07T12:00:00Z,EMAIL,21,1
VE_e3989150837669,VE_6884d78be1e27f,IQ_54291f6d98eec1,2026-10-10T12:00:00Z,EMAIL,26,1
VE_e4bcdaf7bdf834,VE_c5029abcf98cbb,IQ_54291f6d98eec1,2026-08-23T12:00:00Z,EMAIL,21,1
VE_e4e9f6cd63d21a,VE_100f0e81f859d7,IQ_20c20d0e8b3a1d,2026-10-10T12:00:00Z,EMAIL,13,1
VE_e562d0fb95d95b,VE_5f0143593aa9a7,IQ_20c20d0e8b3a1d,2026-08-12T12:00:00Z,EMAIL,19,1
VE_e59588fb8ef3ee,VE_c21dfac4ce6526,IQ_54291f6d98eec1,2026-08-22T12:00:00Z,EMAIL,12,1
VE_e784cf6a8329b2,VE_100f0e81f859d7,IQ_942e78f7757950,2026-07-24T12:00:00Z,EMAIL,12,1
VE_e7f618b13f68d6,VE_adc8ea3fefbc67,IQ_20c20d0e8b3a1d,2026-07-20T12:00:00Z,EMAIL,21,1
VE_e89c39abde6035,VE_7d706a6b6b20ba,IQ_54291f6d98eec1,2026-09-21T12:00:00Z,EMAIL,20,1
VE_e9324211f2e4ce,VE_efc5c572b933a0,IQ_942e78f7757950,2026-10-09T12:00:00Z,EMAIL,26,1
VE_e9d7563773a57b,VE_648e26eb72a912,IQ_942e78f7757950,2026-10-11T12:00:00Z,EMAIL,18,1
VE_ea9d72498e9939,VE_ff74cf7f1992a8,IQ_54291f6d98eec1,2026-10-06T12:00:00Z,EMAIL,27,1
VE_eaafe6a27e4bd1,VE_2ab76b6dc62d3f,IQ_942e78f7757950,2026-08-20T12:00:00Z,EMAIL,18,1
VE_eab0d56f71edbe,VE_5d713f468b86c0,IQ_942e78f7757950,2026-10-05T12:00:00Z,EMAIL,25,1
VE_eba35dd2ed070e,VE_19aac240e21c2a,IQ_135d4a97820502,2026-08-14T12:00:00Z,EMAIL,14,1
VE_ec54aa1e4301d1,VE_c22fd8263ec79a,IQ_54291f6d98eec1,2026-07-29T12:00:00Z,EMAIL,17,1
VE_ec8d75659315eb,VE_a2c3a87dcd2ea9,IQ_54291f6d98eec1,2026-10-05T12:00:00Z,EMAIL,28,1
VE_ecc1dfd118edf0,VE_68cbed40f85d0c,IQ_20c20d0e8b3a1d,2026-07-25T12:00:00Z,EMAIL,22,1
VE_ed2c5ccec3c27a,VE_c259796efa90aa,IQ_942e78f7757950,2026-10-09T12:00:00Z,EMAIL,14,1
VE_ed47ece53b1d06,VE_c741402a6c12a6,IQ_20c20d0e8b3a1d,2026-10-06T12:00:00Z,EMAIL,22,1
VE_ee1431db68c79c,VE_13b9277a8de654,IQ_942e78f7757950,2026-10-11T12:00:00Z,EMAIL,14,1
VE_ee2d5e66966585,VE_5242a39c00d8d1,IQ_942e78f7757950,2026-10-02T12:00:00Z,EMAIL,20,1
VE_ef211f242bd121,VE_5d713f468b86c0,IQ_54291f6d98eec1,2026-09-23T12:00:00Z,EMAIL,28,1
VE_ef34b52acc7e08,VE_36e6cf63d8128b,IQ_942e78f7757950,2026-08-04T12:00:00Z,EMAIL,10,1
VE_f116acda9cbc42,VE_3286b39eada443,IQ_942e78f7757950,2026-09-15T12:00:00Z,EMAIL,11,1
VE_f179073917144a,VE_55b3a4a96dcd4b,IQ_942e78f7757950,2026-10-07T12:00:00Z,EMAIL,27,1
VE_f23276624b62dc,VE_10178ff56ce0e0,IQ_20c20d0e8b3a1d,2026-07-18T12:00:00Z,EMAIL,16,1
VE_f23d53dcb12a8f,VE_65d53058353f53,IQ_20c20d0e8b3a1d,2026-10-02T12:00:00Z,EMAIL,18,1
VE_f255ad7183bc54,VE_f6aa1bee7ea532,IQ_20c20d0e8b3a1d,2026-08-13T12:00:00Z,EMAIL,25,1
VE_f2693ad5174331,VE_c259796efa90aa,IQ_54291f6d98eec1,2026-09-07T12:00:00Z,EMAIL,16,1
VE_f30d72d9947f58,VE_c21dfac4ce6526,IQ_20c20d0e8b3a1d,2026-10-07T12:00:00Z,EMAIL,17,1
VE_f32475d038116b,VE_c666897cc2aab7,IQ_135d4a97820502,2026-07-29T12:00:00Z,EMAIL,13,1
VE_f342000f62e685,VE_c666897cc2aab7,IQ_135d4a97820502,2026-10-08T12:00:00Z,EMAIL,23,1
VE_f453c9781a689c,VE_b1422f3824524b,IQ_942e78f7757950,2026-08-25T12:00:00Z,EMAIL,29,1
VE_f5444cb2f41a15,VE_02fcb1978f6c90,IQ_54291f6d98eec1,2026-09-13T12:00:00Z,EMAIL,24,1
VE_f5f818b2709380,VE_762f6137cedac0,IQ_54291f6d98eec1,2026-10-09T12:00:00Z,EMAIL,24,2
VE_f61c41287be618,VE_c741402a6c12a6,IQ_942e78f7757950,2026-09-08T12:00:00Z,EMAIL,14,1
VE_f6a6b76dbd3092,VE_b1422f3824524b,IQ_942e78f7757950,2026-08-14T12:00:00Z,EMAIL,18,1
VE_f7bb271137090b,VE_fd4df5f794dcc5,IQ_20c20d0e8b3a1d,2026-10-09T12:00:00Z,EMAIL,12,1
VE_f8216d9afc8d3d,VE_866e2cf66246a5,IQ_942e78f7757950,2026-09-29T12:00:00Z,EMAIL,23,1
VE_f8dc1f7f9ffd3a,VE_e046679fa7995d,IQ_942e78f7757950,2026-10-07T12:00:00Z,EMAIL,23,1
VE_f9423a1445a4ca,VE_6884d78be1e27f,IQ_135d4a97820502,2026-09-23T12:00:00Z,EMAIL,25,1
VE_f9a34dcf000564,VE_816a43cfa4bbba,IQ_942e78f7757950,2026-07-27T12:00:00Z,EMAIL,28,1
VE_fa706e512ef123,VE_ecb874ff3e1b04,IQ_942e78f7757950,2026-08-14T12:00:00Z,EMAIL,15,1
VE_fb091cdfb5f687,VE_ba46ef34c727f4,IQ_942e78f7757950,2026-09-17T12:00:00Z,EMAIL,17,1
VE_fc102f512ad92d,VE_e046679fa7995d,IQ_135d4a97820502,2026-07-27T12:00:00Z,EMAIL,14,1
VE_fc48c948d245e7,VE_d1df39975dc133,IQ_135d4a97820502,2026-10-02T12:00:00Z,EMAIL,21,1
VE_fde435794cd0d7,VE_c3d97a4cba0334,IQ_942e78f7757950,2026-10-03T12:00:00Z,EMAIL,15,1
VE_fe14331afef635,VE_18dc7b377bf025,IQ_135d4a97820502,2026-08-03T12:00:00Z,EMAIL,17,1
VE_fe362201597c92,VE_2b4a021b059e8d,IQ_20c20d0e8b3a1d,2026-08-16T12:00:00Z,EMAIL,20,1
VE_fe68d57cd384ac,VE_265f423ad0ae7e,IQ_20c20d0e8b3a1d,2026-09-15T12:00:00Z,EMAIL,24,1
VE_fe96c9cdd617c1,VE_5b9bf1816d8032,IQ_942e78f7757950,2026-10-07T12:00:00Z,EMAIL,19,1
VE_ffb576d34b2a25,VE_ba46ef34c727f4,IQ_942e78f7757950,2026-10-04T12:00:00Z,EMAIL,18,1
VE_ffbb577fcb3d84,VE_ba46ef34c727f4,IQ_942e78f7757950,2026-10-08T12:00:00Z,EMAIL,18,1
VE_ffda4cd70af62c,VE_d2f60a2db02aef,IQ_54291f6d98eec1,2026-10-06T12:00:00Z,EMAIL,11,1
