activity_key,source_version,product_code,detail_rank
VE_9c8beb35885ee1,1,IQ_54291f6d98eec1,1
VE_3450c0805b94cc,1,IQ_942e78f7757950,1
VE_59baf3317dd984,1,IQ_135d4a97820502,1
VE_e4e9f6cd63d21a,1,IQ_20c20d0e8b3a1d,1
VE_510beebbb5d222,1,IQ_54291f6d98eec1,1
VE_88cf5f1a8d0b27,1,IQ_942e78f7757950,1
VE_c0fbc1f5b18762,1,IQ_135d4a97820502,1
VE_09f8e0ed69e8c9,1,IQ_20c20d0e8b3a1d,1
VE_2278d2bde55a0e,1,IQ_54291f6d98eec1,1
VE_9aa66c6a35030f,1,IQ_942e78f7757950,1
VE_4571b856b4b788,1,IQ_135d4a97820502,1
VE_8ff508afd7aaa3,1,IQ_20c20d0e8b3a1d,1
VE_8445b39877df04,1,IQ_54291f6d98eec1,1
VE_52f9a4cf717186,1,IQ_942e78f7757950,1
VE_cb7a3ca007dc93,1,IQ_135d4a97820502,1
VE_c849527b7f94a8,1,IQ_20c20d0e8b3a1d,1
VE_e3989150837669,1,IQ_54291f6d98eec1,1
VE_90af68cc071e5b,1,IQ_942e78f7757950,1
VE_ac3997b5950fb4,1,IQ_135d4a97820502,1
VE_0e7e5a3f30fd1d,1,IQ_20c20d0e8b3a1d,1
VE_aae09e56e9cac5,1,IQ_54291f6d98eec1,1
VE_5a90d1f0179dbc,1,IQ_942e78f7757950,1
VE_942effc7f5fd5a,1,IQ_135d4a97820502,1
VE_8e7e9307a4a859,1,IQ_20c20d0e8b3a1d,1
VE_f5f818b2709380,2,IQ_54291f6d98eec1,1
