scenario,record_key,reason
S01,VE_13df25ad76afa8,MISSING_CONSENT
S01,VE_14731e568af354,UNMATCHED_CUSTOMER
S01,VE_281da229faad54,UNMATCHED_CUSTOMER
S01,VE_2ad2268499ba65,MISSING_CONSENT
S01,VE_377136686311cb,UNMATCHED_CUSTOMER
S01,VE_3a726f9aa2c119,UNMATCHED_CUSTOMER
S01,VE_407db569cb23fc,UNMATCHED_CUSTOMER
S01,VE_487d71008bca17,WITHDRAWN_OR_UNKNOWN_CONSENT
S01,VE_52c4c46f8eb95a,MISSING_CONSENT
S01,VE_571d0b709dacd9,WITHDRAWN_OR_UNKNOWN_CONSENT
S01,VE_9244433751938f,UNMATCHED_CUSTOMER
S01,VE_a7c95e4c9d287e,MISSING_CONSENT
S01,VE_aacca5eaa0aa35,UNMATCHED_CUSTOMER
S01,VE_bb1ff332b7848d,UNMATCHED_CUSTOMER
S01,VE_ce2e1ea01b3ad2,UNMATCHED_CUSTOMER
S01,VE_d58a711f91c403,UNMATCHED_CUSTOMER
S01,VE_d8a8e39ff58643,UNMATCHED_CUSTOMER
S01,VE_e0263e17c5780d,WITHDRAWN_OR_UNKNOWN_CONSENT
S01,VE_f32475d038116b,UNMATCHED_CUSTOMER
S01,VE_f5444cb2f41a15,WITHDRAWN_OR_UNKNOWN_CONSENT
S02,VE_14731e568af354,UNKNOWN_PRODUCT
S02,VE_14731e568af354,UNMATCHED_CUSTOMER
S02,VE_281da229faad54,UNKNOWN_PRODUCT
S02,VE_281da229faad54,UNMATCHED_CUSTOMER
S02,VE_377136686311cb,UNMATCHED_CUSTOMER
S02,VE_3a726f9aa2c119,UNMATCHED_CUSTOMER
S02,VE_407db569cb23fc,UNMATCHED_CUSTOMER
S02,VE_9244433751938f,UNMATCHED_CUSTOMER
S02,VE_aacca5eaa0aa35,UNMATCHED_CUSTOMER
S02,VE_bb1ff332b7848d,UNMATCHED_CUSTOMER
S02,VE_ce2e1ea01b3ad2,UNMATCHED_CUSTOMER
S02,VE_d58a711f91c403,UNMATCHED_CUSTOMER
S02,VE_d8a8e39ff58643,UNMATCHED_CUSTOMER
S02,VE_f32475d038116b,UNMATCHED_CUSTOMER
S03,IQ_f4cb6e0d00a708,MISSING_TERRITORY
S04,VE_0095062fe46dc2,MISSING_REQUIRED
S04,VE_4a9ba63b0a800b,LATE_BEYOND_WINDOW
S05,SA_811ce35864b24c|SA_7bd2ae8d4b0459,UNMATCHED_MEMBER
S05,SA_d351b0c1f7862f|SA_7bd2ae8d4b0459,UNMATCHED_MEMBER
