activity_key,customer_key,activity_date,consent_status
VE_00483fc45bc547,IQ_9cfab99c88ecfa,2026-07-30,GRANTED
VE_004e2f680a07b0,IQ_39a96fcf75a9a5,2026-10-05,GRANTED
VE_0070fb970e50d9,IQ_90eb0591b897d4,2026-08-31,GRANTED
VE_00c935c1dc0fe6,IQ_fb9c5e296c0d40,2026-09-24,GRANTED
VE_018c7f3876931e,IQ_d7ec2fb9c64928,2026-10-13,GRANTED
VE_01bb38d5c834a2,IQ_3d4ddf185a627c,2026-10-12,GRANTED
VE_01f7caf9637df6,IQ_3716885bdeac28,2026-10-07,GRANTED
VE_0205a09178c238,IQ_bbf16dea36ebe6,2026-10-11,GRANTED
VE_02478bf71ca12e,IQ_eeb2a0b0f2ecd8,2026-10-04,GRANTED
VE_024ce65de5833f,IQ_b999195dfbc669,2026-10-07,GRANTED
VE_0273b3b97d01af,IQ_43970e05028a71,2026-08-22,GRANTED
VE_02915c184a5441,IQ_8e278d5ba4c860,2026-08-29,GRANTED
VE_02da382611e980,IQ_509a5e82c33b0a,2026-10-08,GRANTED
VE_02dcef88017a3c,IQ_4ecb0bfc8dd1b1,2026-10-07,GRANTED
VE_02f7ca9a492815,IQ_d8d4e5a826c8f9,2026-10-12,GRANTED
VE_030c68a357afd4,IQ_6b3bf7706ff616,2026-08-09,GRANTED
VE_05a9e04e68a29a,IQ_b999195dfbc669,2026-09-01,GRANTED
VE_05d3f23a56eae4,IQ_bbf16dea36ebe6,2026-10-06,GRANTED
VE_06289fd2c88fe6,IQ_cf446d2ff0e298,2026-10-11,GRANTED
VE_06524d98102d1c,IQ_094a9ccef25ce4,2026-10-07,GRANTED
VE_075e3dbb0aa166,IQ_8e278d5ba4c860,2026-10-13,GRANTED
VE_0792a6fc961a18,IQ_1ad8fd972ecd6a,2026-10-06,GRANTED
VE_08f3a0f3e066e9,IQ_6b3bf7706ff616,2026-09-09,GRANTED
VE_0990e9838ab293,IQ_f8746fa6d8ac04,2026-09-24,GRANTED
VE_09f8e0ed69e8c9,IQ_f8f7bb250ca8f2,2026-10-10,GRANTED
VE_0af5ae1d79c0c8,IQ_c0d0da0755d27e,2026-07-22,GRANTED
VE_0b2eb6efc42776,IQ_7456b6114ee921,2026-09-06,GRANTED
VE_0c67589ed09b15,IQ_12cb9c4a95124c,2026-09-11,GRANTED
VE_0c8b1c8e333998,IQ_eeb2a0b0f2ecd8,2026-10-08,GRANTED
VE_0d094a6e89ea99,IQ_a6543230d73012,2026-07-23,GRANTED
VE_0d467c168fc79f,IQ_36ada5c15a6636,2026-09-13,GRANTED
VE_0da34275a7e6e2,IQ_5f616459dc55d5,2026-08-08,GRANTED
VE_0dcc5fde576480,IQ_b999195dfbc669,2026-10-11,GRANTED
VE_0de6b1df078498,IQ_9738f9711a47cf,2026-10-12,GRANTED
VE_0debbf35662046,IQ_d8d4e5a826c8f9,2026-09-14,GRANTED
VE_0df20f7f881c60,IQ_08580b228e97d8,2026-08-23,GRANTED
VE_0e2cd4dd94827c,IQ_0dd2b8fa221f25,2026-07-20,GRANTED
VE_0e598c1760ea5b,IQ_1ad8fd972ecd6a,2026-07-31,GRANTED
VE_0e7e5a3f30fd1d,IQ_786571a47515e2,2026-10-10,GRANTED
VE_0f27f6db9beabb,IQ_b999195dfbc669,2026-10-03,GRANTED
VE_0fe971de2dc68f,IQ_3a78b487cced5b,2026-10-04,GRANTED
VE_0ff21e1c322871,IQ_3a78b487cced5b,2026-09-03,GRANTED
VE_10a1623fca7a91,IQ_4ecb0bfc8dd1b1,2026-09-10,GRANTED
VE_1112617e7d79d2,IQ_43970e05028a71,2026-10-05,GRANTED
VE_111d87b9a6a37f,IQ_e35dbf91fb46f8,2026-10-13,GRANTED
VE_114535a8a81eea,IQ_b129f52b9e347e,2026-09-26,GRANTED
VE_11468fd7ee3a54,IQ_509a5e82c33b0a,2026-10-12,GRANTED
VE_11be9f3971b456,IQ_a0a629b3034557,2026-07-27,GRANTED
VE_12fea680693639,IQ_26088422e4cdf9,2026-10-06,GRANTED
VE_144121b0a200dd,IQ_f07eaf14e693a5,2026-08-11,GRANTED
VE_14f024d8773581,IQ_d70ceade00121a,2026-09-17,GRANTED
VE_153d1ffdcab55c,IQ_08580b228e97d8,2026-10-11,GRANTED
VE_15a6ae24813a4f,IQ_b129f52b9e347e,2026-08-28,GRANTED
VE_15de10017dddec,IQ_d2fdc3f4fb6963,2026-10-05,GRANTED
VE_15e021df20dbd2,IQ_5d364b761e11b5,2026-10-02,GRANTED
VE_160a658b2d6154,IQ_e552f1ddf030fb,2026-10-13,GRANTED
VE_160bd5126bbc38,IQ_6b3bf7706ff616,2026-10-02,GRANTED
VE_1674e45bbcfcf4,IQ_f4cb6e0d00a708,2026-10-04,GRANTED
VE_1675b4479d5395,IQ_b8a09904e4cc44,2026-10-09,GRANTED
VE_16b7b50e5097e8,IQ_d18d2fb59cfe6e,2026-09-29,GRANTED
VE_17260575491e93,IQ_fb9c5e296c0d40,2026-10-12,GRANTED
VE_1743d349eba26c,IQ_f412bc7dfa9020,2026-08-24,GRANTED
VE_18c11ba8855836,IQ_b129f52b9e347e,2026-07-24,GRANTED
VE_18cf0fb28c8208,IQ_8ee2ef868089f8,2026-09-28,GRANTED
VE_1970db55eb516e,IQ_3dfa318285836d,2026-09-16,GRANTED
VE_1a0a10e0d373b0,IQ_68ae4cb00ee2a3,2026-10-11,GRANTED
VE_1aff7780944e5c,IQ_6e99471b5ac975,2026-10-13,GRANTED
VE_1b5ce990b3ca19,IQ_769ac94cb87c37,2026-10-08,GRANTED
VE_1b8995d9fc9743,IQ_b8a09904e4cc44,2026-10-05,GRANTED
VE_1bb447e1c66f29,IQ_73a7e08f759536,2026-08-07,GRANTED
VE_1c5d99e9a76288,IQ_f51ff3278100d8,2026-09-21,GRANTED
VE_1cd193f4a71650,IQ_98280845a4c8b5,2026-08-29,GRANTED
VE_1cd2ff71c3c61e,IQ_43970e05028a71,2026-10-13,GRANTED
VE_1d312c2732eb4d,IQ_bee67dd5b938ba,2026-09-08,GRANTED
VE_1d8b0094520013,IQ_0dd2b8fa221f25,2026-10-07,GRANTED
VE_1ebcdea3a5c001,IQ_69fdea3e549ac6,2026-09-11,GRANTED
VE_1ed96e47f5e456,IQ_18003b85127893,2026-08-11,GRANTED
VE_1f1181dc6535f5,IQ_2bf809008f4101,2026-07-29,GRANTED
VE_1f953fbc073bc3,IQ_769ac94cb87c37,2026-07-30,GRANTED
VE_1fc518c4ef1e2e,IQ_90eb0591b897d4,2026-10-05,GRANTED
VE_20bd2eafae9c8d,IQ_f8746fa6d8ac04,2026-10-08,GRANTED
VE_21ad5fb4f1bd99,IQ_abdd6f3d6ea2f9,2026-10-05,GRANTED
VE_21cd201c0f78a3,IQ_13e21692d46c20,2026-10-02,GRANTED
VE_21d43a2664cc21,IQ_cebb1fc978b824,2026-09-18,GRANTED
VE_2232b861ab3266,IQ_3dfa318285836d,2026-10-02,GRANTED
VE_223eb96ecb611e,IQ_98280845a4c8b5,2026-08-09,GRANTED
VE_2278d2bde55a0e,IQ_141a77be55dbba,2026-10-10,GRANTED
VE_22af7ee81eab2d,IQ_5e8494388814b7,2026-08-21,GRANTED
VE_2332c86e370f79,IQ_7a7aed33c59471,2026-10-02,GRANTED
VE_23982f095b65b2,IQ_8e278d5ba4c860,2026-10-04,GRANTED
VE_23e6a798eccd72,IQ_6b3bf7706ff616,2026-10-06,GRANTED
VE_2563ed752f0d28,IQ_e35dbf91fb46f8,2026-08-13,GRANTED
VE_25f31f4781d208,IQ_36ada5c15a6636,2026-09-07,GRANTED
VE_260d5066e1328d,IQ_a6543230d73012,2026-07-18,GRANTED
VE_2629e34d328f5b,IQ_92030316fdcdfe,2026-09-08,GRANTED
VE_26848802bb5097,IQ_3d4ddf185a627c,2026-10-07,GRANTED
VE_2695728bf08f5d,IQ_e552f1ddf030fb,2026-07-25,GRANTED
VE_269cf5cd886ed1,IQ_416297cb8e2ce2,2026-07-26,GRANTED
VE_26c3a78f30f5c4,IQ_9738f9711a47cf,2026-10-08,GRANTED
VE_2757c6f572237d,IQ_39a96fcf75a9a5,2026-07-23,GRANTED
VE_27d6e4818b86c3,IQ_98b4c8755fecdb,2026-10-09,GRANTED
VE_286366c88375ab,IQ_0a017a0ac7f565,2026-07-26,GRANTED
VE_298583a339fdfe,IQ_5e8494388814b7,2026-10-06,GRANTED
VE_29f0f920f5f4dc,IQ_7aac0aa23092b3,2026-10-07,GRANTED
VE_2a731c1aa2e24a,IQ_18003b85127893,2026-10-06,GRANTED
VE_2ac7890fa4c172,IQ_421f576734aa70,2026-07-26,GRANTED
VE_2cfaa7d3c9e974,IQ_c0d0da0755d27e,2026-10-04,GRANTED
VE_2cfe522afe83f4,IQ_dc42615e10696d,2026-08-31,GRANTED
VE_2d4bc7747d33f7,IQ_5f616459dc55d5,2026-10-06,GRANTED
VE_2da2cbb4afd7c4,IQ_cd3263114f74aa,2026-10-09,GRANTED
VE_2da93a98c95d01,IQ_18003b85127893,2026-07-30,GRANTED
VE_2e3b186ac7b810,IQ_0deeb3f895714d,2026-10-02,GRANTED
VE_2e9ad91a136bde,IQ_98280845a4c8b5,2026-08-16,GRANTED
VE_2efe96409a1e13,IQ_8e278d5ba4c860,2026-10-08,GRANTED
VE_2f48ddc257c089,IQ_9360e3fed994a8,2026-10-05,GRANTED
VE_2f4a257078d850,IQ_3dfa318285836d,2026-08-06,GRANTED
VE_2f4eae9b8fb25a,IQ_c0c5a4a429739c,2026-10-04,GRANTED
VE_3121094928fc69,IQ_7d957caf585d5f,2026-10-04,GRANTED
VE_318e2e4ac904e1,IQ_4848d214fab929,2026-07-20,GRANTED
VE_31c22ccaa0d435,IQ_9cfab99c88ecfa,2026-10-12,GRANTED
VE_320d609563c601,IQ_43970e05028a71,2026-10-09,GRANTED
VE_326f98ed1975e3,IQ_12cb9c4a95124c,2026-08-05,GRANTED
VE_3306d97e08f085,IQ_2f4b5d63410742,2026-10-08,GRANTED
VE_338985ee5a0759,IQ_c0d0da0755d27e,2026-10-12,GRANTED
VE_33d29fafa876fe,IQ_421f576734aa70,2026-10-05,GRANTED
VE_341799e4991f7b,IQ_d2fdc3f4fb6963,2026-08-13,GRANTED
VE_344b61eccc5621,IQ_509a5e82c33b0a,2026-09-06,GRANTED
VE_3450c0805b94cc,IQ_73a7e08f759536,2026-10-10,GRANTED
VE_348d40c845ee68,IQ_69fdea3e549ac6,2026-10-06,GRANTED
VE_34dc4e3af86166,IQ_0deeb3f895714d,2026-10-06,GRANTED
VE_35765da96ff062,IQ_08580b228e97d8,2026-10-03,GRANTED
VE_35c8b95070fa5f,IQ_0dd2b8fa221f25,2026-09-26,GRANTED
VE_35ff345fb2c075,IQ_3a78b487cced5b,2026-09-27,GRANTED
VE_360964c736dbd1,IQ_2f504035abf7db,2026-08-02,GRANTED
VE_36774b4b5441b3,IQ_4d5f03fbf84998,2026-10-07,GRANTED
VE_37d65d455464b0,IQ_786571a47515e2,2026-10-02,GRANTED
VE_382db139ddfda8,IQ_9fb9d375951c9f,2026-07-23,GRANTED
VE_38b1989d5174f4,IQ_13e21692d46c20,2026-08-28,GRANTED
VE_39b4d7e7e75b26,IQ_98b4c8755fecdb,2026-07-23,GRANTED
VE_39f6cc8152811d,IQ_0a017a0ac7f565,2026-09-16,GRANTED
VE_3a28bc6f89591b,IQ_2220dc90360c82,2026-10-08,GRANTED
VE_3aa897020b73b9,IQ_08580b228e97d8,2026-08-01,GRANTED
VE_3ab903cb86c781,IQ_69fdea3e549ac6,2026-09-11,GRANTED
VE_3ad8e65bba032b,IQ_68ae4cb00ee2a3,2026-10-02,GRANTED
VE_3bab56ec665594,IQ_4ecb0bfc8dd1b1,2026-10-11,GRANTED
VE_3be166b86438fc,IQ_5f616459dc55d5,2026-07-31,GRANTED
VE_3bfe6d7b510aa0,IQ_9738f9711a47cf,2026-08-23,GRANTED
VE_3c08c783da8c63,IQ_3716885bdeac28,2026-10-11,GRANTED
VE_3c3f39bf1c6de8,IQ_2f504035abf7db,2026-09-13,GRANTED
VE_3c9920cdd106a6,IQ_7aac0aa23092b3,2026-09-20,GRANTED
VE_3d1740bd6c58c0,IQ_04fbe99519f267,2026-10-07,GRANTED
VE_3d1bdf5cc9129e,IQ_728f393240bb1d,2026-10-04,GRANTED
VE_3d574f86f983d8,IQ_3adc52fba19d98,2026-07-28,GRANTED
VE_3d8257c48e8762,IQ_7d957caf585d5f,2026-10-08,GRANTED
VE_3d8dc7aca2cbd9,IQ_978447cff2fdd5,2026-09-22,GRANTED
VE_3f2f42f19d7c03,IQ_f8f7bb250ca8f2,2026-10-06,GRANTED
VE_409a814d917d3a,IQ_69fdea3e549ac6,2026-09-15,GRANTED
VE_4174d9fedc1abb,IQ_12cb9c4a95124c,2026-10-02,GRANTED
VE_42e293ca36b8ed,IQ_9360e3fed994a8,2026-09-22,GRANTED
VE_43ac1ca8880b00,IQ_c0c5a4a429739c,2026-10-08,GRANTED
VE_4470f28c183858,IQ_98b4c8755fecdb,2026-09-02,GRANTED
VE_44711b2fb816de,IQ_04fbe99519f267,2026-10-03,GRANTED
VE_451ce17aa468a4,IQ_cd3263114f74aa,2026-07-26,GRANTED
VE_4571b856b4b788,IQ_13e21692d46c20,2026-10-10,GRANTED
VE_45d86101351940,IQ_68ae4cb00ee2a3,2026-10-06,GRANTED
VE_463fa922dbf03a,IQ_cd3263114f74aa,2026-08-11,GRANTED
VE_4644d58ef28cb9,IQ_7456b6114ee921,2026-10-07,GRANTED
VE_46c429cde5d753,IQ_9fb9d375951c9f,2026-10-13,GRANTED
VE_47334a3302e46b,IQ_2f4b5d63410742,2026-10-03,GRANTED
VE_4797be69c35482,IQ_eeb2a0b0f2ecd8,2026-10-12,GRANTED
VE_481496e4a83812,IQ_69fdea3e549ac6,2026-10-02,GRANTED
VE_4823d326c7ca30,IQ_98b4c8755fecdb,2026-10-05,GRANTED
VE_489a372d683723,IQ_f8746fa6d8ac04,2026-09-08,GRANTED
VE_4919998abadb1d,IQ_2bf809008f4101,2026-10-11,GRANTED
VE_49510fcdfcdffc,IQ_08580b228e97d8,2026-08-30,GRANTED
VE_4a2598a5c0924d,IQ_c0c5a4a429739c,2026-10-12,GRANTED
VE_4a53de95f6ff98,IQ_094a9ccef25ce4,2026-10-03,GRANTED
VE_4ab4795ddee3d5,IQ_d70ceade00121a,2026-08-21,GRANTED
VE_4b07855f4fd991,IQ_d7ec2fb9c64928,2026-08-24,GRANTED
VE_4bd2e54c146ef0,IQ_9fb9d375951c9f,2026-08-25,GRANTED
VE_4bf0d7dff21fb5,IQ_63e125117381f1,2026-10-09,GRANTED
VE_4d304fb2c4b9e4,IQ_978447cff2fdd5,2026-10-02,GRANTED
VE_4e3a335df4d61e,IQ_19497683e93201,2026-09-18,GRANTED
VE_4efc9d92370139,IQ_bee67dd5b938ba,2026-10-04,GRANTED
VE_4fa90090127366,IQ_5e8494388814b7,2026-08-02,GRANTED
VE_4fe57c4674c296,IQ_509a5e82c33b0a,2026-08-20,GRANTED
VE_503f6f86753b9e,IQ_f4cb6e0d00a708,2026-10-12,GRANTED
VE_50c474068ebcb6,IQ_d8d4e5a826c8f9,2026-09-15,GRANTED
VE_510beebbb5d222,IQ_3adc52fba19d98,2026-10-10,GRANTED
VE_5176780135b757,IQ_b999195dfbc669,2026-08-26,GRANTED
VE_52943aeaca452a,IQ_91142399c21c7e,2026-10-08,GRANTED
VE_52f9a4cf717186,IQ_18003b85127893,2026-10-10,GRANTED
VE_53fbf3a6b1852c,IQ_7aac0aa23092b3,2026-08-11,GRANTED
VE_541a2f80cfa84d,IQ_8020ee5b2ab3b4,2026-08-01,GRANTED
VE_5475628825929a,IQ_769ac94cb87c37,2026-10-12,GRANTED
VE_54bdd501b17f6d,IQ_3d4ddf185a627c,2026-08-22,GRANTED
VE_5567a28208fb8a,IQ_3d4ddf185a627c,2026-10-03,GRANTED
VE_5631c671e0425d,IQ_90eb0591b897d4,2026-10-09,GRANTED
VE_58f7e612ec692d,IQ_98280845a4c8b5,2026-10-08,GRANTED
VE_591f65baa8a075,IQ_bbf16dea36ebe6,2026-08-05,GRANTED
VE_59baf3317dd984,IQ_dc42615e10696d,2026-10-10,GRANTED
VE_59d962ee6cc906,IQ_9738f9711a47cf,2026-08-24,GRANTED
VE_59e69b3bd97a4a,IQ_0deeb3f895714d,2026-08-08,GRANTED
VE_5a08c5f0b6d3e3,IQ_3dfa318285836d,2026-10-06,GRANTED
VE_5a90d1f0179dbc,IQ_6b3bf7706ff616,2026-10-10,GRANTED
VE_5c116b3bace348,IQ_13e21692d46c20,2026-08-18,GRANTED
VE_5cb76964a20361,IQ_141a77be55dbba,2026-10-06,GRANTED
VE_5d84bfa56554ec,IQ_63e125117381f1,2026-10-05,GRANTED
VE_5d9711d11ccab6,IQ_4d5f03fbf84998,2026-08-21,GRANTED
VE_5dc57cc847ca8e,IQ_5e1000fc0be969,2026-10-07,GRANTED
VE_5e6f0be52d8294,IQ_cf446d2ff0e298,2026-10-03,GRANTED
VE_5eb6dc812f2f2b,IQ_094a9ccef25ce4,2026-07-23,GRANTED
VE_5ee5b7d2a166ac,IQ_9fb9d375951c9f,2026-10-09,GRANTED
VE_5fcc5306282e95,IQ_cebb1fc978b824,2026-07-23,GRANTED
VE_60f8d949708a53,IQ_36ada5c15a6636,2026-10-05,GRANTED
VE_6149186411ceca,IQ_92030316fdcdfe,2026-09-06,GRANTED
VE_6184151ea37929,IQ_f8f7bb250ca8f2,2026-08-12,GRANTED
VE_6208512a4dd9d0,IQ_f412bc7dfa9020,2026-10-06,GRANTED
VE_62a0f3035fa17c,IQ_b8a09904e4cc44,2026-08-04,GRANTED
VE_62a60c1b1aefb7,IQ_a6543230d73012,2026-10-02,GRANTED
VE_6353b3d2e5d04b,IQ_8020ee5b2ab3b4,2026-10-03,GRANTED
VE_63653455eafacd,IQ_6e99471b5ac975,2026-10-05,GRANTED
VE_645392e2eb2b58,IQ_548359ef6f100c,2026-09-29,GRANTED
VE_6460e2e9d793e8,IQ_d7ec2fb9c64928,2026-10-09,GRANTED
VE_64fe4607f87c22,IQ_2bf809008f4101,2026-09-15,GRANTED
VE_654ffcedd1849e,IQ_421f576734aa70,2026-10-09,GRANTED
VE_67862224fde4fd,IQ_98280845a4c8b5,2026-10-03,GRANTED
VE_67e335fd38c79b,IQ_b6c2a3cd950815,2026-10-11,GRANTED
VE_6863e9302522b9,IQ_dc42615e10696d,2026-08-17,GRANTED
VE_68826f46c09493,IQ_9cfab99c88ecfa,2026-10-08,GRANTED
VE_69f5768e905cd2,IQ_39a96fcf75a9a5,2026-09-19,GRANTED
VE_6a2835be337a37,IQ_7552d7924c315f,2026-10-03,GRANTED
VE_6aa9a23c400bb2,IQ_0deeb3f895714d,2026-09-15,GRANTED
VE_6b6a225ec3d8b0,IQ_19497683e93201,2026-07-27,GRANTED
VE_6bf4e082a7a9da,IQ_c0c5a4a429739c,2026-09-12,GRANTED
VE_6c564a9e076311,IQ_c0c5a4a429739c,2026-08-26,GRANTED
VE_6c7fce45b04001,IQ_c0c5a4a429739c,2026-09-07,GRANTED
VE_6c865d760da2dd,IQ_f8f7bb250ca8f2,2026-08-01,GRANTED
VE_6c9e00b9fdbe4c,IQ_5e1000fc0be969,2026-10-11,GRANTED
VE_6d1ed4116d56fe,IQ_bee67dd5b938ba,2026-09-09,GRANTED
VE_6de19f6928474f,IQ_d7ec2fb9c64928,2026-07-26,GRANTED
VE_6e4a006d729cec,IQ_98b4c8755fecdb,2026-09-15,GRANTED
VE_6e9329a8900897,IQ_cf446d2ff0e298,2026-09-02,GRANTED
VE_6f63bd92b6c3b7,IQ_3716885bdeac28,2026-10-03,GRANTED
VE_70857273a3e5d6,IQ_63e125117381f1,2026-07-19,GRANTED
VE_710a8219f8eff6,IQ_7456b6114ee921,2026-10-03,GRANTED
VE_71501191be342c,IQ_f412bc7dfa9020,2026-08-10,GRANTED
VE_716d39412384d9,IQ_978447cff2fdd5,2026-07-18,GRANTED
VE_71957d803e155f,IQ_416297cb8e2ce2,2026-07-30,GRANTED
VE_71979d3e17c02c,IQ_3d4ddf185a627c,2026-09-29,GRANTED
VE_72890392d3025f,IQ_ad9b4b88d3a85e,2026-10-11,GRANTED
VE_72fd7c8d8c61a1,IQ_a0a629b3034557,2026-08-17,GRANTED
VE_73112d7dacc47d,IQ_9738f9711a47cf,2026-10-04,GRANTED
VE_736aa452d027c2,IQ_978447cff2fdd5,2026-07-23,GRANTED
VE_745f2d4f894353,IQ_2bf809008f4101,2026-07-24,GRANTED
VE_7524c08289b2fe,IQ_f412bc7dfa9020,2026-09-15,GRANTED
VE_7685478102f165,IQ_0a017a0ac7f565,2026-10-02,GRANTED
VE_76f28c45d07cdb,IQ_141a77be55dbba,2026-10-02,GRANTED
VE_76fb5e19dd2341,IQ_a6d0c3c9f640d2,2026-09-26,GRANTED
VE_771d939e712bf2,IQ_6e99471b5ac975,2026-08-12,GRANTED
VE_772d4c866d8a1a,IQ_5d364b761e11b5,2026-08-04,GRANTED
VE_78842d8bf709df,IQ_13e21692d46c20,2026-10-06,GRANTED
VE_789e81cd33f4e1,IQ_8020ee5b2ab3b4,2026-10-07,GRANTED
VE_79a7fd7f62a063,IQ_7aac0aa23092b3,2026-09-14,GRANTED
VE_7a3d627bcde4b9,IQ_141a77be55dbba,2026-08-19,GRANTED
VE_7acb425fd45ade,IQ_d8d4e5a826c8f9,2026-10-03,GRANTED
VE_7c73d4dd993d2b,IQ_1ad8fd972ecd6a,2026-08-28,GRANTED
VE_7c759a8ad68f88,IQ_728f393240bb1d,2026-09-07,GRANTED
VE_7d262ec8db3129,IQ_4ecb0bfc8dd1b1,2026-07-30,GRANTED
VE_7e205bf965004b,IQ_4848d214fab929,2026-10-02,GRANTED
VE_7ebdaa8ef8d282,IQ_9cfab99c88ecfa,2026-10-04,GRANTED
VE_7f837b4508c19b,IQ_416297cb8e2ce2,2026-10-06,GRANTED
VE_800906453789ad,IQ_548359ef6f100c,2026-10-07,GRANTED
VE_803d41e9ec543a,IQ_7d957caf585d5f,2026-09-09,GRANTED
VE_808f5cdaa3887e,IQ_a6543230d73012,2026-10-06,GRANTED
VE_80a8e7b3ef388c,IQ_9360e3fed994a8,2026-10-09,GRANTED
VE_8213a165069701,IQ_b6c2a3cd950815,2026-08-11,GRANTED
VE_82e02c28b709c6,IQ_f8746fa6d8ac04,2026-10-12,GRANTED
VE_83becbc71da0d9,IQ_ad9b4b88d3a85e,2026-08-07,GRANTED
VE_8445b39877df04,IQ_a6543230d73012,2026-10-10,GRANTED
VE_849bfbb6e66e20,IQ_548359ef6f100c,2026-10-12,GRANTED
VE_84af00081f1aef,IQ_b8a09904e4cc44,2026-08-24,GRANTED
VE_851f91a3fb69d7,IQ_bbf16dea36ebe6,2026-08-13,GRANTED
VE_85653470b63f44,IQ_ad9b4b88d3a85e,2026-08-24,GRANTED
VE_85b388eb0dd600,IQ_26088422e4cdf9,2026-09-10,GRANTED
VE_85fc8e7d961bed,IQ_7552d7924c315f,2026-10-07,GRANTED
VE_8628d586544aed,IQ_e552f1ddf030fb,2026-10-09,GRANTED
VE_863d8056531d0d,IQ_6e99471b5ac975,2026-09-21,GRANTED
VE_8682eebef199b3,IQ_b6c2a3cd950815,2026-09-20,GRANTED
VE_86e929ce68561f,IQ_abdd6f3d6ea2f9,2026-07-19,GRANTED
VE_86fb46277cae8f,IQ_9360e3fed994a8,2026-08-09,GRANTED
VE_876c7857ffd23c,IQ_f8746fa6d8ac04,2026-10-04,GRANTED
VE_876dbda6752392,IQ_63e125117381f1,2026-10-13,GRANTED
VE_8863aaf8e231a1,IQ_43970e05028a71,2026-08-22,GRANTED
VE_88cf5f1a8d0b27,IQ_5e8494388814b7,2026-10-10,GRANTED
VE_88d379777ca986,IQ_bbf16dea36ebe6,2026-10-02,GRANTED
VE_899a98b8246a80,IQ_8e278d5ba4c860,2026-07-21,GRANTED
VE_89d55d27bba581,IQ_e35dbf91fb46f8,2026-09-19,GRANTED
VE_8a429aa57e6287,IQ_3716885bdeac28,2026-09-30,GRANTED
VE_8a6e42ea226174,IQ_26088422e4cdf9,2026-07-19,GRANTED
VE_8a8243d1f70169,IQ_4ecb0bfc8dd1b1,2026-10-03,GRANTED
VE_8ae454d2240c41,IQ_f4cb6e0d00a708,2026-08-23,GRANTED
VE_8bbcb428c1c78d,IQ_7456b6114ee921,2026-10-11,GRANTED
VE_8c24e4107d3637,IQ_4d5f03fbf84998,2026-09-12,GRANTED
VE_8d7ae35e3a0a3a,IQ_8e278d5ba4c860,2026-08-05,GRANTED
VE_8d7b6e6470cb0b,IQ_13e21692d46c20,2026-07-28,GRANTED
VE_8d927e5577d3ed,IQ_39a96fcf75a9a5,2026-08-04,GRANTED
VE_8dabd8ce6934c9,IQ_2f504035abf7db,2026-10-05,GRANTED
VE_8de07c1e46bbbc,IQ_f4cb6e0d00a708,2026-09-18,GRANTED
VE_8e7e9307a4a859,IQ_416297cb8e2ce2,2026-10-10,GRANTED
VE_8fad16f0522f39,IQ_d70ceade00121a,2026-10-06,GRANTED
VE_8fe8b8d176ac9d,IQ_2f504035abf7db,2026-10-09,GRANTED
VE_8ff311227821a1,IQ_0dd2b8fa221f25,2026-10-03,GRANTED
VE_8ff508afd7aaa3,IQ_5f616459dc55d5,2026-10-10,GRANTED
VE_9001b2095a8df4,IQ_7552d7924c315f,2026-10-11,GRANTED
VE_908d2db37325e7,IQ_7d957caf585d5f,2026-07-25,GRANTED
VE_90a34ff1364403,IQ_e552f1ddf030fb,2026-08-13,GRANTED
VE_90af68cc071e5b,IQ_26088422e4cdf9,2026-10-10,GRANTED
VE_9135fd2f206592,IQ_abdd6f3d6ea2f9,2026-10-09,GRANTED
VE_91456762635e05,IQ_2f4b5d63410742,2026-09-21,GRANTED
VE_9151b6f24e42b8,IQ_73a7e08f759536,2026-07-18,GRANTED
VE_923102ea29460a,IQ_19497683e93201,2026-10-04,GRANTED
VE_92c80e8ca4d2df,IQ_eeb2a0b0f2ecd8,2026-10-01,GRANTED
VE_938d25ef3b8d4d,IQ_0a017a0ac7f565,2026-07-21,GRANTED
VE_939525eba8765a,IQ_bee67dd5b938ba,2026-08-17,GRANTED
VE_93dcd5049f45c1,IQ_9738f9711a47cf,2026-09-07,GRANTED
VE_942ae9040c88df,IQ_728f393240bb1d,2026-10-08,GRANTED
VE_942effc7f5fd5a,IQ_3dfa318285836d,2026-10-10,GRANTED
VE_94952fb4eda654,IQ_f51ff3278100d8,2026-07-29,GRANTED
VE_9497d2af32d8fd,IQ_094a9ccef25ce4,2026-08-24,GRANTED
VE_953d75e08d364a,IQ_a6d0c3c9f640d2,2026-10-13,GRANTED
VE_9608b9d9ddeb7f,IQ_728f393240bb1d,2026-10-13,GRANTED
VE_96cf2cb31a1c02,IQ_3adc52fba19d98,2026-10-06,GRANTED
VE_970fb9aa90fca8,IQ_b8a09904e4cc44,2026-10-13,GRANTED
VE_9837bc49520882,IQ_5e1000fc0be969,2026-10-03,GRANTED
VE_985a0ec2b935e0,IQ_7a7aed33c59471,2026-08-19,GRANTED
VE_98bfe90305d57f,IQ_cebb1fc978b824,2026-10-02,GRANTED
VE_98fe0dd3bf3ba6,IQ_7d957caf585d5f,2026-10-12,GRANTED
VE_9903fa458ab76e,IQ_5d364b761e11b5,2026-09-04,GRANTED
VE_996cff4d2cf8ba,IQ_094a9ccef25ce4,2026-10-11,GRANTED
VE_99ad215d2019a4,IQ_2f504035abf7db,2026-08-06,GRANTED
VE_9a3dac72ff921a,IQ_26088422e4cdf9,2026-10-02,GRANTED
VE_9a91fc04afd295,IQ_8020ee5b2ab3b4,2026-09-07,GRANTED
VE_9aa66c6a35030f,IQ_0deeb3f895714d,2026-10-10,GRANTED
VE_9b2009896ebfb8,IQ_2220dc90360c82,2026-07-26,GRANTED
VE_9b2426171b4101,IQ_141a77be55dbba,2026-07-26,GRANTED
VE_9b53e307f77281,IQ_8020ee5b2ab3b4,2026-08-18,GRANTED
VE_9c4bbe35798548,IQ_2220dc90360c82,2026-10-12,GRANTED
VE_9c8beb35885ee1,IQ_36ada5c15a6636,2026-10-10,GRANTED
VE_9c90933b48dfe3,IQ_73a7e08f759536,2026-10-05,GRANTED
VE_9dff0c14b87d2d,IQ_7a7aed33c59471,2026-08-28,GRANTED
VE_9e189037a00c10,IQ_786571a47515e2,2026-09-15,GRANTED
VE_9fe9bc9d553df3,IQ_9fb9d375951c9f,2026-10-05,GRANTED
VE_a077bc0da413f0,IQ_dc42615e10696d,2026-10-05,GRANTED
VE_a0acc0c1226a4c,IQ_786571a47515e2,2026-10-06,GRANTED
VE_a137de40d04863,IQ_91142399c21c7e,2026-08-21,GRANTED
VE_a1f86e3371ec70,IQ_d18d2fb59cfe6e,2026-10-05,GRANTED
VE_a22f59d418ded1,IQ_f07eaf14e693a5,2026-10-13,GRANTED
VE_a253d16e23843e,IQ_f07eaf14e693a5,2026-09-10,GRANTED
VE_a28c0280430218,IQ_18003b85127893,2026-09-15,GRANTED
VE_a33c6859b51658,IQ_a0a629b3034557,2026-07-25,GRANTED
VE_a347b8135401fd,IQ_3adc52fba19d98,2026-08-10,GRANTED
VE_a3c8f02276e595,IQ_a6d0c3c9f640d2,2026-09-15,GRANTED
VE_a3f6e9d321857b,IQ_b8a09904e4cc44,2026-09-11,GRANTED
VE_a42408ecf32424,IQ_8020ee5b2ab3b4,2026-10-11,GRANTED
VE_a4271e321ad6b6,IQ_68ae4cb00ee2a3,2026-08-29,GRANTED
VE_a560face4f0e91,IQ_12cb9c4a95124c,2026-10-11,GRANTED
VE_a5e92d5315a189,IQ_f51ff3278100d8,2026-09-10,GRANTED
VE_a622e05a67b1d2,IQ_dc42615e10696d,2026-07-20,GRANTED
VE_a6442e3b448b4f,IQ_a6d0c3c9f640d2,2026-10-05,GRANTED
VE_a6cc169487b75b,IQ_3a78b487cced5b,2026-10-08,GRANTED
VE_a704582411a54e,IQ_04fbe99519f267,2026-10-11,GRANTED
VE_a7457ef6a8e7be,IQ_a6d0c3c9f640d2,2026-09-14,GRANTED
VE_a795104c22b404,IQ_5d364b761e11b5,2026-10-07,GRANTED
VE_a7a634cf742e75,IQ_3dfa318285836d,2026-09-11,GRANTED
VE_a8252b8ce119a6,IQ_421f576734aa70,2026-09-24,GRANTED
VE_a850f4e80818df,IQ_2220dc90360c82,2026-08-27,GRANTED
VE_aae09e56e9cac5,IQ_978447cff2fdd5,2026-10-10,GRANTED
VE_aaef114e84ffe2,IQ_d2fdc3f4fb6963,2026-10-09,GRANTED
VE_ab209422e618fd,IQ_f4cb6e0d00a708,2026-07-19,GRANTED
VE_ab80f970fdd562,IQ_509a5e82c33b0a,2026-10-03,GRANTED
VE_ac3997b5950fb4,IQ_0a017a0ac7f565,2026-10-10,GRANTED
VE_ac7e1cbf74ac1a,IQ_2f4b5d63410742,2026-08-19,GRANTED
VE_acc401215e6ecc,IQ_f07eaf14e693a5,2026-10-09,GRANTED
VE_ad332844b9384b,IQ_92030316fdcdfe,2026-10-04,GRANTED
VE_ad406b5deece66,IQ_9cfab99c88ecfa,2026-08-20,GRANTED
VE_adaa01c4fa93ca,IQ_90eb0591b897d4,2026-09-01,GRANTED
VE_ae24de7069360c,IQ_7552d7924c315f,2026-08-20,GRANTED
VE_aeb423a47b34f0,IQ_548359ef6f100c,2026-09-12,GRANTED
VE_aec39cd9685e53,IQ_12cb9c4a95124c,2026-08-06,GRANTED
VE_aed19b5c7ba91b,IQ_0deeb3f895714d,2026-08-11,GRANTED
VE_afd1d17bd5887b,IQ_4ecb0bfc8dd1b1,2026-08-09,GRANTED
VE_b0cf279cfe2cc8,IQ_4d5f03fbf84998,2026-07-24,GRANTED
VE_b1128d8c920eb9,IQ_5d364b761e11b5,2026-10-11,GRANTED
VE_b207125b6da1c7,IQ_6b3bf7706ff616,2026-07-28,GRANTED
VE_b2643f45a200a4,IQ_92030316fdcdfe,2026-08-23,GRANTED
VE_b2693df54d2356,IQ_68ae4cb00ee2a3,2026-08-10,GRANTED
VE_b2c9a18bbc7b57,IQ_f51ff3278100d8,2026-10-09,GRANTED
VE_b2cad8727f5e04,IQ_5f616459dc55d5,2026-08-21,GRANTED
VE_b330c7e29aa6a4,IQ_d2fdc3f4fb6963,2026-08-17,GRANTED
VE_b3e22e05d48562,IQ_8ee2ef868089f8,2026-10-04,GRANTED
VE_b3f026ed704bbd,IQ_a6d0c3c9f640d2,2026-10-09,GRANTED
VE_b42068ccb708ce,IQ_3a78b487cced5b,2026-10-13,GRANTED
VE_b51e477efa9c4b,IQ_b129f52b9e347e,2026-10-13,GRANTED
VE_b5c6e9f3a8a4ae,IQ_9fb9d375951c9f,2026-07-27,GRANTED
VE_b5fe9976978931,IQ_a0a629b3034557,2026-10-07,GRANTED
VE_b795cb43bd245f,IQ_0dd2b8fa221f25,2026-09-30,GRANTED
VE_b7abdb5cf3a4a3,IQ_04fbe99519f267,2026-08-14,GRANTED
VE_b88650efb9b608,IQ_a0a629b3034557,2026-10-02,GRANTED
VE_b9d9599452f674,IQ_4848d214fab929,2026-09-05,GRANTED
VE_ba114150ad0b36,IQ_f07eaf14e693a5,2026-10-05,GRANTED
VE_ba8e10588bf6aa,IQ_d2fdc3f4fb6963,2026-07-25,GRANTED
VE_bacad12efc9111,IQ_91142399c21c7e,2026-09-28,GRANTED
VE_bce726e264beb6,IQ_c0d0da0755d27e,2026-09-25,GRANTED
VE_bdfa37a8468c07,IQ_e35dbf91fb46f8,2026-09-02,GRANTED
VE_beacc266722c16,IQ_728f393240bb1d,2026-08-27,GRANTED
VE_bfbe85b905dd99,IQ_769ac94cb87c37,2026-10-03,GRANTED
VE_c0fbc1f5b18762,IQ_f412bc7dfa9020,2026-10-10,GRANTED
VE_c1d64f461a4500,IQ_141a77be55dbba,2026-09-04,GRANTED
VE_c31f9105fa995f,IQ_39a96fcf75a9a5,2026-10-13,GRANTED
VE_c451d23fbc3b5a,IQ_3adc52fba19d98,2026-08-06,GRANTED
VE_c4bbe607510679,IQ_7aac0aa23092b3,2026-10-03,GRANTED
VE_c5e67c5c6e1460,IQ_e552f1ddf030fb,2026-08-27,GRANTED
VE_c6919632279ccb,IQ_421f576734aa70,2026-08-07,GRANTED
VE_c849527b7f94a8,IQ_4848d214fab929,2026-10-10,GRANTED
VE_c92cfac657f3f1,IQ_7aac0aa23092b3,2026-10-11,GRANTED
VE_c9437999622868,IQ_f4cb6e0d00a708,2026-10-08,GRANTED
VE_c9b876a71d5f26,IQ_2bf809008f4101,2026-10-03,GRANTED
VE_ca420225bcb72f,IQ_8ee2ef868089f8,2026-10-09,GRANTED
VE_ca79ae63f89ad9,IQ_2220dc90360c82,2026-10-04,GRANTED
VE_cada00495992bb,IQ_d7ec2fb9c64928,2026-10-05,GRANTED
VE_cb3d006346befc,IQ_8ee2ef868089f8,2026-10-13,GRANTED
VE_cb7a3ca007dc93,IQ_1ad8fd972ecd6a,2026-10-10,GRANTED
VE_cbe49a4b6dab06,IQ_19497683e93201,2026-08-31,GRANTED
VE_cbebdbdf74cdac,IQ_7552d7924c315f,2026-08-21,GRANTED
VE_cc12d417c7d379,IQ_19497683e93201,2026-10-08,GRANTED
VE_cc2f3d4830277e,IQ_509a5e82c33b0a,2026-08-02,GRANTED
VE_cca52ee60277b5,IQ_9360e3fed994a8,2026-08-29,GRANTED
VE_cd07aaf7d25fa5,IQ_d70ceade00121a,2026-10-02,GRANTED
VE_ce3688462c16b9,IQ_b6c2a3cd950815,2026-10-03,GRANTED
VE_cec5a70ed73a18,IQ_c0d0da0755d27e,2026-10-08,GRANTED
VE_cf21e89516e878,IQ_3716885bdeac28,2026-09-27,GRANTED
VE_d0474b181b0355,IQ_63e125117381f1,2026-08-25,GRANTED
VE_d0fbb19bbfe612,IQ_c0d0da0755d27e,2026-08-18,GRANTED
VE_d1092f1a24cc46,IQ_786571a47515e2,2026-08-28,GRANTED
VE_d14206ff92d59d,IQ_43970e05028a71,2026-09-18,GRANTED
VE_d1877ca0086f7c,IQ_4d5f03fbf84998,2026-10-12,GRANTED
VE_d1a044095591d5,IQ_bbf16dea36ebe6,2026-09-12,GRANTED
VE_d1dbb41eb70049,IQ_d18d2fb59cfe6e,2026-09-19,GRANTED
VE_d235ff52251133,IQ_728f393240bb1d,2026-08-19,GRANTED
VE_d297757a3471cd,IQ_5d364b761e11b5,2026-08-25,GRANTED
VE_d2b7d475155bfd,IQ_416297cb8e2ce2,2026-10-02,GRANTED
VE_d31ae077dd3ae2,IQ_69fdea3e549ac6,2026-10-11,GRANTED
VE_d3d6b1443b10a7,IQ_1ad8fd972ecd6a,2026-09-05,GRANTED
VE_d44310ea4362ee,IQ_a0a629b3034557,2026-10-11,GRANTED
VE_d4915fa57acd6c,IQ_bee67dd5b938ba,2026-10-13,GRANTED
VE_d57277ec4a3ac1,IQ_7456b6114ee921,2026-09-01,GRANTED
VE_d6f3f1eda54745,IQ_7456b6114ee921,2026-08-10,GRANTED
VE_d6fb0db899fb58,IQ_ad9b4b88d3a85e,2026-09-12,GRANTED
VE_d77239b795f814,IQ_cebb1fc978b824,2026-08-19,GRANTED
VE_d78c9e5e81dae1,IQ_2220dc90360c82,2026-08-14,GRANTED
VE_d79a43230c33f3,IQ_e35dbf91fb46f8,2026-10-04,GRANTED
VE_d7e50bd41b46b1,IQ_769ac94cb87c37,2026-09-08,GRANTED
VE_d7e873a42febc5,IQ_fb9c5e296c0d40,2026-08-02,GRANTED
VE_d7ed2131b476d0,IQ_19497683e93201,2026-10-12,GRANTED
VE_d7edf851727829,IQ_39a96fcf75a9a5,2026-10-09,GRANTED
VE_d842385e6a00cd,IQ_b6c2a3cd950815,2026-10-07,GRANTED
VE_d84573424b6435,IQ_5e1000fc0be969,2026-08-17,GRANTED
VE_d8e917be941c25,IQ_7a7aed33c59471,2026-09-07,GRANTED
VE_d94684006d5d96,IQ_abdd6f3d6ea2f9,2026-09-30,GRANTED
VE_d960d4c828b380,IQ_8ee2ef868089f8,2026-08-05,GRANTED
VE_d9a03947e51df7,IQ_63e125117381f1,2026-08-21,GRANTED
VE_d9b3fdf30e43a6,IQ_91142399c21c7e,2026-08-14,GRANTED
VE_d9cbb6b0b2be61,IQ_094a9ccef25ce4,2026-07-28,GRANTED
VE_daba6c8c2a9baf,IQ_548359ef6f100c,2026-10-03,GRANTED
VE_dac09bfafa041a,IQ_92030316fdcdfe,2026-10-09,GRANTED
VE_db064cab5dc06a,IQ_b129f52b9e347e,2026-10-05,GRANTED
VE_db24582e2552b1,IQ_f51ff3278100d8,2026-10-05,GRANTED
VE_db73b39244e08f,IQ_92030316fdcdfe,2026-10-13,GRANTED
VE_dc447cf520c951,IQ_68ae4cb00ee2a3,2026-07-23,GRANTED
VE_dc594f5907ab74,IQ_5e1000fc0be969,2026-07-24,GRANTED
VE_dcb94d6bc1bcdb,IQ_a6543230d73012,2026-08-18,GRANTED
VE_dcdc418c09e38a,IQ_91142399c21c7e,2026-10-13,GRANTED
VE_dea5f03c76687e,IQ_73a7e08f759536,2026-08-03,GRANTED
VE_debf4d535d74ea,IQ_f8746fa6d8ac04,2026-09-09,GRANTED
VE_df3a79db2cf34d,IQ_12cb9c4a95124c,2026-10-07,GRANTED
VE_df67768e6f018e,IQ_cf446d2ff0e298,2026-08-04,GRANTED
VE_e00146d8d4e284,IQ_8ee2ef868089f8,2026-08-15,GRANTED
VE_e077c4076bb683,IQ_eeb2a0b0f2ecd8,2026-07-19,GRANTED
VE_e11be91567e2e5,IQ_0a017a0ac7f565,2026-10-06,GRANTED
VE_e1d5d3dddba04f,IQ_91142399c21c7e,2026-10-04,GRANTED
VE_e38d8f16a34e15,IQ_08580b228e97d8,2026-10-07,GRANTED
VE_e3989150837669,IQ_d70ceade00121a,2026-10-10,GRANTED
VE_e4bcdaf7bdf834,IQ_5e1000fc0be969,2026-08-23,GRANTED
VE_e4e9f6cd63d21a,IQ_d18d2fb59cfe6e,2026-10-10,GRANTED
VE_e562d0fb95d95b,IQ_04fbe99519f267,2026-08-12,GRANTED
VE_e59588fb8ef3ee,IQ_d8d4e5a826c8f9,2026-08-22,GRANTED
VE_e784cf6a8329b2,IQ_d18d2fb59cfe6e,2026-07-24,GRANTED
VE_e7f618b13f68d6,IQ_26088422e4cdf9,2026-07-20,GRANTED
VE_e81537871d0b11,IQ_2f504035abf7db,2026-10-13,GRANTED
VE_e89c39abde6035,IQ_7552d7924c315f,2026-09-21,GRANTED
VE_e9324211f2e4ce,IQ_bee67dd5b938ba,2026-10-09,GRANTED
VE_e9d7563773a57b,IQ_7a7aed33c59471,2026-10-11,GRANTED
VE_ea9d72498e9939,IQ_978447cff2fdd5,2026-10-06,GRANTED
VE_eaafe6a27e4bd1,IQ_3d4ddf185a627c,2026-08-20,GRANTED
VE_eab0d56f71edbe,IQ_cd3263114f74aa,2026-10-05,GRANTED
VE_eba35dd2ed070e,IQ_2f4b5d63410742,2026-08-14,GRANTED
VE_ec54aa1e4301d1,IQ_9cfab99c88ecfa,2026-07-29,GRANTED
VE_ec8d75659315eb,IQ_e552f1ddf030fb,2026-10-05,GRANTED
VE_ec8db64741eb61,IQ_98280845a4c8b5,2026-10-12,GRANTED
VE_ecc1dfd118edf0,IQ_abdd6f3d6ea2f9,2026-07-25,GRANTED
VE_ed2c5ccec3c27a,IQ_6e99471b5ac975,2026-10-09,GRANTED
VE_ed47ece53b1d06,IQ_4848d214fab929,2026-10-06,GRANTED
VE_ee1431db68c79c,IQ_0dd2b8fa221f25,2026-10-11,GRANTED
VE_ee2d5e66966585,IQ_18003b85127893,2026-10-02,GRANTED
VE_ef211f242bd121,IQ_cd3263114f74aa,2026-09-23,GRANTED
VE_ef34b52acc7e08,IQ_b6c2a3cd950815,2026-08-04,GRANTED
VE_ef5858fae150e4,IQ_f51ff3278100d8,2026-10-13,GRANTED
VE_efca227e332df3,IQ_90eb0591b897d4,2026-10-13,GRANTED
VE_f116acda9cbc42,IQ_f8f7bb250ca8f2,2026-09-15,GRANTED
VE_f179073917144a,IQ_2bf809008f4101,2026-10-07,GRANTED
VE_f23276624b62dc,IQ_548359ef6f100c,2026-07-18,GRANTED
VE_f23d53dcb12a8f,IQ_5f616459dc55d5,2026-10-02,GRANTED
VE_f2693ad5174331,IQ_6e99471b5ac975,2026-09-07,GRANTED
VE_f30d72d9947f58,IQ_d8d4e5a826c8f9,2026-10-07,GRANTED
VE_f3ab643b665219,IQ_98b4c8755fecdb,2026-10-13,GRANTED
VE_f453c9781a689c,IQ_eeb2a0b0f2ecd8,2026-08-25,GRANTED
VE_f5f818b2709380,IQ_e35dbf91fb46f8,2026-10-09,GRANTED
VE_f61c41287be618,IQ_4848d214fab929,2026-09-08,GRANTED
VE_f6a6b76dbd3092,IQ_eeb2a0b0f2ecd8,2026-08-14,GRANTED
VE_f72030fd5438d0,IQ_d2fdc3f4fb6963,2026-10-13,GRANTED
VE_f7bb271137090b,IQ_b129f52b9e347e,2026-10-09,GRANTED
VE_f802269ab95b06,IQ_2f4b5d63410742,2026-10-12,GRANTED
VE_f8216d9afc8d3d,IQ_b999195dfbc669,2026-09-29,GRANTED
VE_f8dc1f7f9ffd3a,IQ_cf446d2ff0e298,2026-10-07,GRANTED
VE_f9423a1445a4ca,IQ_d70ceade00121a,2026-09-23,GRANTED
VE_f9a34dcf000564,IQ_786571a47515e2,2026-07-27,GRANTED
VE_fa706e512ef123,IQ_d7ec2fb9c64928,2026-08-14,GRANTED
VE_fb091cdfb5f687,IQ_fb9c5e296c0d40,2026-09-17,GRANTED
VE_fc102f512ad92d,IQ_cf446d2ff0e298,2026-07-27,GRANTED
VE_fc48c948d245e7,IQ_1ad8fd972ecd6a,2026-10-02,GRANTED
VE_fde435794cd0d7,IQ_4d5f03fbf84998,2026-10-03,GRANTED
VE_fe14331afef635,IQ_90eb0591b897d4,2026-08-03,GRANTED
VE_fe362201597c92,IQ_769ac94cb87c37,2026-08-16,GRANTED
VE_fe68d57cd384ac,IQ_3a78b487cced5b,2026-09-15,GRANTED
VE_fe96c9cdd617c1,IQ_ad9b4b88d3a85e,2026-10-07,GRANTED
VE_ffb576d34b2a25,IQ_fb9c5e296c0d40,2026-10-04,GRANTED
VE_ffbb577fcb3d84,IQ_fb9c5e296c0d40,2026-10-08,GRANTED
VE_ffda4cd70af62c,IQ_cebb1fc978b824,2026-10-06,GRANTED
